0000
0007
000f
0016
001e
0025
002d
0034
003c
0043
004b
0052
0059
0061
0068
0070
0077
007f
0086
008e
0095
009c
00a4
00ab
00b3
00ba
00c2
00c9
00d0
00d8
00df
00e7
00ee
00f6
00fd
0104
010c
0113
011b
0122
0129
0131
0138
0140
0147
014e
0156
015d
0164
016c
0173
017b
0182
0189
0191
0198
019f
01a7
01ae
01b5
01bd
01c4
01cb
01d3
01da
01e1
01e9
01f0
01f7
01ff
0206
020d
0214
021c
0223
022a
0231
0239
0240
0247
024e
0256
025d
0264
026b
0273
027a
0281
0288
028f
0296
029e
02a5
02ac
02b3
02ba
02c1
02c9
02d0
02d7
02de
02e5
02ec
02f3
02fa
0301
0309
0310
0317
031e
0325
032c
0333
033a
0341
0348
034f
0356
035d
0364
036b
0372
0379
0380
0387
038d
0394
039b
03a2
03a9
03b0
03b7
03be
03c5
03cb
03d2
03d9
03e0
03e7
03ee
03f4
03fb
0402
0409
040f
0416
041d
0424
042a
0431
0438
043f
0445
044c
0453
0459
0460
0466
046d
0474
047a
0481
0487
048e
0495
049b
04a2
04a8
04af
04b5
04bc
04c2
04c9
04cf
04d5
04dc
04e2
04e9
04ef
04f6
04fc
0502
0509
050f
0515
051c
0522
0528
052f
0535
053b
0541
0547
054e
0554
055a
0560
0566
056d
0573
0579
057f
0585
058b
0591
0597
059d
05a3
05a9
05af
05b5
05bb
05c1
05c7
05cd
05d3
05d9
05df
05e5
05eb
05f1
05f7
05fc
0602
0608
060e
0614
0619
061f
0625
062b
0630
0636
063c
0641
0647
064d
0652
0658
065d
0663
0668
066e
0674
0679
067f
0684
068a
068f
0694
069a
069f
06a5
06aa
06af
06b5
06ba
06bf
06c5
06ca
06cf
06d4
06da
06df
06e4
06e9
06ee
06f4
06f9
06fe
0703
0708
070d
0712
0717
071c
0721
0726
072b
0730
0735
073a
073f
0744
0748
074d
0752
0757
075c
0761
0765
076a
076f
0773
0778
077d
0782
0786
078b
078f
0794
0799
079d
07a2
07a6
07ab
07af
07b4
07b8
07bc
07c1
07c5
07ca
07ce
07d2
07d7
07db
07df
07e3
07e8
07ec
07f0
07f4
07f8
07fd
0801
0805
0809
080d
0811
0815
0819
081d
0821
0825
0829
082d
0831
0835
0838
083c
0840
0844
0848
084b
084f
0853
0857
085a
085e
0862
0865
0869
086c
0870
0873
0877
087a
087e
0881
0885
0888
088c
088f
0892
0896
0899
089c
08a0
08a3
08a6
08a9
08ad
08b0
08b3
08b6
08b9
08bc
08bf
08c2
08c6
08c9
08cc
08cf
08d1
08d4
08d7
08da
08dd
08e0
08e3
08e6
08e8
08eb
08ee
08f1
08f3
08f6
08f9
08fb
08fe
0900
0903
0906
0908
090b
090d
0910
0912
0915
0917
0919
091c
091e
0920
0923
0925
0927
0929
092c
092e
0930
0932
0934
0936
0938
093a
093d
093f
0941
0943
0944
0946
0948
094a
094c
094e
0950
0952
0953
0955
0957
0958
095a
095c
095e
095f
0961
0962
0964
0965
0967
0968
096a
096b
096d
096e
0970
0971
0972
0974
0975
0976
0977
0979
097a
097b
097c
097d
097e
097f
0980
0982
0983
0984
0985
0985
0986
0987
0988
0989
098a
098b
098c
098c
098d
098e
098f
098f
0990
0991
0991
0992
0992
0993
0993
0994
0994
0995
0995
0996
0996
0996
0997
0997
0997
0998
0998
0998
0998
0999
0999
0999
0999
0999
0999
0999
0999
0999
0999
0999
0999
0999
0999
0999
0999
0999
0998
0998
0998
0998
0997
0997
0997
0996
0996
0996
0995
0995
0994
0994
0993
0993
0992
0992
0991
0990
0990
098f
098e
098e
098d
098c
098b
098b
098a
0989
0988
0987
0986
0985
0984
0983
0982
0981
0980
097f
097e
097d
097c
097b
0979
0978
0977
0976
0975
0973
0972
0971
096f
096e
096c
096b
096a
0968
0967
0965
0964
0962
0960
095f
095d
095b
095a
0958
0956
0955
0953
0951
094f
094d
094c
094a
0948
0946
0944
0942
0940
093e
093c
093a
0938
0936
0934
0932
092f
092d
092b
0929
0927
0924
0922
0920
091d
091b
0919
0916
0914
0912
090f
090d
090a
0908
0905
0902
0900
08fd
08fb
08f8
08f5
08f3
08f0
08ed
08ea
08e8
08e5
08e2
08df
08dc
08da
08d7
08d4
08d1
08ce
08cb
08c8
08c5
08c2
08bf
08bc
08b9
08b5
08b2
08af
08ac
08a9
08a5
08a2
089f
089c
0898
0895
0892
088e
088b
0888
0884
0881
087d
087a
0876
0873
086f
086c
0868
0864
0861
085d
0859
0856
0852
084e
084b
0847
0843
083f
083b
0837
0834
0830
082c
0828
0824
0820
081c
0818
0814
0810
080c
0808
0804
0800
07fc
07f7
07f3
07ef
07eb
07e7
07e2
07de
07da
07d6
07d1
07cd
07c9
07c4
07c0
07bb
07b7
07b2
07ae
07aa
07a5
07a1
079c
0797
0793
078e
078a
0785
0780
077c
0777
0772
076e
0769
0764
075f
075b
0756
0751
074c
0747
0742
073e
0739
0734
072f
072a
0725
0720
071b
0716
0711
070c
0707
0702
06fd
06f7
06f2
06ed
06e8
06e3
06de
06d8
06d3
06ce
06c9
06c3
06be
06b9
06b3
06ae
06a9
06a3
069e
0699
0693
068e
0688
0683
067d
0678
0672
066d
0667
0662
065c
0656
0651
064b
0646
0640
063a
0635
062f
0629
0623
061e
0618
0612
060c
0607
0601
05fb
05f5
05ef
05e9
05e4
05de
05d8
05d2
05cc
05c6
05c0
05ba
05b4
05ae
05a8
05a2
059c
0596
0590
058a
0584
057e
0577
0571
056b
0565
055f
0559
0552
054c
0546
0540
053a
0533
052d
0527
0520
051a
0514
050e
0507
0501
04fa
04f4
04ee
04e7
04e1
04da
04d4
04ce
04c7
04c1
04ba
04b4
04ad
04a7
04a0
049a
0493
048c
0486
047f
0479
0472
046c
0465
045e
0458
0451
044a
0444
043d
0436
0430
0429
0422
041b
0415
040e
0407
0400
03fa
03f3
03ec
03e5
03de
03d8
03d1
03ca
03c3
03bc
03b5
03ae
03a8
03a1
039a
0393
038c
0385
037e
0377
0370
0369
0362
035b
0354
034d
0346
033f
0338
0331
032a
0323
031c
0315
030e
0307
0300
02f9
02f2
02eb
02e3
02dc
02d5
02ce
02c7
02c0
02b9
02b1
02aa
02a3
029c
0295
028e
0286
027f
0278
0271
026a
0262
025b
0254
024d
0246
023e
0237
0230
0228
0221
021a
0213
020b
0204
01fd
01f6
01ee
01e7
01e0
01d8
01d1
01ca
01c2
01bb
01b4
01ac
01a5
019e
0196
018f
0188
0180
0179
0172
016a
0163
015b
0154
014d
0145
013e
0136
012f
0128
0120
0119
0111
010a
0103
00fb
00f4
00ec
00e5
00de
00d6
00cf
00c7
00c0
00b8
00b1
00aa
00a2
009b
0093
008c
0084
007d
0075
006e
0067
005f
0058
0050
0049
0041
003a
0032
002b
0024
001c
0015
000d
0006
3ffe
3ff7
3fef
3fe8
3fe0
3fd9
3fd2
3fca
3fc3
3fbb
3fb4
3fac
3fa5
3f9d
3f96
3f8f
3f87
3f80
3f78
3f71
3f69
3f62
3f5a
3f53
3f4c
3f44
3f3d
3f35
3f2e
3f26
3f1f
3f18
3f10
3f09
3f01
3efa
3ef2
3eeb
3ee4
3edc
3ed5
3ecd
3ec6
3ebf
3eb7
3eb0
3ea9
3ea1
3e9a
3e92
3e8b
3e84
3e7c
3e75
3e6e
3e66
3e5f
3e58
3e50
3e49
3e42
3e3a
3e33
3e2c
3e24
3e1d
3e16
3e0e
3e07
3e00
3df8
3df1
3dea
3de3
3ddb
3dd4
3dcd
3dc6
3dbe
3db7
3db0
3da9
3da1
3d9a
3d93
3d8c
3d85
3d7d
3d76
3d6f
3d68
3d61
3d59
3d52
3d4b
3d44
3d3d
3d36
3d2f
3d28
3d20
3d19
3d12
3d0b
3d04
3cfd
3cf6
3cef
3ce8
3ce1
3cda
3cd3
3ccc
3cc5
3cbe
3cb7
3cb0
3ca9
3ca2
3c9b
3c94
3c8d
3c86
3c7f
3c78
3c71
3c6a
3c63
3c5c
3c55
3c4e
3c48
3c41
3c3a
3c33
3c2c
3c25
3c1e
3c18
3c11
3c0a
3c03
3bfc
3bf6
3bef
3be8
3be1
3bdb
3bd4
3bcd
3bc7
3bc0
3bb9
3bb3
3bac
3ba5
3b9f
3b98
3b91
3b8b
3b84
3b7e
3b77
3b70
3b6a
3b63
3b5d
3b56
3b50
3b49
3b43
3b3c
3b36
3b2f
3b29
3b23
3b1c
3b16
3b0f
3b09
3b03
3afc
3af6
3af0
3ae9
3ae3
3add
3ad6
3ad0
3aca
3ac4
3abd
3ab7
3ab1
3aab
3aa4
3a9e
3a98
3a92
3a8c
3a86
3a80
3a79
3a73
3a6d
3a67
3a61
3a5b
3a55
3a4f
3a49
3a43
3a3d
3a37
3a31
3a2b
3a25
3a20
3a1a
3a14
3a0e
3a08
3a02
39fc
39f7
39f1
39eb
39e5
39e0
39da
39d4
39ce
39c9
39c3
39bd
39b8
39b2
39ad
39a7
39a1
399c
3996
3991
398b
3986
3980
397b
3975
3970
396a
3965
3960
395a
3955
394f
394a
3945
393f
393a
3935
3930
392a
3925
3920
391b
3916
3910
390b
3906
3901
38fc
38f7
38f2
38ed
38e8
38e3
38de
38d9
38d4
38cf
38ca
38c5
38c0
38bb
38b6
38b2
38ad
38a8
38a3
389e
389a
3895
3890
388b
3887
3882
387d
3879
3874
3870
386b
3866
3862
385d
3859
3854
3850
384b
3847
3843
383e
383a
3835
3831
382d
3828
3824
3820
381c
3817
3813
380f
380b
3807
3803
37fe
37fa
37f6
37f2
37ee
37ea
37e6
37e2
37de
37da
37d6
37d2
37ce
37cb
37c7
37c3
37bf
37bb
37b7
37b4
37b0
37ac
37a9
37a5
37a1
379e
379a
3796
3793
378f
378c
3788
3785
3781
377e
377a
3777
3773
3770
376d
3769
3766
3763
3760
375c
3759
3756
3753
374f
374c
3749
3746
3743
3740
373d
373a
3737
3734
3731
372e
372b
3728
3725
3722
371f
371d
371a
3717
3714
3712
370f
370c
3709
3707
3704
3702
36ff
36fc
36fa
36f7
36f5
36f2
36f0
36ed
36eb
36e9
36e6
36e4
36e1
36df
36dd
36db
36d8
36d6
36d4
36d2
36d0
36cd
36cb
36c9
36c7
36c5
36c3
36c1
36bf
36bd
36bb
36b9
36b7
36b5
36b4
36b2
36b0
36ae
36ac
36ab
36a9
36a7
36a5
36a4
36a2
36a1
369f
369d
369c
369a
3699
3697
3696
3694
3693
3692
3690
368f
368d
368c
368b
368a
3688
3687
3686
3685
3684
3683
3681
3680
367f
367e
367d
367c
367b
367a
3679
3678
3678
3677
3676
3675
3674
3673
3673
3672
3671
3671
3670
366f
366f
366e
366e
366d
366c
366c
366c
366b
366b
366a
366a
3669
3669
3669
3669
3668
3668
3668
3668
3667
3667
3667
3667
3667
3667
3667
3667
3667
3667
3667
3667
3667
3667
3667
3667
3667
3668
3668
3668
3668
3669
3669
3669
366a
366a
366b
366b
366b
366c
366c
366d
366d
366e
366f
366f
3670
3670
3671
3672
3673
3673
3674
3675
3676
3676
3677
3678
3679
367a
367b
367c
367d
367e
367f
3680
3681
3682
3683
3684
3686
3687
3688
3689
368b
368c
368d
368e
3690
3691
3693
3694
3695
3697
3698
369a
369b
369d
369e
36a0
36a2
36a3
36a5
36a7
36a8
36aa
36ac
36ae
36af
36b1
36b3
36b5
36b7
36b9
36ba
36bc
36be
36c0
36c2
36c4
36c6
36c9
36cb
36cd
36cf
36d1
36d3
36d5
36d8
36da
36dc
36de
36e1
36e3
36e5
36e8
36ea
36ed
36ef
36f2
36f4
36f7
36f9
36fc
36fe
3701
3703
3706
3709
370b
370e
3711
3713
3716
3719
371c
371f
3721
3724
3727
372a
372d
3730
3733
3736
3739
373c
373f
3742
3745
3748
374b
374e
3752
3755
3758
375b
375f
3762
3765
3768
376c
376f
3772
3776
3779
377d
3780
3784
3787
378b
378e
3792
3795
3799
379d
37a0
37a4
37a7
37ab
37af
37b3
37b6
37ba
37be
37c2
37c6
37c9
37cd
37d1
37d5
37d9
37dd
37e1
37e5
37e9
37ed
37f1
37f5
37f9
37fd
3801
3805
380a
380e
3812
3816
381a
381f
3823
3827
382b
3830
3834
3838
383d
3841
3846
384a
384f
3853
3857
385c
3861
3865
386a
386e
3873
3877
387c
3881
3885
388a
388f
3893
3898
389d
38a2
38a6
38ab
38b0
38b5
38ba
38bf
38c4
38c8
38cd
38d2
38d7
38dc
38e1
38e6
38eb
38f0
38f5
38fa
3900
3905
390a
390f
3914
3919
391e
3924
3929
392e
3933
3939
393e
3943
3948
394e
3953
3959
395e
3963
3969
396e
3974
3979
397f
3984
3989
398f
3995
399a
39a0
39a5
39ab
39b0
39b6
39bc
39c1
39c7
39cd
39d2
39d8
39de
39e4
39e9
39ef
39f5
39fb
3a00
3a06
3a0c
3a12
3a18
3a1e
3a24
3a2a
3a2f
3a35
3a3b
3a41
3a47
3a4d
3a53
3a59
3a5f
3a65
3a6b
3a72
3a78
3a7e
3a84
3a8a
3a90
3a96
3a9c
3aa3
3aa9
3aaf
3ab5
3abb
3ac2
3ac8
3ace
3ad4
3adb
3ae1
3ae7
3aee
3af4
3afa
3b01
3b07
3b0d
3b14
3b1a
3b21
3b27
3b2e
3b34
3b3a
3b41
3b47
3b4e
3b54
3b5b
3b61
3b68
3b6f
3b75
3b7c
3b82
3b89
3b8f
3b96
3b9d
3ba3
3baa
3bb1
3bb7
3bbe
3bc5
3bcb
3bd2
3bd9
3bdf
3be6
3bed
3bf4
3bfa
3c01
3c08
3c0f
3c16
3c1c
3c23
3c2a
3c31
3c38
3c3f
3c45
3c4c
3c53
3c5a
3c61
3c68
3c6f
3c76
3c7d
3c84
3c8b
3c92
3c98
3c9f
3ca6
3cad
3cb4
3cbb
3cc2
3cc9
3cd0
3cd8
3cdf
3ce6
3ced
3cf4
3cfb
3d02
3d09
3d10
3d17
3d1e
3d25
3d2c
3d34
3d3b
3d42
3d49
3d50
3d57
3d5f
3d66
3d6d
3d74
3d7b
3d82
3d8a
3d91
3d98
3d9f
3da6
3dae
3db5
3dbc
3dc3
3dcb
3dd2
3dd9
3de0
3de8
3def
3df6
3dfe
3e05
3e0c
3e13
3e1b
3e22
3e29
3e31
3e38
3e3f
3e47
3e4e
3e55
3e5d
3e64
3e6b
3e73
3e7a
3e81
3e89
3e90
3e98
3e9f
3ea6
3eae
3eb5
3ebc
3ec4
3ecb
3ed3
3eda
3ee1
3ee9
3ef0
3ef8
3eff
3f06
3f0e
3f15
3f1d
3f24
3f2c
3f33
3f3a
3f42
3f49
3f51
3f58
3f60
3f67
3f6e
3f76
3f7d
3f85
3f8c
3f94
3f9b
3fa3
3faa
3fb2
3fb9
3fc0
3fc8
3fcf
3fd7
3fde
3fe6
3fed
3ff5
3ffc
0003
000b
0012
001a
0021
0029
0030
0038
003f
0047
004e
0055
005d
0064
006c
0073
007b
0082
008a
0091
0098
00a0
00a7
00af
00b6
00be
00c5
00cc
00d4
00db
00e3
00ea
00f2
00f9
0100
0108
010f
0117
011e
0125
012d
0134
013c
0143
014a
0152
0159
0161
0168
016f
0177
017e
0185
018d
0194
019b
01a3
01aa
01b1
01b9
01c0
01c7
01cf
01d6
01dd
01e5
01ec
01f3
01fb
0202
0209
0210
0218
021f
0226
022e
0235
023c
0243
024b
0252
0259
0260
0267
026f
0276
027d
0284
028b
0293
029a
02a1
02a8
02af
02b6
02be
02c5
02cc
02d3
02da
02e1
02e8
02ef
02f7
02fe
0305
030c
0313
031a
0321
0328
032f
0336
033d
0344
034b
0352
0359
0360
0367
036e
0375
037c
0383
038a
0391
0398
039f
03a5
03ac
03b3
03ba
03c1
03c8
03cf
03d5
03dc
03e3
03ea
03f1
03f8
03fe
0405
040c
0413
0419
0420
0427
042e
0434
043b
0442
0448
044f
0456
045c
0463
046a
0470
0477
047d
0484
048a
0491
0498
049e
04a5
04ab
04b2
04b8
04bf
04c5
04cc
04d2
04d8
04df
04e5
04ec
04f2
04f9
04ff
0505
050c
0512
0518
051f
0525
052b
0531
0538
053e
0544
054a
0551
0557
055d
0563
0569
056f
0576
057c
0582
0588
058e
0594
059a
05a0
05a6
05ac
05b2
05b8
05be
05c4
05ca
05d0
05d6
05dc
05e2
05e8
05ee
05f3
05f9
05ff
0605
060b
0611
0616
061c
0622
0627
062d
0633
0639
063e
0644
064a
064f
0655
065a
0660
0666
066b
0671
0676
067c
0681
0687
068c
0691
0697
069c
06a2
06a7
06ac
06b2
06b7
06bc
06c2
06c7
06cc
06d2
06d7
06dc
06e1
06e6
06ec
06f1
06f6
06fb
0700
0705
070a
070f
0714
0719
071e
0723
0728
072d
0732
0737
073c
0741
0746
074b
0750
0754
0759
075e
0763
0768
076c
0771
0776
077a
077f
0784
0788
078d
0792
0796
079b
079f
07a4
07a8
07ad
07b1
07b6
07ba
07be
07c3
07c7
07cc
07d0
07d4
07d9
07dd
07e1
07e5
07ea
07ee
07f2
07f6
07fa
07fe
0803
0807
080b
080f
0813
0817
081b
081f
0823
0827
082b
082f
0832
0836
083a
083e
0842
0846
0849
084d
0851
0855
0858
085c
0860
0863
0867
086a
086e
0872
0875
0879
087c
0880
0883
0886
088a
088d
0891
0894
0897
089b
089e
08a1
08a4
08a8
08ab
08ae
08b1
08b4
08b8
08bb
08be
08c1
08c4
08c7
08ca
08cd
08d0
08d3
08d6
08d9
08dc
08de
08e1
08e4
08e7
08ea
08ec
08ef
08f2
08f5
08f7
08fa
08fc
08ff
0902
0904
0907
0909
090c
090e
0911
0913
0916
0918
091a
091d
091f
0921
0924
0926
0928
092a
092d
092f
0931
0933
0935
0937
0939
093b
093d
093f
0941
0943
0945
0947
0949
094b
094d
094f
0951
0952
0954
0956
0958
0959
095b
095d
095e
0960
0961
0963
0965
0966
0968
0969
096b
096c
096d
096f
0970
0972
0973
0974
0975
0977
0978
0979
097a
097b
097d
097e
097f
0980
0981
0982
0983
0984
0985
0986
0987
0988
0989
0989
098a
098b
098c
098d
098d
098e
098f
0990
0990
0991
0991
0992
0993
0993
0994
0994
0995
0995
0995
0996
0996
0997
0997
0997
0998
0998
0998
0998
0998
0999
0999
0999
0999
0999
0999
0999
0999
0999
0999
0999
0999
0999
0999
0999
0999
0998
0998
0998
0998
0998
0997
0997
0997
0996
0996
0995
0995
0995
0994
0994
0993
0992
0992
0991
0991
0990
098f
098f
098e
098d
098d
098c
098b
098a
0989
0988
0988
0987
0986
0985
0984
0983
0982
0981
0980
097f
097e
097c
097b
097a
0979
0978
0976
0975
0974
0973
0971
0970
096f
096d
096c
096a
0969
0967
0966
0964
0963
0961
0960
095e
095c
095b
0959
0957
0956
0954
0952
0950
094e
094d
094b
0949
0947
0945
0943
0941
093f
093d
093b
0939
0937
0935
0933
0931
092e
092c
092a
0928
0926
0923
0921
091f
091c
091a
0918
0915
0913
0910
090e
090b
0909
0906
0904
0901
08ff
08fc
08f9
08f7
08f4
08f1
08ef
08ec
08e9
08e6
08e4
08e1
08de
08db
08d8
08d5
08d2
08cf
08cc
08c9
08c6
08c3
08c0
08bd
08ba
08b7
08b4
08b1
08ae
08aa
08a7
08a4
08a1
089d
089a
0897
0893
0890
088d
0889
0886
0882
087f
087c
0878
0875
0871
086d
086a
0866
0863
085f
085b
0858
0854
0850
084d
0849
0845
0841
083d
083a
0836
0832
082e
082a
0826
0822
081e
081a
0816
0812
080e
080a
0806
0802
07fe
07fa
07f5
07f1
07ed
07e9
07e5
07e0
07dc
07d8
07d4
07cf
07cb
07c6
07c2
07be
07b9
07b5
07b0
07ac
07a7
07a3
079e
079a
0795
0791
078c
0788
0783
077e
077a
0775
0770
076b
0767
0762
075d
0758
0754
074f
074a
0745
0740
073b
0736
0731
072d
0728
0723
071e
0719
0714
070f
0709
0704
06ff
06fa
06f5
06f0
06eb
06e6
06e0
06db
06d6
06d1
06cb
06c6
06c1
06bc
06b6
06b1
06ac
06a6
06a1
069b
0696
0691
068b
0686
0680
067b
0675
0670
066a
0665
065f
0659
0654
064e
0649
0643
063d
0638
0632
062c
0627
0621
061b
0615
0610
060a
0604
05fe
05f8
05f2
05ed
05e7
05e1
05db
05d5
05cf
05c9
05c3
05bd
05b7
05b1
05ab
05a5
059f
0599
0593
058d
0587
0581
057b
0575
056e
0568
0562
055c
0556
0550
0549
0543
053d
0537
0530
052a
0524
051e
0517
0511
050b
0504
04fe
04f7
04f1
04eb
04e4
04de
04d7
04d1
04cb
04c4
04be
04b7
04b1
04aa
04a4
049d
0497
0490
0489
0483
047c
0476
046f
0468
0462
045b
0455
044e
0447
0441
043a
0433
042c
0426
041f
0418
0411
040b
0404
03fd
03f6
03f0
03e9
03e2
03db
03d4
03ce
03c7
03c0
03b9
03b2
03ab
03a4
039d
0396
0390
0389
0382
037b
0374
036d
0366
035f
0358
0351
034a
0343
033c
0335
032e
0327
0320
0319
0312
030b
0304
02fc
02f5
02ee
02e7
02e0
02d9
02d2
02cb
02c4
02bc
02b5
02ae
02a7
02a0
0299
0291
028a
0283
027c
0275
026d
0266
025f
0258
0251
0249
0242
023b
0234
022c
0225
021e
0217
020f
0208
0201
01f9
01f2
01eb
01e4
01dc
01d5
01ce
01c6
01bf
01b8
01b0
01a9
01a2
019a
0193
018c
0184
017d
0175
016e
0167
015f
0158
0151
0149
0142
013a
0133
012c
0124
011d
0115
010e
0107
00ff
00f8
00f0
00e9
00e2
00da
00d3
00cb
00c4
00bc
00b5
00ae
00a6
009f
0097
0090
0088
0081
0079
0072
006b
0063
005c
0054
004d
0045
003e
0036
002f
0028
0020
0019
0011
000a
0002
3ffb
3ff3
3fec
3fe4
3fdd
3fd6
3fce
3fc7
3fbf
3fb8
3fb0
3fa9
3fa1
3f9a
3f92
3f8b
3f84
3f7c
3f75
3f6d
3f66
3f5e
3f57
3f50
3f48
3f41
3f39
3f32
3f2a
3f23
3f1c
3f14
3f0d
3f05
3efe
3ef6
3eef
3ee8
3ee0
3ed9
3ed1
3eca
3ec3
3ebb
3eb4
3eac
3ea5
3e9e
3e96
3e8f
3e88
3e80
3e79
3e72
3e6a
3e63
3e5b
3e54
3e4d
3e45
3e3e
3e37
3e2f
3e28
3e21
3e1a
3e12
3e0b
3e04
3dfc
3df5
3dee
3de7
3ddf
3dd8
3dd1
3dc9
3dc2
3dbb
3db4
3dad
3da5
3d9e
3d97
3d90
3d88
3d81
3d7a
3d73
3d6c
3d64
3d5d
3d56
3d4f
3d48
3d41
3d3a
3d32
3d2b
3d24
3d1d
3d16
3d0f
3d08
3d01
3cfa
3cf3
3ceb
3ce4
3cdd
3cd6
3ccf
3cc8
3cc1
3cba
3cb3
3cac
3ca5
3c9e
3c97
3c90
3c89
3c82
3c7c
3c75
3c6e
3c67
3c60
3c59
3c52
3c4b
3c44
3c3d
3c37
3c30
3c29
3c22
3c1b
3c14
3c0e
3c07
3c00
3bf9
3bf3
3bec
3be5
3bde
3bd8
3bd1
3bca
3bc4
3bbd
3bb6
3baf
3ba9
3ba2
3b9c
3b95
3b8e
3b88
3b81
3b7b
3b74
3b6d
3b67
3b60
3b5a
3b53
3b4d
3b46
3b40
3b39
3b33
3b2c
3b26
3b20
3b19
3b13
3b0c
3b06
3b00
3af9
3af3
3aed
3ae6
3ae0
3ada
3ad3
3acd
3ac7
3ac1
3aba
3ab4
3aae
3aa8
3aa2
3a9b
3a95
3a8f
3a89
3a83
3a7d
3a77
3a71
3a6a
3a64
3a5e
3a58
3a52
3a4c
3a46
3a40
3a3a
3a34
3a2f
3a29
3a23
3a1d
3a17
3a11
3a0b
3a05
3a00
39fa
39f4
39ee
39e8
39e3
39dd
39d7
39d1
39cc
39c6
39c0
39bb
39b5
39b0
39aa
39a4
399f
3999
3994
398e
3989
3983
397e
3978
3973
396d
3968
3962
395d
3958
3952
394d
3948
3942
393d
3938
3932
392d
3928
3923
391e
3918
3913
390e
3909
3904
38ff
38fa
38f5
38ef
38ea
38e5
38e0
38db
38d6
38d1
38cd
38c8
38c3
38be
38b9
38b4
38af
38aa
38a6
38a1
389c
3897
3893
388e
3889
3885
3880
387b
3877
3872
386d
3869
3864
3860
385b
3857
3852
384e
3849
3845
3841
383c
3838
3833
382f
382b
3826
3822
381e
381a
3815
3811
380d
3809
3805
3801
37fc
37f8
37f4
37f0
37ec
37e8
37e4
37e0
37dc
37d8
37d4
37d1
37cd
37c9
37c5
37c1
37bd
37ba
37b6
37b2
37ae
37ab
37a7
37a3
37a0
379c
3798
3795
3791
378e
378a
3787
3783
3780
377c
3779
3775
3772
376f
376b
3768
3765
3761
375e
375b
3758
3754
3751
374e
374b
3748
3745
3742
373e
373b
3738
3735
3732
372f
372c
372a
3727
3724
3721
371e
371b
3718
3716
3713
3710
370e
370b
3708
3706
3703
3700
36fe
36fb
36f9
36f6
36f4
36f1
36ef
36ec
36ea
36e7
36e5
36e3
36e0
36de
36dc
36da
36d7
36d5
36d3
36d1
36cf
36cc
36ca
36c8
36c6
36c4
36c2
36c0
36be
36bc
36ba
36b8
36b6
36b4
36b3
36b1
36af
36ad
36ab
36aa
36a8
36a6
36a5
36a3
36a1
36a0
369e
369d
369b
369a
3698
3697
3695
3694
3692
3691
3690
368e
368d
368c
368a
3689
3688
3687
3685
3684
3683
3682
3681
3680
367f
367e
367d
367c
367b
367a
3679
3678
3677
3676
3675
3675
3674
3673
3672
3672
3671
3670
3670
366f
366e
366e
366d
366d
366c
366c
366b
366b
366a
366a
366a
3669
3669
3669
3668
3668
3668
3668
3667
3667
3667
3667
3667
3667
3667
3667
3667
3667
3667
3667
3667
3667
3667
3667
3667
3668
3668
3668
3668
3669
3669
3669
366a
366a
366a
366b
366b
366c
366c
366d
366d
366e
366e
366f
366f
3670
3671
3671
3672
3673
3674
3674
3675
3676
3677
3678
3679
367a
367a
367b
367c
367d
367e
367f
3680
3682
3683
3684
3685
3686
3687
3689
368a
368b
368c
368e
368f
3690
3692
3693
3695
3696
3698
3699
369b
369c
369e
369f
36a1
36a2
36a4
36a6
36a7
36a9
36ab
36ad
36ae
36b0
36b2
36b4
36b6
36b8
36b9
36bb
36bd
36bf
36c1
36c3
36c5
36c7
36ca
36cc
36ce
36d0
36d2
36d4
36d6
36d9
36db
36dd
36e0
36e2
36e4
36e7
36e9
36eb
36ee
36f0
36f3
36f5
36f8
36fa
36fd
36ff
3702
3705
3707
370a
370d
370f
3712
3715
3717
371a
371d
3720
3723
3726
3728
372b
372e
3731
3734
3737
373a
373d
3740
3743
3747
374a
374d
3750
3753
3756
375a
375d
3760
3763
3767
376a
376d
3771
3774
3777
377b
377e
3782
3785
3789
378c
3790
3793
3797
379b
379e
37a2
37a6
37a9
37ad
37b1
37b4
37b8
37bc
37c0
37c4
37c7
37cb
37cf
37d3
37d7
37db
37df
37e3
37e7
37eb
37ef
37f3
37f7
37fb
37ff
3803
3807
380c
3810
3814
3818
381c
3821
3825
3829
382d
3832
3836
383b
383f
3843
3848
384c
3851
3855
385a
385e
3863
3867
386c
3870
3875
387a
387e
3883
3888
388c
3891
3896
389a
389f
38a4
38a9
38ae
38b2
38b7
38bc
38c1
38c6
38cb
38d0
38d5
38da
38df
38e4
38e9
38ee
38f3
38f8
38fd
3902
3907
390c
3911
3916
391c
3921
3926
392b
3931
3936
393b
3940
3946
394b
3950
3956
395b
3960
3966
396b
3971
3976
397c
3981
3987
398c
3992
3997
399d
39a2
39a8
39ad
39b3
39b9
39be
39c4
39ca
39cf
39d5
39db
39e1
39e6
39ec
39f2
39f8
39fd
3a03
3a09
3a0f
3a15
3a1b
3a21
3a26
3a2c
3a32
3a38
3a3e
3a44
3a4a
3a50
3a56
3a5c
3a62
3a68
3a6e
3a74
3a7a
3a81
3a87
3a8d
3a93
3a99
3a9f
3aa5
3aac
3ab2
3ab8
3abe
3ac5
3acb
3ad1
3ad7
3ade
3ae4
3aea
3af1
3af7
3afd
3b04
3b0a
3b10
3b17
3b1d
3b24
3b2a
3b31
3b37
3b3d
3b44
3b4a
3b51
3b57
3b5e
3b64
3b6b
3b72
3b78
3b7f
3b85
3b8c
3b92
3b99
3ba0
3ba6
3bad
3bb4
3bba
3bc1
3bc8
3bce
3bd5
3bdc
3be3
3be9
3bf0
3bf7
3bfe
3c04
3c0b
3c12
3c19
3c20
3c26
3c2d
3c34
3c3b
3c42
3c49
3c50
3c56
3c5d
3c64
3c6b
3c72
3c79
3c80
3c87
3c8e
3c95
3c9c
3ca3
3caa
3cb1
3cb8
3cbf
3cc6
3ccd
3cd4
3cdb
3ce2
3ce9
3cf0
3cf7
3cfe
3d05
3d0c
3d13
3d1a
3d22
3d29
3d30
3d37
3d3e
3d45
3d4c
3d54
3d5b
3d62
3d69
3d70
3d77
3d7f
3d86
3d8d
3d94
3d9b
3da3
3daa
3db1
3db8
3dc0
3dc7
3dce
3dd5
3ddd
3de4
3deb
3df2
3dfa
3e01
3e08
3e10
3e17
3e1e
3e25
3e2d
3e34
3e3b
3e43
3e4a
3e51
3e59
3e60
3e67
3e6f
3e76
3e7e
3e85
3e8c
3e94
3e9b
3ea2
3eaa
3eb1
3eb9
3ec0
3ec7
3ecf
3ed6
3ede
3ee5
3eec
3ef4
3efb
3f03
3f0a
3f11
3f19
3f20
3f28
3f2f
3f36
3f3e
3f45
3f4d
3f54
3f5c
3f63
3f6b
3f72
3f79
3f81
3f88
3f90
3f97
3f9f
3fa6
3fae
3fb5
3fbc
3fc4
3fcb
3fd3
3fda
3fe2
3fe9
3ff1
3ff8
3fff
0007
000e
0016
001d
0025
002c
0034
003b
0043
004a
0051
0059
0060
0068
006f
0077
007e
0086
008d
0094
009c
00a3
00ab
00b2
00ba
00c1
00c9
00d0
00d7
00df
00e6
00ee
00f5
00fc
0104
010b
0113
011a
0121
0129
0130
0138
013f
0146
014e
0155
015d
0164
016b
0173
017a
0181
0189
0190
0198
019f
01a6
01ae
01b5
01bc
01c4
01cb
01d2
01da
01e1
01e8
01ef
01f7
01fe
0205
020d
0214
021b
0222
022a
0231
0238
023f
0247
024e
0255
025c
0264
026b
0272
0279
0280
0288
028f
0296
029d
02a4
02ac
02b3
02ba
02c1
02c8
02cf
02d6
02dd
02e5
02ec
02f3
02fa
0301
0308
030f
0316
031d
0324
032b
0332
0339
0340
0347
034e
0355
035c
0363
036a
0371
0378
037f
0386
038d
0394
039b
03a2
03a9
03b0
03b6
03bd
03c4
03cb
03d2
03d9
03e0
03e6
03ed
03f4
03fb
0401
0408
040f
0416
041d
0423
042a
0431
0437
043e
0445
044b
0452
0459
045f
0466
046d
0473
047a
0480
0487
048e
0494
049b
04a1
04a8
04ae
04b5
04bb
04c2
04c8
04cf
04d5
04db
04e2
04e8
04ef
04f5
04fb
0502
0508
050f
0515
051b
0522
0528
052e
0534
053b
0541
0547
054d
0554
055a
0560
0566
056c
0572
0578
057f
0585
058b
0591
0597
059d
05a3
05a9
05af
05b5
05bb
05c1
05c7
05cd
05d3
05d9
05df
05e5
05ea
05f0
05f6
05fc
0602
0608
060d
0613
0619
061f
0624
062a
0630
0636
063b
0641
0647
064c
0652
0657
065d
0663
0668
066e
0673
0679
067e
0684
0689
068f
0694
0699
069f
06a4
06aa
06af
06b4
06ba
06bf
06c4
06ca
06cf
06d4
06d9
06de
06e4
06e9
06ee
06f3
06f8
06fd
0703
0708
070d
0712
0717
071c
0721
0726
072b
0730
0735
073a
073e
0743
0748
074d
0752
0757
075b
0760
0765
076a
076e
0773
0778
077d
0781
0786
078a
078f
0794
0798
079d
07a1
07a6
07aa
07af
07b3
07b8
07bc
07c0
07c5
07c9
07ce
07d2
07d6
07db
07df
07e3
07e7
07ec
07f0
07f4
07f8
07fc
0800
0804
0809
080d
0811
0815
0819
081d
0821
0825
0829
082c
0830
0834
0838
083c
0840
0844
0847
084b
084f
0853
0856
085a
085e
0861
0865
0869
086c
0870
0873
0877
087a
087e
0881
0885
0888
088b
088f
0892
0896
0899
089c
089f
08a3
08a6
08a9
08ac
08b0
08b3
08b6
08b9
08bc
08bf
08c2
08c5
08c8
08cb
08ce
08d1
08d4
08d7
08da
08dd
08e0
08e3
08e5
08e8
08eb
08ee
08f0
08f3
08f6
08f8
08fb
08fe
0900
0903
0905
0908
090a
090d
090f
0912
0914
0917
0919
091c
091e
0920
0922
0925
0927
0929
092b
092e
0930
0932
0934
0936
0938
093a
093c
093e
0940
0942
0944
0946
0948
094a
094c
094e
0950
0951
0953
0955
0957
0958
095a
095c
095d
095f
0961
0962
0964
0965
0967
0968
096a
096b
096d
096e
096f
0971
0972
0973
0975
0976
0977
0978
097a
097b
097c
097d
097e
097f
0980
0981
0982
0983
0984
0985
0986
0987
0988
0989
098a
098b
098c
098c
098d
098e
098e
098f
0990
0990
0991
0992
0992
0993
0993
0994
0994
0995
0995
0996
0996
0996
0997
0997
0997
0998
0998
0998
0998
0999
0999
0999
0999
0999
0999
0999
0999
0999
0999
0999
0999
0999
0999
0999
0999
0999
0998
0998
0998
0998
0997
0997
0997
0996
0996
0996
0995
0995
0994
0994
0993
0993
0992
0992
0991
0990
0990
098f
098e
098e
098d
098c
098b
098b
098a
0989
0988
0987
0986
0985
0984
0983
0982
0981
0980
097f
097e
097d
097c
097b
097a
0978
0977
0976
0975
0973
0972
0971
096f
096e
096d
096b
096a
0968
0967
0965
0964
0962
0960
095f
095d
095c
095a
0958
0957
0955
0953
0951
094f
094e
094c
094a
0948
0946
0944
0942
0940
093e
093c
093a
0938
0936
0934
0932
0930
092d
092b
0929
0927
0925
0922
0920
091e
091b
0919
0917
0914
0912
090f
090d
090a
0908
0905
0903
0900
08fd
08fb
08f8
08f6
08f3
08f0
08ed
08eb
08e8
08e5
08e2
08df
08dd
08da
08d7
08d4
08d1
08ce
08cb
08c8
08c5
08c2
08bf
08bc
08b9
08b6
08b2
08af
08ac
08a9
08a6
08a2
089f
089c
0899
0895
0892
088f
088b
0888
0884
0881
087d
087a
0876
0873
086f
086c
0868
0865
0861
085d
085a
0856
0852
084f
084b
0847
0843
083f
083c
0838
0834
0830
082c
0828
0824
0820
081c
0818
0814
0810
080c
0808
0804
0800
07fc
07f8
07f4
07ef
07eb
07e7
07e3
07de
07da
07d6
07d2
07cd
07c9
07c4
07c0
07bc
07b7
07b3
07ae
07aa
07a5
07a1
079c
0798
0793
078f
078a
0785
0781
077c
0777
0773
076e
0769
0765
0760
075b
0756
0751
074d
0748
0743
073e
0739
0734
072f
072a
0725
0720
071b
0716
0711
070c
0707
0702
06fd
06f8
06f3
06ee
06e8
06e3
06de
06d9
06d4
06ce
06c9
06c4
06be
06b9
06b4
06ae
06a9
06a4
069e
0699
0693
068e
0689
0683
067e
0678
0673
066d
0668
0662
065c
0657
0651
064c
0646
0640
063b
0635
062f
062a
0624
061e
0618
0613
060d
0607
0601
05fb
05f6
05f0
05ea
05e4
05de
05d8
05d2
05cc
05c6
05c0
05ba
05b4
05ae
05a8
05a2
059c
0596
0590
058a
0584
057e
0578
0572
056c
0565
055f
0559
0553
054d
0546
0540
053a
0534
052d
0527
0521
051b
0514
050e
0508
0501
04fb
04f4
04ee
04e8
04e1
04db
04d4
04ce
04c8
04c1
04bb
04b4
04ae
04a7
04a1
049a
0493
048d
0486
0480
0479
0473
046c
0465
045f
0458
0451
044b
0444
043d
0437
0430
0429
0423
041c
0415
040e
0408
0401
03fa
03f3
03ec
03e6
03df
03d8
03d1
03ca
03c3
03bd
03b6
03af
03a8
03a1
039a
0393
038c
0385
037e
0378
0371
036a
0363
035c
0355
034e
0347
0340
0339
0332
032b
0324
031d
0315
030e
0307
0300
02f9
02f2
02eb
02e4
02dd
02d6
02cf
02c7
02c0
02b9
02b2
02ab
02a4
029c
0295
028e
0287
0280
0279
0271
026a
0263
025c
0254
024d
0246
023f
0237
0230
0229
0222
021a
0213
020c
0205
01fd
01f6
01ef
01e7
01e0
01d9
01d1
01ca
01c3
01bc
01b4
01ad
01a6
019e
0197
018f
0188
0181
0179
0172
016b
0163
015c
0155
014d
0146
013e
0137
0130
0128
0121
0119
0112
010b
0103
00fc
00f4
00ed
00e5
00de
00d7
00cf
00c8
00c0
00b9
00b1
00aa
00a3
009b
0094
008c
0085
007d
0076
006f
0067
0060
0058
0051
0049
0042
003a
0033
002b
0024
001d
0015
000e
0006
3fff
3ff7
3ff0
3fe8
3fe1
3fda
3fd2
3fcb
3fc3
3fbc
3fb4
3fad
3fa5
3f9e
3f96
3f8f
3f88
3f80
3f79
3f71
3f6a
3f62
3f5b
3f53
3f4c
3f45
3f3d
3f36
3f2e
3f27
3f1f
3f18
3f11
3f09
3f02
3efa
3ef3
3eec
3ee4
3edd
3ed5
3ece
3ec7
3ebf
3eb8
3eb0
3ea9
3ea2
3e9a
3e93
3e8c
3e84
3e7d
3e75
3e6e
3e67
3e5f
3e58
3e51
3e49
3e42
3e3b
3e33
3e2c
3e25
3e1d
3e16
3e0f
3e08
3e00
3df9
3df2
3dea
3de3
3ddc
3dd5
3dcd
3dc6
3dbf
3db8
3db0
3da9
3da2
3d9b
3d93
3d8c
3d85
3d7e
3d77
3d6f
3d68
3d61
3d5a
3d53
3d4c
3d45
3d3d
3d36
3d2f
3d28
3d21
3d1a
3d13
3d0c
3d04
3cfd
3cf6
3cef
3ce8
3ce1
3cda
3cd3
3ccc
3cc5
3cbe
3cb7
3cb0
3ca9
3ca2
3c9b
3c94
3c8d
3c86
3c7f
3c78
3c71
3c6a
3c64
3c5d
3c56
3c4f
3c48
3c41
3c3a
3c33
3c2d
3c26
3c1f
3c18
3c11
3c0a
3c04
3bfd
3bf6
3bef
3be9
3be2
3bdb
3bd4
3bce
3bc7
3bc0
3bba
3bb3
3bac
3ba6
3b9f
3b98
3b92
3b8b
3b85
3b7e
3b77
3b71
3b6a
3b64
3b5d
3b57
3b50
3b4a
3b43
3b3d
3b36
3b30
3b29
3b23
3b1d
3b16
3b10
3b09
3b03
3afd
3af6
3af0
3aea
3ae3
3add
3ad7
3ad0
3aca
3ac4
3abe
3ab7
3ab1
3aab
3aa5
3a9f
3a99
3a92
3a8c
3a86
3a80
3a7a
3a74
3a6e
3a68
3a62
3a5c
3a56
3a50
3a4a
3a44
3a3e
3a38
3a32
3a2c
3a26
3a20
3a1a
3a14
3a0e
3a08
3a03
39fd
39f7
39f1
39eb
39e6
39e0
39da
39d5
39cf
39c9
39c3
39be
39b8
39b3
39ad
39a7
39a2
399c
3997
3991
398c
3986
3981
397b
3976
3970
396b
3965
3960
395b
3955
3950
394a
3945
3940
393b
3935
3930
392b
3926
3920
391b
3916
3911
390c
3907
3901
38fc
38f7
38f2
38ed
38e8
38e3
38de
38d9
38d4
38cf
38ca
38c5
38c0
38bc
38b7
38b2
38ad
38a8
38a3
389f
389a
3895
3890
388c
3887
3882
387e
3879
3874
3870
386b
3867
3862
385e
3859
3855
3850
384c
3847
3843
383e
383a
3836
3831
382d
3829
3824
3820
381c
3818
3813
380f
380b
3807
3803
37ff
37fb
37f6
37f2
37ee
37ea
37e6
37e2
37de
37da
37d7
37d3
37cf
37cb
37c7
37c3
37bf
37bc
37b8
37b4
37b0
37ad
37a9
37a5
37a1
379e
379a
3797
3793
378f
378c
3788
3785
3781
377e
377b
3777
3774
3770
376d
376a
3766
3763
3760
375c
3759
3756
3753
3750
374c
3749
3746
3743
3740
373d
373a
3737
3734
3731
372e
372b
3728
3725
3722
3720
371d
371a
3717
3714
3712
370f
370c
370a
3707
3704
3702
36ff
36fd
36fa
36f7
36f5
36f2
36f0
36ee
36eb
36e9
36e6
36e4
36e2
36df
36dd
36db
36d8
36d6
36d4
36d2
36d0
36ce
36cb
36c9
36c7
36c5
36c3
36c1
36bf
36bd
36bb
36b9
36b7
36b5
36b4
36b2
36b0
36ae
36ac
36ab
36a9
36a7
36a6
36a4
36a2
36a1
369f
369d
369c
369a
3699
3697
3696
3694
3693
3692
3690
368f
368e
368c
368b
368a
3688
3687
3686
3685
3684
3683
3681
3680
367f
367e
367d
367c
367b
367a
3679
3679
3678
3677
3676
3675
3674
3674
3673
3672
3671
3671
3670
366f
366f
366e
366e
366d
366d
366c
366c
366b
366b
366a
366a
3669
3669
3669
3669
3668
3668
3668
3668
3667
3667
3667
3667
3667
3667
3667
3667
3667
3667
3667
3667
3667
3667
3667
3667
3667
3668
3668
3668
3668
3669
3669
3669
366a
366a
366a
366b
366b
366c
366c
366d
366d
366e
366f
366f
3670
3670
3671
3672
3672
3673
3674
3675
3676
3676
3677
3678
3679
367a
367b
367c
367d
367e
367f
3680
3681
3682
3683
3684
3686
3687
3688
3689
368a
368c
368d
368e
3690
3691
3692
3694
3695
3697
3698
369a
369b
369d
369e
36a0
36a2
36a3
36a5
36a6
36a8
36aa
36ac
36ad
36af
36b1
36b3
36b5
36b7
36b8
36ba
36bc
36be
36c0
36c2
36c4
36c6
36c8
36ca
36cd
36cf
36d1
36d3
36d5
36d7
36da
36dc
36de
36e1
36e3
36e5
36e8
36ea
36ec
36ef
36f1
36f4
36f6
36f9
36fb
36fe
3701
3703
3706
3708
370b
370e
3711
3713
3716
3719
371c
371e
3721
3724
3727
372a
372d
3730
3733
3736
3739
373c
373f
3742
3745
3748
374b
374e
3751
3755
3758
375b
375e
3762
3765
3768
376c
376f
3772
3776
3779
377c
3780
3783
3787
378a
378e
3791
3795
3799
379c
37a0
37a4
37a7
37ab
37af
37b2
37b6
37ba
37be
37c1
37c5
37c9
37cd
37d1
37d5
37d9
37dd
37e1
37e5
37e9
37ed
37f1
37f5
37f9
37fd
3801
3805
3809
380d
3812
3816
381a
381e
3823
3827
382b
382f
3834
3838
383d
3841
3845
384a
384e
3853
3857
385c
3860
3865
3869
386e
3872
3877
387c
3880
3885
388a
388e
3893
3898
389d
38a1
38a6
38ab
38b0
38b5
38b9
38be
38c3
38c8
38cd
38d2
38d7
38dc
38e1
38e6
38eb
38f0
38f5
38fa
38ff
3904
3909
390f
3914
3919
391e
3923
3928
392e
3933
3938
393e
3943
3948
394d
3953
3958
395e
3963
3968
396e
3973
3979
397e
3984
3989
398f
3994
399a
399f
39a5
39aa
39b0
39b6
39bb
39c1
39c7
39cc
39d2
39d8
39dd
39e3
39e9
39ef
39f4
39fa
3a00
3a06
3a0c
3a12
3a17
3a1d
3a23
3a29
3a2f
3a35
3a3b
3a41
3a47
3a4d
3a53
3a59
3a5f
3a65
3a6b
3a71
3a77
3a7d
3a83
3a8a
3a90
3a96
3a9c
3aa2
3aa8
3aaf
3ab5
3abb
3ac1
3ac7
3ace
3ad4
3ada
3ae1
3ae7
3aed
3af4
3afa
3b00
3b07
3b0d
3b13
3b1a
3b20
3b27
3b2d
3b34
3b3a
3b40
3b47
3b4d
3b54
3b5a
3b61
3b68
3b6e
3b75
3b7b
3b82
3b88
3b8f
3b96
3b9c
3ba3
3ba9
3bb0
3bb7
3bbd
3bc4
3bcb
3bd2
3bd8
3bdf
3be6
3bec
3bf3
3bfa
3c01
3c08
3c0e
3c15
3c1c
3c23
3c2a
3c30
3c37
3c3e
3c45
3c4c
3c53
3c5a
3c61
3c67
3c6e
3c75
3c7c
3c83
3c8a
3c91
3c98
3c9f
3ca6
3cad
3cb4
3cbb
3cc2
3cc9
3cd0
3cd7
3cde
3ce5
3cec
3cf3
3cfa
3d01
3d08
3d10
3d17
3d1e
3d25
3d2c
3d33
3d3a
3d41
3d49
3d50
3d57
3d5e
3d65
3d6c
3d74
3d7b
3d82
3d89
3d90
3d98
3d9f
3da6
3dad
3db4
3dbc
3dc3
3dca
3dd1
3dd9
3de0
3de7
3def
3df6
3dfd
3e04
3e0c
3e13
3e1a
3e22
3e29
3e30
3e38
3e3f
3e46
3e4e
3e55
3e5c
3e64
3e6b
3e72
3e7a
3e81
3e88
3e90
3e97
3e9e
3ea6
3ead
3eb5
3ebc
3ec3
3ecb
3ed2
3eda
3ee1
3ee8
3ef0
3ef7
3eff
3f06
3f0d
3f15
3f1c
3f24
3f2b
3f33
3f3a
3f41
3f49
3f50
3f58
3f5f
3f67
3f6e
3f75
3f7d
3f84
3f8c
3f93
3f9b
3fa2
3faa
3fb1
3fb8
3fc0
3fc7
3fcf
3fd6
3fde
3fe5
3fed
3ff4
3ffc
0003
000a
0012
0019
0021
0028
0030
0037
003f
0046
004d
0055
005c
0064
006b
0073
007a
0082
0089
0091
0098
009f
00a7
00ae
00b6
00bd
00c5
00cc
00d3
00db
00e2
00ea
00f1
00f9
0100
0107
010f
0116
011e
0125
012c
0134
013b
0143
014a
0151
0159
0160
0167
016f
0176
017e
0185
018c
0194
019b
01a2
01aa
01b1
01b8
01c0
01c7
01ce
01d6
01dd
01e4
01ec
01f3
01fa
0201
0209
0210
0217
021f
0226
022d
0234
023c
0243
024a
0251
0259
0260
0267
026e
0275
027d
0284
028b
0292
0299
02a1
02a8
02af
02b6
02bd
02c4
02cb
02d3
02da
02e1
02e8
02ef
02f6
02fd
0304
030b
0312
0319
0320
0328
032f
0336
033d
0344
034b
0352
0359
0360
0367
036e
0375
037b
0382
0389
0390
0397
039e
03a5
03ac
03b3
03ba
03c0
03c7
03ce
03d5
03dc
03e3
03e9
03f0
03f7
03fe
0405
040b
0412
0419
0420
0426
042d
0434
043a
0441
0448
044f
0455
045c
0462
0469
0470
0476
047d
0483
048a
0491
0497
049e
04a4
04ab
04b1
04b8
04be
04c5
04cb
04d2
04d8
04de
04e5
04eb
04f2
04f8
04fe
0505
050b
0512
0518
051e
0524
052b
0531
0537
053e
0544
054a
0550
0556
055d
0563
0569
056f
0575
057b
0581
0588
058e
0594
059a
05a0
05a6
05ac
05b2
05b8
05be
05c4
05ca
05d0
05d6
05dc
05e1
05e7
05ed
05f3
05f9
05ff
0605
060a
0610
0616
061c
0621
0627
062d
0633
0638
063e
0644
0649
064f
0654
065a
0660
0665
066b
0670
0676
067b
0681
0686
068c
0691
0697
069c
06a1
06a7
06ac
06b1
06b7
06bc
06c1
06c7
06cc
06d1
06d6
06dc
06e1
06e6
06eb
06f0
06f6
06fb
0700
0705
070a
070f
0714
0719
071e
0723
0728
072d
0732
0737
073c
0741
0746
074a
074f
0754
0759
075e
0762
0767
076c
0771
0775
077a
077f
0783
0788
078d
0791
0796
079a
079f
07a3
07a8
07ac
07b1
07b5
07ba
07be
07c3
07c7
07cb
07d0
07d4
07d8
07dd
07e1
07e5
07e9
07ed
07f2
07f6
07fa
07fe
0802
0806
080a
080f
0813
0817
081b
081f
0823
0826
082a
082e
0832
0836
083a
083e
0842
0845
0849
084d
0851
0854
0858
085c
085f
0863
0867
086a
086e
0871
0875
0878
087c
087f
0883
0886
088a
088d
0890
0894
0897
089a
089e
08a1
08a4
08a8
08ab
08ae
08b1
08b4
08b7
08ba
08be
08c1
08c4
08c7
08ca
08cd
08d0
08d3
08d6
08d8
08db
08de
08e1
08e4
08e7
08e9
08ec
08ef
08f2
08f4
08f7
08fa
08fc
08ff
0902
0904
0907
0909
090c
090e
0911
0913
0915
0918
091a
091d
091f
0921
0924
0926
0928
092a
092c
092f
0931
0933
0935
0937
0939
093b
093d
093f
0941
0943
0945
0947
0949
094b
094d
094f
0950
0952
0954
0956
0957
0959
095b
095d
095e
0960
0961
0963
0964
0966
0968
0969
096a
096c
096d
096f
0970
0971
0973
0974
0975
0977
0978
0979
097a
097b
097d
097e
097f
0980
0981
0982
0983
0984
0985
0986
0987
0988
0989
0989
098a
098b
098c
098d
098d
098e
098f
098f
0990
0991
0991
0992
0993
0993
0994
0994
0995
0995
0995
0996
0996
0997
0997
0997
0998
0998
0998
0998
0998
0999
0999
0999
0999
0999
0999
0999
0999
0999
0999
0999
0999
0999
0999
0999
0999
0998
0998
0998
0998
0998
0997
0997
0997
0996
0996
0995
0995
0995
0994
0994
0993
0993
0992
0991
0991
0990
098f
098f
098e
098d
098d
098c
098b
098a
0989
0989
0988
0987
0986
0985
0984
0983
0982
0981
0980
097f
097e
097d
097b
097a
0979
0978
0977
0975
0974
0973
0971
0970
096f
096d
096c
096a
0969
0967
0966
0964
0963
0961
0960
095e
095c
095b
0959
0957
0956
0954
0952
0950
094f
094d
094b
0949
0947
0945
0943
0941
093f
093d
093b
0939
0937
0935
0933
0931
092f
092c
092a
0928
0926
0923
0921
091f
091d
091a
0918
0915
0913
0911
090e
090c
0909
0907
0904
0901
08ff
08fc
08fa
08f7
08f4
08f2
08ef
08ec
08e9
08e7
08e4
08e1
08de
08db
08d8
08d5
08d3
08d0
08cd
08ca
08c7
08c4
08c1
08bd
08ba
08b7
08b4
08b1
08ae
08ab
08a7
08a4
08a1
089e
089a
0897
0894
0890
088d
088a
0886
0883
087f
087c
0878
0875
0871
086e
086a
0866
0863
085f
085c
0858
0854
0851
084d
0849
0845
0841
083e
083a
0836
0832
082e
082a
0826
0822
081e
081a
0816
0812
080e
080a
0806
0802
07fe
07fa
07f6
07f2
07ed
07e9
07e5
07e1
07dc
07d8
07d4
07cf
07cb
07c7
07c2
07be
07ba
07b5
07b1
07ac
07a8
07a3
079f
079a
0796
0791
078c
0788
0783
077f
077a
0775
0771
076c
0767
0762
075e
0759
0754
074f
074a
0745
0741
073c
0737
0732
072d
0728
0723
071e
0719
0714
070f
070a
0705
0700
06fb
06f5
06f0
06eb
06e6
06e1
06dc
06d6
06d1
06cc
06c7
06c1
06bc
06b7
06b1
06ac
06a7
06a1
069c
0696
0691
068c
0686
0681
067b
0676
0670
066b
0665
065f
065a
0654
064f
0649
0643
063e
0638
0632
062d
0627
0621
061b
0616
0610
060a
0604
05ff
05f9
05f3
05ed
05e7
05e1
05db
05d5
05d0
05ca
05c4
05be
05b8
05b2
05ac
05a6
05a0
059a
0594
058d
0587
0581
057b
0575
056f
0569
0563
055c
0556
0550
054a
0544
053d
0537
0531
052b
0524
051e
0518
0511
050b
0505
04fe
04f8
04f2
04eb
04e5
04de
04d8
04d1
04cb
04c5
04be
04b8
04b1
04ab
04a4
049d
0497
0490
048a
0483
047d
0476
046f
0469
0462
045c
0455
044e
0448
0441
043a
0434
042d
0426
041f
0419
0412
040b
0404
03fe
03f7
03f0
03e9
03e2
03dc
03d5
03ce
03c7
03c0
03b9
03b3
03ac
03a5
039e
0397
0390
0389
0382
037b
0374
036d
0366
035f
0358
0351
034a
0343
033c
0335
032e
0327
0320
0319
0312
030b
0304
02fd
02f6
02ef
02e8
02e1
02d9
02d2
02cb
02c4
02bd
02b6
02af
02a7
02a0
0299
0292
028b
0284
027c
0275
026e
0267
0260
0258
0251
024a
0243
023b
0234
022d
0226
021e
0217
0210
0208
0201
01fa
01f3
01eb
01e4
01dd
01d5
01ce
01c7
01bf
01b8
01b1
01a9
01a2
019b
0193
018c
0185
017d
0176
016f
0167
0160
0158
0151
014a
0142
013b
0134
012c
0125
011d
0116
010f
0107
0100
00f8
00f1
00e9
00e2
00db
00d3
00cc
00c4
00bd
00b5
00ae
00a7
009f
0098
0090
0089
0081
007a
0073
006b
0064
005c
0055
004d
0046
003e
0037
002f
0028
0021
0019
0012
000a
0003
3ffb
3ff4
3fec
3fe5
3fdd
3fd6
3fcf
3fc7
3fc0
3fb8
3fb1
3fa9
3fa2
3f9a
3f93
3f8c
3f84
3f7d
3f75
3f6e
3f66
3f5f
3f57
3f50
3f49
3f41
3f3a
3f32
3f2b
3f23
3f1c
3f15
3f0d
3f06
3efe
3ef7
3ef0
3ee8
3ee1
3ed9
3ed2
3ecb
3ec3
3ebc
3eb4
3ead
3ea6
3e9e
3e97
3e8f
3e88
3e81
3e79
3e72
3e6b
3e63
3e5c
3e55
3e4d
3e46
3e3f
3e37
3e30
3e29
3e21
3e1a
3e13
3e0b
3e04
3dfd
3df6
3dee
3de7
3de0
3dd8
3dd1
3dca
3dc3
3dbb
3db4
3dad
3da6
3d9f
3d97
3d90
3d89
3d82
3d7b
3d73
3d6c
3d65
3d5e
3d57
3d4f
3d48
3d41
3d3a
3d33
3d2c
3d25
3d1e
3d16
3d0f
3d08
3d01
3cfa
3cf3
3cec
3ce5
3cde
3cd7
3cd0
3cc9
3cc2
3cbb
3cb4
3cad
3ca6
3c9f
3c98
3c91
3c8a
3c83
3c7c
3c75
3c6e
3c67
3c60
3c59
3c53
3c4c
3c45
3c3e
3c37
3c30
3c29
3c23
3c1c
3c15
3c0e
3c07
3c01
3bfa
3bf3
3bec
3be6
3bdf
3bd8
3bd1
3bcb
3bc4
3bbd
3bb7
3bb0
3ba9
3ba3
3b9c
3b95
3b8f
3b88
3b82
3b7b
3b74
3b6e
3b67
3b61
3b5a
3b54
3b4d
3b47
3b40
3b3a
3b33
3b2d
3b26
3b20
3b1a
3b13
3b0d
3b06
3b00
3afa
3af3
3aed
3ae7
3ae0
3ada
3ad4
3ace
3ac7
3ac1
3abb
3ab5
3aae
3aa8
3aa2
3a9c
3a96
3a8f
3a89
3a83
3a7d
3a77
3a71
3a6b
3a65
3a5f
3a59
3a53
3a4d
3a47
3a41
3a3b
3a35
3a2f
3a29
3a23
3a1d
3a17
3a11
3a0c
3a06
3a00
39fa
39f4
39ef
39e9
39e3
39dd
39d8
39d2
39cc
39c6
39c1
39bb
39b6
39b0
39aa
39a5
399f
399a
3994
398e
3989
3983
397e
3978
3973
396e
3968
3963
395d
3958
3953
394d
3948
3943
393d
3938
3933
392e
3928
3923
391e
3919
3914
390e
3909
3904
38ff
38fa
38f5
38f0
38eb
38e6
38e1
38dc
38d7
38d2
38cd
38c8
38c3
38be
38b9
38b4
38b0
38ab
38a6
38a1
389c
3898
3893
388e
388a
3885
3880
387c
3877
3872
386e
3869
3865
3860
385c
3857
3853
384e
384a
3845
3841
383c
3838
3834
382f
382b
3827
3822
381e
381a
3816
3812
380d
3809
3805
3801
37fd
37f9
37f5
37f1
37ed
37e8
37e4
37e1
37dd
37d9
37d5
37d1
37cd
37c9
37c5
37c1
37be
37ba
37b6
37b2
37af
37ab
37a7
37a3
37a0
379c
3799
3795
3791
378e
378a
3787
3783
3780
377c
3779
3776
3772
376f
376b
3768
3765
3761
375e
375b
3758
3755
3751
374e
374b
3748
3745
3742
373f
373c
3739
3736
3733
3730
372d
372a
3727
3724
3721
371e
371b
3719
3716
3713
3710
370e
370b
3708
3706
3703
3700
36fe
36fb
36f9
36f6
36f4
36f1
36ef
36ec
36ea
36e8
36e5
36e3
36e1
36de
36dc
36da
36d7
36d5
36d3
36d1
36cf
36cd
36ca
36c8
36c6
36c4
36c2
36c0
36be
36bc
36ba
36b8
36b6
36b5
36b3
36b1
36af
36ad
36ac
36aa
36a8
36a6
36a5
36a3
36a1
36a0
369e
369d
369b
369a
3698
3697
3695
3694
3692
3691
3690
368e
368d
368c
368a
3689
3688
3687
3685
3684
3683
3682
3681
3680
367f
367e
367d
367c
367b
367a
3679
3678
3677
3676
3676
3675
3674
3673
3672
3672
3671
3670
3670
366f
366e
366e
366d
366d
366c
366c
366b
366b
366a
366a
366a
3669
3669
3669
3668
3668
3668
3668
3667
3667
3667
3667
3667
3667
3667
3667
3667
3667
3667
3667
3667
3667
3667
3667
3667
3668
3668
3668
3668
3669
3669
3669
366a
366a
366a
366b
366b
366c
366c
366d
366d
366e
366e
366f
366f
3670
3671
3671
3672
3673
3674
3674
3675
3676
3677
3678
3679
3679
367a
367b
367c
367d
367e
367f
3680
3682
3683
3684
3685
3686
3687
3689
368a
368b
368c
368e
368f
3690
3692
3693
3694
3696
3697
3699
369a
369c
369d
369f
36a1
36a2
36a4
36a6
36a7
36a9
36ab
36ac
36ae
36b0
36b2
36b4
36b6
36b7
36b9
36bb
36bd
36bf
36c1
36c3
36c5
36c7
36c9
36cb
36ce
36d0
36d2
36d4
36d6
36d9
36db
36dd
36df
36e2
36e4
36e6
36e9
36eb
36ee
36f0
36f3
36f5
36f8
36fa
36fd
36ff
3702
3704
3707
370a
370c
370f
3712
3715
3717
371a
371d
3720
3723
3725
3728
372b
372e
3731
3734
3737
373a
373d
3740
3743
3746
3749
374d
3750
3753
3756
3759
375d
3760
3763
3766
376a
376d
3770
3774
3777
377b
377e
3782
3785
3789
378c
3790
3793
3797
379a
379e
37a2
37a5
37a9
37ad
37b0
37b4
37b8
37bc
37bf
37c3
37c7
37cb
37cf
37d3
37d7
37db
37df
37e2
37e6
37ea
37ef
37f3
37f7
37fb
37ff
3803
3807
380b
380f
3814
3818
381c
3820
3825
3829
382d
3832
3836
383a
383f
3843
3847
384c
3850
3855
3859
385e
3862
3867
386b
3870
3875
3879
387e
3883
3887
388c
3891
3895
389a
389f
38a4
38a8
38ad
38b2
38b7
38bc
38c1
38c5
38ca
38cf
38d4
38d9
38de
38e3
38e8
38ed
38f2
38f7
38fc
3902
3907
390c
3911
3916
391b
3920
3926
392b
3930
3935
393b
3940
3945
394b
3950
3955
395b
3960
3965
396b
3970
3976
397b
3981
3986
398c
3991
3997
399c
39a2
39a7
39ad
39b3
39b8
39be
39c4
39c9
39cf
39d5
39da
39e0
39e6
39ec
39f1
39f7
39fd
3a03
3a09
3a0e
3a14
3a1a
3a20
3a26
3a2c
3a32
3a38
3a3e
3a44
3a4a
3a50
3a56
3a5c
3a62
3a68
3a6e
3a74
3a7a
3a80
3a86
3a8c
3a93
3a99
3a9f
3aa5
3aab
3ab1
3ab8
3abe
3ac4
3aca
3ad1
3ad7
3add
3ae4
3aea
3af0
3af7
3afd
3b03
3b0a
3b10
3b16
3b1d
3b23
3b2a
3b30
3b37
3b3d
3b43
3b4a
3b50
3b57
3b5d
3b64
3b6b
3b71
3b78
3b7e
3b85
3b8b
3b92
3b99
3b9f
3ba6
3bad
3bb3
3bba
3bc1
3bc7
3bce
3bd5
3bdb
3be2
3be9
3bf0
3bf6
3bfd
3c04
3c0b
3c11
3c18
3c1f
3c26
3c2d
3c34
3c3a
3c41
3c48
3c4f
3c56
3c5d
3c64
3c6b
3c72
3c78
3c7f
3c86
3c8d
3c94
3c9b
3ca2
3ca9
3cb0
3cb7
3cbe
3cc5
3ccc
3cd3
3cda
3ce1
3ce8
3cef
3cf7
3cfe
3d05
3d0c
3d13
3d1a
3d21
3d28
3d2f
3d36
3d3e
3d45
3d4c
3d53
3d5a
3d61
3d69
3d70
3d77
3d7e
3d85
3d8c
3d94
3d9b
3da2
3da9
3db1
3db8
3dbf
3dc6
3dce
3dd5
3ddc
3de3
3deb
3df2
3df9
3e00
3e08
3e0f
3e16
3e1e
3e25
3e2c
3e34
3e3b
3e42
3e4a
3e51
3e58
3e60
3e67
3e6e
3e76
3e7d
3e84
3e8c
3e93
3e9b
3ea2
3ea9
3eb1
3eb8
3ebf
3ec7
3ece
3ed6
3edd
3ee4
3eec
3ef3
3efb
3f02
3f09
3f11
3f18
3f20
3f27
3f2f
3f36
3f3d
3f45
3f4c
3f54
3f5b
3f63
3f6a
3f71
3f79
3f80
3f88
3f8f
3f97
3f9e
3fa6
3fad
3fb4
3fbc
3fc3
3fcb
3fd2
3fda
3fe1
3fe9
3ff0
3ff8
3fff
0006
000e
0015
001d
0024
002c
0033
003b
0042
004a
0051
0058
0060
0067
006f
0076
007e
0085
008d
0094
009b
00a3
00aa
00b2
00b9
00c1
00c8
00cf
00d7
00de
00e6
00ed
00f5
00fc
0103
010b
0112
011a
0121
0128
0130
0137
013f
0146
014d
0155
015c
0163
016b
0172
017a
0181
0188
0190
0197
019e
01a6
01ad
01b4
01bc
01c3
01ca
01d2
01d9
01e0
01e8
01ef
01f6
01fe
0205
020c
0213
021b
0222
0229
0230
0238
023f
0246
024d
0255
025c
0263
026a
0272
0279
0280
0287
028e
0296
029d
02a4
02ab
02b2
02b9
02c0
02c8
02cf
02d6
02dd
02e4
02eb
02f2
02f9
0300
0308
030f
0316
031d
0324
032b
0332
0339
0340
0347
034e
0355
035c
0363
036a
0371
0378
037f
0386
038d
0393
039a
03a1
03a8
03af
03b6
03bd
03c4
03cb
03d1
03d8
03df
03e6
03ed
03f3
03fa
0401
0408
040f
0415
041c
0423
0429
0430
0437
043e
0444
044b
0452
0458
045f
0466
046c
0473
0479
0480
0487
048d
0494
049a
04a1
04a7
04ae
04b4
04bb
04c1
04c8
04ce
04d5
04db
04e1
04e8
04ee
04f5
04fb
0501
0508
050e
0514
051b
0521
0527
052e
0534
053a
0540
0547
054d
0553
0559
055f
0566
056c
0572
0578
057e
0584
058a
0590
0597
059d
05a3
05a9
05af
05b5
05bb
05c1
05c7
05cd
05d2
05d8
05de
05e4
05ea
05f0
05f6
05fc
0601
0607
060d
0613
0619
061e
0624
062a
062f
0635
063b
0641
0646
064c
0651
0657
065d
0662
0668
066d
0673
0678
067e
0683
0689
068e
0694
0699
069e
06a4
06a9
06af
06b4
06b9
06bf
06c4
06c9
06ce
06d4
06d9
06de
06e3
06e9
06ee
06f3
06f8
06fd
0702
0707
070c
0711
0716
071b
0720
0725
072a
072f
0734
0739
073e
0743
0748
074d
0752
0756
075b
0760
0765
0769
076e
0773
0778
077c
0781
0786
078a
078f
0793
0798
079c
07a1
07a5
07aa
07ae
07b3
07b7
07bc
07c0
07c5
07c9
07cd
07d2
07d6
07da
07df
07e3
07e7
07eb
07ef
07f4
07f8
07fc
0800
0804
0808
080c
0810
0814
0818
081c
0820
0824
0828
082c
0830
0834
0838
083c
0840
0843
0847
084b
084f
0852
0856
085a
085d
0861
0865
0868
086c
086f
0873
0877
087a
087e
0881
0884
0888
088b
088f
0892
0895
0899
089c
089f
08a3
08a6
08a9
08ac
08af
08b3
08b6
08b9
08bc
08bf
08c2
08c5
08c8
08cb
08ce
08d1
08d4
08d7
08da
08dd
08e0
08e2
08e5
08e8
08eb
08ed
08f0
08f3
08f6
08f8
08fb
08fe
0900
0903
0905
0908
090a
090d
090f
0912
0914
0917
0919
091b
091e
0920
0922
0925
0927
0929
092b
092e
0930
0932
0934
0936
0938
093a
093c
093e
0940
0942
0944
0946
0948
094a
094c
094e
094f
0951
0953
0955
0957
0958
095a
095c
095d
095f
0961
0962
0964
0965
0967
0968
096a
096b
096d
096e
096f
0971
0972
0973
0975
0976
0977
0978
097a
097b
097c
097d
097e
097f
0980
0981
0982
0983
0984
0985
0986
0987
0988
0989
098a
098b
098b
098c
098d
098e
098e
098f
0990
0990
0991
0992
0992
0993
0993
0994
0994
0995
0995
0996
0996
0996
0997
0997
0997
0998
0998
0998
0998
0999
0999
0999
0999
0999
0999
0999
0999
0999
0999
0999
0999
0999
0999
0999
0999
0999
0998
0998
0998
0998
0997
0997
0997
0996
0996
0996
0995
0995
0994
0994
0993
0993
0992
0992
0991
0990
0990
098f
098e
098e
098d
098c
098b
098b
098a
0989
0988
0987
0986
0985
0984
0983
0982
0981
0980
097f
097e
097d
097c
097b
097a
0978
0977
0976
0975
0973
0972
0971
096f
096e
096d
096b
096a
0968
0967
0965
0964
0962
0961
095f
095d
095c
095a
0958
0957
0955
0953
0951
0950
094e
094c
094a
0948
0946
0944
0942
0940
093e
093c
093a
0938
0936
0934
0932
0930
092e
092b
0929
0927
0925
0922
0920
091e
091b
0919
0917
0914
0912
090f
090d
090a
0908
0905
0903
0900
08fe
08fb
08f8
08f6
08f3
08f0
08ee
08eb
08e8
08e5
08e2
08e0
08dd
08da
08d7
08d4
08d1
08ce
08cb
08c8
08c5
08c2
08bf
08bc
08b9
08b6
08b3
08b0
08ac
08a9
08a6
08a3
089f
089c
0899
0895
0892
088f
088b
0888
0885
0881
087e
087a
0877
0873
0870
086c
0868
0865
0861
085e
085a
0856
0852
084f
084b
0847
0843
0840
083c
0838
0834
0830
082c
0828
0825
0821
081d
0819
0815
0811
080c
0808
0804
0800
07fc
07f8
07f4
07f0
07eb
07e7
07e3
07df
07da
07d6
07d2
07cd
07c9
07c5
07c0
07bc
07b8
07b3
07af
07aa
07a6
07a1
079d
0798
0793
078f
078a
0786
0781
077c
0778
0773
076e
076a
0765
0760
075b
0757
0752
074d
0748
0743
073e
0739
0734
0730
072b
0726
0721
071c
0717
0712
070d
0707
0702
06fd
06f8
06f3
06ee
06e9
06e4
06de
06d9
06d4
06cf
06c9
06c4
06bf
06b9
06b4
06af
06a9
06a4
069f
0699
0694
068e
0689
0684
067e
0679
0673
066d
0668
0662
065d
0657
0652
064c
0646
0641
063b
0635
0630
062a
0624
061f
0619
0613
060d
0607
0602
05fc
05f6
05f0
05ea
05e4
05df
05d9
05d3
05cd
05c7
05c1
05bb
05b5
05af
05a9
05a3
059d
0597
0591
058b
0585
057e
0578
0572
056c
0566
0560
055a
0553
054d
0547
0541
053a
0534
052e
0528
0521
051b
0515
050e
0508
0502
04fb
04f5
04ef
04e8
04e2
04db
04d5
04ce
04c8
04c1
04bb
04b5
04ae
04a8
04a1
049a
0494
048d
0487
0480
047a
0473
046c
0466
045f
0459
0452
044b
0445
043e
0437
0430
042a
0423
041c
0416
040f
0408
0401
03fb
03f4
03ed
03e6
03df
03d8
03d2
03cb
03c4
03bd
03b6
03af
03a8
03a2
039b
0394
038d
0386
037f
0378
0371
036a
0363
035c
0355
034e
0347
0340
0339
0332
032b
0324
031d
0316
030f
0308
0301
02fa
02f3
02eb
02e4
02dd
02d6
02cf
02c8
02c1
02ba
02b2
02ab
02a4
029d
0296
028f
0287
0280
0279
0272
026b
0263
025c
0255
024e
0246
023f
0238
0231
0229
0222
021b
0214
020c
0205
01fe
01f7
01ef
01e8
01e1
01d9
01d2
01cb
01c3
01bc
01b5
01ad
01a6
019f
0197
0190
0189
0181
017a
0173
016b
0164
015c
0155
014e
0146
013f
0137
0130
0129
0121
011a
0112
010b
0104
00fc
00f5
00ed
00e6
00df
00d7
00d0
00c8
00c1
00b9
00b2
00ab
00a3
009c
0094
008d
0085
007e
0076
006f
0068
0060
0059
0051
004a
0042
003b
0033
002c
0025
001d
0016
000e
0007
3fff
3ff8
3ff0
3fe9
3fe1
3fda
3fd3
3fcb
3fc4
3fbc
3fb5
3fad
3fa6
3f9e
3f97
3f90
3f88
3f81
3f79
3f72
3f6a
3f63
3f5b
3f54
3f4d
3f45
3f3e
3f36
3f2f
3f27
3f20
3f19
3f11
3f0a
3f02
3efb
3ef3
3eec
3ee5
3edd
3ed6
3ece
3ec7
3ec0
3eb8
3eb1
3eaa
3ea2
3e9b
3e93
3e8c
3e85
3e7d
3e76
3e6f
3e67
3e60
3e59
3e51
3e4a
3e43
3e3b
3e34
3e2d
3e25
3e1e
3e17
3e0f
3e08
3e01
3df9
3df2
3deb
3de4
3ddc
3dd5
3dce
3dc7
3dbf
3db8
3db1
3daa
3da2
3d9b
3d94
3d8d
3d86
3d7e
3d77
3d70
3d69
3d62
3d5a
3d53
3d4c
3d45
3d3e
3d37
3d30
3d28
3d21
3d1a
3d13
3d0c
3d05
3cfe
3cf7
3cf0
3ce9
3ce2
3cdb
3cd4
3ccd
3cc5
3cbe
3cb7
3cb0
3ca9
3ca2
3c9c
3c95
3c8e
3c87
3c80
3c79
3c72
3c6b
3c64
3c5d
3c56
3c4f
3c48
3c42
3c3b
3c34
3c2d
3c26
3c1f
3c19
3c12
3c0b
3c04
3bfd
3bf7
3bf0
3be9
3be2
3bdc
3bd5
3bce
3bc8
3bc1
3bba
3bb3
3bad
3ba6
3ba0
3b99
3b92
3b8c
3b85
3b7f
3b78
3b71
3b6b
3b64
3b5e
3b57
3b51
3b4a
3b44
3b3d
3b37
3b30
3b2a
3b23
3b1d
3b17
3b10
3b0a
3b03
3afd
3af7
3af0
3aea
3ae4
3add
3ad7
3ad1
3acb
3ac4
3abe
3ab8
3ab2
3aab
3aa5
3a9f
3a99
3a93
3a8d
3a87
3a80
3a7a
3a74
3a6e
3a68
3a62
3a5c
3a56
3a50
3a4a
3a44
3a3e
3a38
3a32
3a2c
3a26
3a20
3a1a
3a15
3a0f
3a09
3a03
39fd
39f7
39f2
39ec
39e6
39e0
39db
39d5
39cf
39c9
39c4
39be
39b9
39b3
39ad
39a8
39a2
399d
3997
3991
398c
3986
3981
397b
3976
3971
396b
3966
3960
395b
3955
3950
394b
3945
3940
393b
3936
3930
392b
3926
3921
391b
3916
3911
390c
3907
3902
38fd
38f8
38f2
38ed
38e8
38e3
38de
38d9
38d4
38d0
38cb
38c6
38c1
38bc
38b7
38b2
38ad
38a9
38a4
389f
389a
3895
3891
388c
3887
3883
387e
3879
3875
3870
386c
3867
3862
385e
3859
3855
3850
384c
3848
3843
383f
383a
3836
3832
382d
3829
3825
3820
381c
3818
3814
3810
380b
3807
3803
37ff
37fb
37f7
37f3
37ef
37eb
37e7
37e3
37df
37db
37d7
37d3
37cf
37cb
37c7
37c3
37c0
37bc
37b8
37b4
37b1
37ad
37a9
37a5
37a2
379e
379a
3797
3793
3790
378c
3789
3785
3782
377e
377b
3777
3774
3771
376d
376a
3767
3763
3760
375d
3759
3756
3753
3750
374d
374a
3746
3743
3740
373d
373a
3737
3734
3731
372e
372b
3728
3726
3723
3720
371d
371a
3717
3715
3712
370f
370c
370a
3707
3704
3702
36ff
36fd
36fa
36f8
36f5
36f3
36f0
36ee
36eb
36e9
36e6
36e4
36e2
36df
36dd
36db
36d9
36d6
36d4
36d2
36d0
36ce
36cc
36c9
36c7
36c5
36c3
36c1
36bf
36bd
36bb
36b9
36b8
36b6
36b4
36b2
36b0
36ae
36ad
36ab
36a9
36a7
36a6
36a4
36a2
36a1
369f
369e
369c
369a
3699
3697
3696
3695
3693
3692
3690
368f
368e
368c
368b
368a
3689
3687
3686
3685
3684
3683
3682
3680
367f
367e
367d
367c
367b
367a
3679
3679
3678
3677
3676
3675
3674
3674
3673
3672
3671
3671
3670
366f
366f
366e
366e
366d
366d
366c
366c
366b
366b
366a
366a
366a
3669
3669
3669
3668
3668
3668
3668
3667
3667
3667
3667
3667
3667
3667
3667
3667
3667
3667
3667
3667
3667
3667
3667
3667
3668
3668
3668
3668
3669
3669
3669
366a
366a
366a
366b
366b
366c
366c
366d
366d
366e
366e
366f
3670
3670
3671
3672
3672
3673
3674
3675
3676
3676
3677
3678
3679
367a
367b
367c
367d
367e
367f
3680
3681
3682
3683
3684
3685
3687
3688
3689
368a
368c
368d
368e
3690
3691
3692
3694
3695
3697
3698
369a
369b
369d
369e
36a0
36a1
36a3
36a5
36a6
36a8
36aa
36ac
36ad
36af
36b1
36b3
36b5
36b6
36b8
36ba
36bc
36be
36c0
36c2
36c4
36c6
36c8
36ca
36cc
36cf
36d1
36d3
36d5
36d7
36da
36dc
36de
36e0
36e3
36e5
36e7
36ea
36ec
36ef
36f1
36f4
36f6
36f9
36fb
36fe
3700
3703
3706
3708
370b
370e
3710
3713
3716
3719
371b
371e
3721
3724
3727
372a
372d
3730
3732
3735
3738
373b
373f
3742
3745
3748
374b
374e
3751
3754
3758
375b
375e
3761
3765
3768
376b
376f
3772
3775
3779
377c
3780
3783
3787
378a
378e
3791
3795
3798
379c
37a0
37a3
37a7
37ab
37ae
37b2
37b6
37ba
37bd
37c1
37c5
37c9
37cd
37d1
37d5
37d8
37dc
37e0
37e4
37e8
37ec
37f0
37f4
37f9
37fd
3801
3805
3809
380d
3811
3816
381a
381e
3822
3827
382b
382f
3834
3838
383c
3841
3845
3849
384e
3852
3857
385b
3860
3864
3869
386e
3872
3877
387b
3880
3885
3889
388e
3893
3898
389c
38a1
38a6
38ab
38af
38b4
38b9
38be
38c3
38c8
38cd
38d2
38d7
38dc
38e1
38e6
38eb
38f0
38f5
38fa
38ff
3904
3909
390e
3913
3919
391e
3923
3928
392d
3933
3938
393d
3942
3948
394d
3952
3958
395d
3963
3968
396d
3973
3978
397e
3983
3989
398e
3994
3999
399f
39a4
39aa
39b0
39b5
39bb
39c1
39c6
39cc
39d2
39d7
39dd
39e3
39e9
39ee
39f4
39fa
3a00
3a06
3a0b
3a11
3a17
3a1d
3a23
3a29
3a2f
3a35
3a3b
3a41
3a47
3a4d
3a53
3a59
3a5f
3a65
3a6b
3a71
3a77
3a7d
3a83
3a89
3a8f
3a95
3a9c
3aa2
3aa8
3aae
3ab4
3abb
3ac1
3ac7
3acd
3ad4
3ada
3ae0
3ae6
3aed
3af3
3af9
3b00
3b06
3b0d
3b13
3b19
3b20
3b26
3b2d
3b33
3b3a
3b40
3b46
3b4d
3b53
3b5a
3b61
3b67
3b6e
3b74
3b7b
3b81
3b88
3b8f
3b95
3b9c
3ba2
3ba9
3bb0
3bb6
3bbd
3bc4
3bca
3bd1
3bd8
3bdf
3be5
3bec
3bf3
3bfa
3c00
3c07
3c0e
3c15
3c1b
3c22
3c29
3c30
3c37
3c3e
3c45
3c4b
3c52
3c59
3c60
3c67
3c6e
3c75
3c7c
3c83
3c8a
3c91
3c98
3c9f
3ca5
3cac
3cb3
3cba
3cc1
3cc9
3cd0
3cd7
3cde
3ce5
3cec
3cf3
3cfa
3d01
3d08
3d0f
3d16
3d1d
3d24
3d2c
3d33
3d3a
3d41
3d48
3d4f
3d56
3d5e
3d65
3d6c
3d73
3d7a
3d81
3d89
3d90
3d97
3d9e
3da6
3dad
3db4
3dbb
3dc2
3dca
3dd1
3dd8
3ddf
3de7
3dee
3df5
3dfd
3e04
3e0b
3e12
3e1a
3e21
3e28
3e30
3e37
3e3e
3e46
3e4d
3e54
3e5c
3e63
3e6a
3e72
3e79
3e80
3e88
3e8f
3e97
3e9e
3ea5
3ead
3eb4
3ebb
3ec3
3eca
3ed2
3ed9
3ee0
3ee8
3eef
3ef7
3efe
3f05
3f0d
3f14
3f1c
3f23
3f2b
3f32
3f39
3f41
3f48
3f50
3f57
3f5f
3f66
3f6d
3f75
3f7c
3f84
3f8b
3f93
3f9a
3fa2
3fa9
3fb0
3fb8
3fbf
3fc7
3fce
3fd6
3fdd
3fe5
3fec
3ff4
3ffb
0002
000a
0011
0019
0020
0028
002f
0037
003e
0046
004d
0054
005c
0063
006b
0072
007a
0081
0089
0090
0097
009f
00a6
00ae
00b5
00bd
00c4
00cb
00d3
00da
00e2
00e9
00f1
00f8
00ff
0107
010e
0116
011d
0124
012c
0133
013b
0142
0149
0151
0158
0160
0167
016e
0176
017d
0184
018c
0193
019a
01a2
01a9
01b0
01b8
01bf
01c6
01ce
01d5
01dc
01e4
01eb
01f2
01fa
0201
0208
0210
0217
021e
0225
022d
0234
023b
0242
024a
0251
0258
025f
0266
026e
0275
027c
0283
028b
0292
0299
02a0
02a7
02ae
02b6
02bd
02c4
02cb
02d2
02d9
02e0
02e7
02ef
02f6
02fd
0304
030b
0312
0319
0320
0327
032e
0335
033c
0343
034a
0351
0358
035f
0366
036d
0374
037b
0382
0389
0390
0397
039e
03a5
03ab
03b2
03b9
03c0
03c7
03ce
03d5
03db
03e2
03e9
03f0
03f7
03fd
0404
040b
0412
0418
041f
0426
042d
0433
043a
0441
0447
044e
0455
045b
0462
0469
046f
0476
047c
0483
048a
0490
0497
049d
04a4
04aa
04b1
04b7
04be
04c4
04cb
04d1
04d8
04de
04e4
04eb
04f1
04f8
04fe
0504
050b
0511
0517
051e
0524
052a
0531
0537
053d
0543
054a
0550
0556
055c
0562
0569
056f
0575
057b
0581
0587
058d
0593
0599
059f
05a5
05ab
05b1
05b7
05bd
05c3
05c9
05cf
05d5
05db
05e1
05e7
05ed
05f3
05f8
05fe
0604
060a
0610
0615
061b
0621
0627
062c
0632
0638
063d
0643
0649
064e
0654
065a
065f
0665
066a
0670
0675
067b
0680
0686
068b
0691
0696
069c
06a1
06a6
06ac
06b1
06b6
06bc
06c1
06c6
06cc
06d1
06d6
06db
06e1
06e6
06eb
06f0
06f5
06fa
06ff
0705
070a
070f
0714
0719
071e
0723
0728
072d
0732
0737
073b
0740
0745
074a
074f
0754
0759
075d
0762
0767
076c
0770
0775
077a
077e
0783
0788
078c
0791
0795
079a
079f
07a3
07a8
07ac
07b1
07b5
07b9
07be
07c2
07c7
07cb
07cf
07d4
07d8
07dc
07e1
07e5
07e9
07ed
07f1
07f6
07fa
07fe
0802
0806
080a
080e
0812
0816
081a
081e
0822
0826
082a
082e
0832
0836
083a
083d
0841
0845
0849
084d
0850
0854
0858
085b
085f
0863
0866
086a
086e
0871
0875
0878
087c
087f
0883
0886
0889
088d
0890
0894
0897
089a
089e
08a1
08a4
08a7
08ab
08ae
08b1
08b4
08b7
08ba
08bd
08c0
08c3
08c7
08ca
08cd
08cf
08d2
08d5
08d8
08db
08de
08e1
08e4
08e6
08e9
08ec
08ef
08f1
08f4
08f7
08fa
08fc
08ff
0901
0904
0906
0909
090b
090e
0910
0913
0915
0918
091a
091c
091f
0921
0923
0926
0928
092a
092c
092f
0931
0933
0935
0937
0939
093b
093d
093f
0941
0943
0945
0947
0949
094b
094d
094f
0950
0952
0954
0956
0957
0959
095b
095c
095e
0960
0961
0963
0964
0966
0967
0969
096a
096c
096d
096f
0970
0971
0973
0974
0975
0976
0978
0979
097a
097b
097c
097e
097f
0980
0981
0982
0983
0984
0985
0986
0987
0988
0989
0989
098a
098b
098c
098d
098d
098e
098f
098f
0990
0991
0991
0992
0992
0993
0994
0994
0995
0995
0995
0996
0996
0997
0997
0997
0998
0998
0998
0998
0998
0999
0999
0999
0999
0999
0999
0999
0999
0999
0999
0999
0999
0999
0999
0999
0999
0998
0998
0998
0998
0998
0997
0997
0997
0996
0996
0995
0995
0995
0994
0994
0993
0993
0992
0991
0991
0990
0990
098f
098e
098d
098d
098c
098b
098a
0989
0989
0988
0987
0986
0985
0984
0983
0982
0981
0980
097f
097e
097d
097b
097a
0979
0978
0977
0975
0974
0973
0971
0970
096f
096d
096c
096b
0969
0968
0966
0965
0963
0961
0960
095e
095d
095b
0959
0958
0956
0954
0952
0951
094f
094d
094b
0949
0947
0945
0943
0941
093f
093d
093b
0939
0937
0935
0933
0931
092f
092d
092a
0928
0926
0924
0921
091f
091d
091a
0918
0916
0913
0911
090e
090c
0909
0907
0904
0902
08ff
08fc
08fa
08f7
08f4
08f2
08ef
08ec
08ea
08e7
08e4
08e1
08de
08db
08d9
08d6
08d3
08d0
08cd
08ca
08c7
08c4
08c1
08be
08bb
08b7
08b4
08b1
08ae
08ab
08a8
08a4
08a1
089e
089b
0897
0894
0891
088d
088a
0886
0883
087f
087c
0879
0875
0871
086e
086a
0867
0863
085f
085c
0858
0854
0851
084d
0849
0845
0842
083e
083a
0836
0832
082e
082b
0827
0823
081f
081b
0817
0813
080f
080b
0807
0802
07fe
07fa
07f6
07f2
07ee
07e9
07e5
07e1
07dd
07d8
07d4
07d0
07cb
07c7
07c3
07be
07ba
07b5
07b1
07ad
07a8
07a4
079f
079a
0796
0791
078d
0788
0784
077f
077a
0776
0771
076c
0767
0763
075e
0759
0754
074f
074b
0746
0741
073c
0737
0732
072d
0728
0723
071e
0719
0714
070f
070a
0705
0700
06fb
06f6
06f1
06eb
06e6
06e1
06dc
06d7
06d1
06cc
06c7
06c2
06bc
06b7
06b2
06ac
06a7
06a2
069c
0697
0691
068c
0686
0681
067b
0676
0670
066b
0665
0660
065a
0655
064f
0649
0644
063e
0638
0633
062d
0627
0622
061c
0616
0610
060b
0605
05ff
05f9
05f3
05ed
05e8
05e2
05dc
05d6
05d0
05ca
05c4
05be
05b8
05b2
05ac
05a6
05a0
059a
0594
058e
0588
0582
057c
0575
056f
0569
0563
055d
0557
0550
054a
0544
053e
0537
0531
052b
0525
051e
0518
0512
050b
0505
04ff
04f8
04f2
04ec
04e5
04df
04d8
04d2
04cb
04c5
04be
04b8
04b1
04ab
04a4
049e
0497
0491
048a
0484
047d
0477
0470
0469
0463
045c
0455
044f
0448
0441
043b
0434
042d
0427
0420
0419
0412
040c
0405
03fe
03f7
03f1
03ea
03e3
03dc
03d5
03ce
03c8
03c1
03ba
03b3
03ac
03a5
039e
0397
0391
038a
0383
037c
0375
036e
0367
0360
0359
0352
034b
0344
033d
0336
032f
0328
0321
031a
0313
030c
0305
02fd
02f6
02ef
02e8
02e1
02da
02d3
02cc
02c5
02bd
02b6
02af
02a8
02a1
029a
0292
028b
0284
027d
0276
026e
0267
0260
0259
0252
024a
0243
023c
0235
022d
0226
021f
0218
0210
0209
0202
01fa
01f3
01ec
01e5
01dd
01d6
01cf
01c7
01c0
01b9
01b1
01aa
01a3
019b
0194
018d
0185
017e
0176
016f
0168
0160
0159
0152
014a
0143
013b
0134
012d
0125
011e
0116
010f
0108
0100
00f9
00f1
00ea
00e3
00db
00d4
00cc
00c5
00bd
00b6
00af
00a7
00a0
0098
0091
0089
0082
007a
0073
006c
0064
005d
0055
004e
0046
003f
0037
0030
0029
0021
001a
0012
000b
0003
3ffc
3ff4
3fed
3fe5
3fde
3fd7
3fcf
3fc8
3fc0
3fb9
3fb1
3faa
3fa2
3f9b
3f93
3f8c
3f85
3f7d
3f76
3f6e
3f67
3f5f
3f58
3f51
3f49
3f42
3f3a
3f33
3f2b
3f24
3f1d
3f15
3f0e
3f06
3eff
3ef7
3ef0
3ee9
3ee1
3eda
3ed2
3ecb
3ec4
3ebc
3eb5
3ead
3ea6
3e9f
3e97
3e90
3e89
3e81
3e7a
3e73
3e6b
3e64
3e5c
3e55
3e4e
3e46
3e3f
3e38
3e30
3e29
3e22
3e1b
3e13
3e0c
3e05
3dfd
3df6
3def
3de8
3de0
3dd9
3dd2
3dca
3dc3
3dbc
3db5
3dad
3da6
3d9f
3d98
3d91
3d89
3d82
3d7b
3d74
3d6d
3d65
3d5e
3d57
3d50
3d49
3d42
3d3b
3d33
3d2c
3d25
3d1e
3d17
3d10
3d09
3d02
3cfb
3cf4
3cec
3ce5
3cde
3cd7
3cd0
3cc9
3cc2
3cbb
3cb4
3cad
3ca6
3c9f
3c98
3c91
3c8a
3c83
3c7c
3c76
3c6f
3c68
3c61
3c5a
3c53
3c4c
3c45
3c3e
3c38
3c31
3c2a
3c23
3c1c
3c15
3c0f
3c08
3c01
3bfa
3bf3
3bed
3be6
3bdf
3bd9
3bd2
3bcb
3bc4
3bbe
3bb7
3bb0
3baa
3ba3
3b9c
3b96
3b8f
3b89
3b82
3b7b
3b75
3b6e
3b68
3b61
3b5b
3b54
3b4e
3b47
3b41
3b3a
3b34
3b2d
3b27
3b20
3b1a
3b14
3b0d
3b07
3b00
3afa
3af4
3aed
3ae7
3ae1
3adb
3ad4
3ace
3ac8
3ac1
3abb
3ab5
3aaf
3aa9
3aa2
3a9c
3a96
3a90
3a8a
3a84
3a7e
3a77
3a71
3a6b
3a65
3a5f
3a59
3a53
3a4d
3a47
3a41
3a3b
3a35
3a2f
3a29
3a23
3a1e
3a18
3a12
3a0c
3a06
3a00
39fb
39f5
39ef
39e9
39e3
39de
39d8
39d2
39cd
39c7
39c1
39bc
39b6
39b0
39ab
39a5
399f
399a
3994
398f
3989
3984
397e
3979
3973
396e
3969
3963
395e
3958
3953
394e
3948
3943
393e
3938
3933
392e
3929
3923
391e
3919
3914
390f
390a
3904
38ff
38fa
38f5
38f0
38eb
38e6
38e1
38dc
38d7
38d2
38cd
38c8
38c3
38be
38ba
38b5
38b0
38ab
38a6
38a2
389d
3898
3893
388f
388a
3885
3881
387c
3877
3873
386e
3869
3865
3860
385c
3857
3853
384e
384a
3846
3841
383d
3838
3834
3830
382b
3827
3823
381e
381a
3816
3812
380e
3809
3805
3801
37fd
37f9
37f5
37f1
37ed
37e9
37e5
37e1
37dd
37d9
37d5
37d1
37cd
37c9
37c5
37c2
37be
37ba
37b6
37b2
37af
37ab
37a7
37a4
37a0
379c
3799
3795
3792
378e
378b
3787
3784
3780
377d
3779
3776
3772
376f
376c
3768
3765
3762
375e
375b
3758
3755
3752
374e
374b
3748
3745
3742
373f
373c
3739
3736
3733
3730
372d
372a
3727
3724
3721
371e
371c
3719
3716
3713
3711
370e
370b
3709
3706
3703
3701
36fe
36fb
36f9
36f6
36f4
36f1
36ef
36ed
36ea
36e8
36e5
36e3
36e1
36de
36dc
36da
36d8
36d5
36d3
36d1
36cf
36cd
36cb
36c8
36c6
36c4
36c2
36c0
36be
36bc
36ba
36b9
36b7
36b5
36b3
36b1
36af
36ad
36ac
36aa
36a8
36a7
36a5
36a3
36a2
36a0
369e
369d
369b
369a
3698
3697
3695
3694
3692
3691
3690
368e
368d
368c
368a
3689
3688
3687
3686
3684
3683
3682
3681
3680
367f
367e
367d
367c
367b
367a
3679
3678
3677
3676
3676
3675
3674
3673
3672
3672
3671
3670
3670
366f
366f
366e
366d
366d
366c
366c
366b
366b
366a
366a
366a
3669
3669
3669
3668
3668
3668
3668
3667
3667
3667
3667
3667
3667
3667
3667
3667
3667
3667
3667
3667
3667
3667
3667
3667
3668
3668
3668
3668
3669
3669
3669
3669
366a
366a
366b
366b
366c
366c
366d
366d
366e
366e
366f
366f
3670
3671
3671
3672
3673
3674
3674
3675
3676
3677
3678
3678
3679
367a
367b
367c
367d
367e
367f
3680
3681
3683
3684
3685
3686
3687
3688
368a
368b
368c
368e
368f
3690
3692
3693
3694
3696
3697
3699
369a
369c
369d
369f
36a1
36a2
36a4
36a5
36a7
36a9
36ab
36ac
36ae
36b0
36b2
36b4
36b5
36b7
36b9
36bb
36bd
36bf
36c1
36c3
36c5
36c7
36c9
36cb
36cd
36d0
36d2
36d4
36d6
36d8
36db
36dd
36df
36e2
36e4
36e6
36e9
36eb
36ed
36f0
36f2
36f5
36f7
36fa
36fc
36ff
3702
3704
3707
3709
370c
370f
3712
3714
3717
371a
371d
3720
3722
3725
3728
372b
372e
3731
3734
3737
373a
373d
3740
3743
3746
3749
374c
3750
3753
3756
3759
375c
3760
3763
3766
376a
376d
3770
3774
3777
377a
377e
3781
3785
3788
378c
378f
3793
3797
379a
379e
37a1
37a5
37a9
37ac
37b0
37b4
37b8
37bb
37bf
37c3
37c7
37cb
37cf
37d2
37d6
37da
37de
37e2
37e6
37ea
37ee
37f2
37f6
37fa
37ff
3803
3807
380b
380f
3813
3818
381c
3820
3824
3829
382d
3831
3836
383a
383e
3843
3847
384c
3850
3854
3859
385d
3862
3867
386b
3870
3874
3879
387e
3882
3887
388c
3890
3895
389a
389e
38a3
38a8
38ad
38b2
38b7
38bb
38c0
38c5
38ca
38cf
38d4
38d9
38de
38e3
38e8
38ed
38f2
38f7
38fc
3901
3906
390b
3911
3916
391b
3920
3925
392b
3930
3935
393a
3940
3945
394a
3950
3955
395a
3960
3965
396b
3970
3975
397b
3980
3986
398b
3991
3996
399c
39a2
39a7
39ad
39b2
39b8
39be
39c3
39c9
39cf
39d4
39da
39e0
39e5
39eb
39f1
39f7
39fd
3a02
3a08
3a0e
3a14
3a1a
3a20
3a26
3a2c
3a31
3a37
3a3d
3a43
3a49
3a4f
3a55
3a5b
3a61
3a67
3a6d
3a74
3a7a
3a80
3a86
3a8c
3a92
3a98
3a9e
3aa5
3aab
3ab1
3ab7
3abd
3ac4
3aca
3ad0
3ad7
3add
3ae3
3ae9
3af0
3af6
3afc
3b03
3b09
3b10
3b16
3b1c
3b23
3b29
3b30
3b36
3b3d
3b43
3b4a
3b50
3b57
3b5d
3b64
3b6a
3b71
3b77
3b7e
3b84
3b8b
3b92
3b98
3b9f
3ba5
3bac
3bb3
3bb9
3bc0
3bc7
3bce
3bd4
3bdb
3be2
3be8
3bef
3bf6
3bfd
3c03
3c0a
3c11
3c18
3c1f
3c25
3c2c
3c33
3c3a
3c41
3c48
3c4f
3c55
3c5c
3c63
3c6a
3c71
3c78
3c7f
3c86
3c8d
3c94
3c9b
3ca2
3ca9
3cb0
3cb7
3cbe
3cc5
3ccc
3cd3
3cda
3ce1
3ce8
3cef
3cf6
3cfd
3d04
3d0b
3d12
3d1a
3d21
3d28
3d2f
3d36
3d3d
3d44
3d4b
3d53
3d5a
3d61
3d68
3d6f
3d76
3d7e
3d85
3d8c
3d93
3d9a
3da2
3da9
3db0
3db7
3dbf
3dc6
3dcd
3dd4
3ddc
3de3
3dea
3df1
3df9
3e00
3e07
3e0f
3e16
3e1d
3e25
3e2c
3e33
3e3a
3e42
3e49
3e50
3e58
3e5f
3e66
3e6e
3e75
3e7d
3e84
3e8b
3e93
3e9a
3ea1
3ea9
3eb0
3eb8
3ebf
3ec6
3ece
3ed5
3edd
3ee4
3eeb
3ef3
3efa
3f02
3f09
3f10
3f18
3f1f
3f27
3f2e
3f35
3f3d
3f44
3f4c
3f53
3f5b
3f62
3f6a
3f71
3f78
3f80
3f87
3f8f
3f96
3f9e
3fa5
3fad
3fb4
3fbb
3fc3
3fca
3fd2
3fd9
3fe1
3fe8
3ff0
3ff7
3ffe
0006
000d
0015
001c
0024
002b
0033
003a
0042
0049
0050
0058
005f
0067
006e
0076
007d
0085
008c
0093
009b
00a2
00aa
00b1
00b9
00c0
00c8
00cf
00d6
00de
00e5
00ed
00f4
00fb
0103
010a
0112
0119
0121
0128
012f
0137
013e
0145
014d
0154
015c
0163
016a
0172
0179
0180
0188
018f
0197
019e
01a5
01ad
01b4
01bb
01c3
01ca
01d1
01d9
01e0
01e7
01ee
01f6
01fd
0204
020c
0213
021a
0221
0229
0230
0237
023e
0246
024d
0254
025b
0263
026a
0271
0278
027f
0287
028e
0295
029c
02a3
02ab
02b2
02b9
02c0
02c7
02ce
02d5
02dd
02e4
02eb
02f2
02f9
0300
0307
030e
0315
031c
0323
032a
0331
0338
033f
0346
034d
0354
035b
0362
0369
0370
0377
037e
0385
038c
0393
039a
03a1
03a8
03af
03b5
03bc
03c3
03ca
03d1
03d8
03df
03e5
03ec
03f3
03fa
0401
0407
040e
0415
041c
0422
0429
0430
0436
043d
0444
044b
0451
0458
045e
0465
046c
0472
0479
0480
0486
048d
0493
049a
04a0
04a7
04ad
04b4
04ba
04c1
04c7
04ce
04d4
04db
04e1
04e7
04ee
04f4
04fb
0501
0507
050e
0514
051a
0521
0527
052d
0534
053a
0540
0546
054c
0553
0559
055f
0565
056b
0572
0578
057e
0584
058a
0590
0596
059c
05a2
05a8
05ae
05b4
05ba
05c0
05c6
05cc
05d2
05d8
05de
05e4
05ea
05f0
05f5
05fb
0601
0607
060d
0612
0618
061e
0624
0629
062f
0635
063a
0640
0646
064b
0651
0657
065c
0662
0667
066d
0672
0678
067d
0683
0688
068e
0693
0699
069e
06a4
06a9
06ae
06b4
06b9
06be
06c4
06c9
06ce
06d3
06d9
06de
06e3
06e8
06ed
06f2
06f8
06fd
0702
0707
070c
0711
0716
071b
0720
0725
072a
072f
0734
0739
073e
0743
0748
074c
0751
0756
075b
0760
0764
0769
076e
0773
0777
077c
0781
0785
078a
078e
0793
0798
079c
07a1
07a5
07aa
07ae
07b3
07b7
07bb
07c0
07c4
07c9
07cd
07d1
07d6
07da
07de
07e2
07e7
07eb
07ef
07f3
07f8
07fc
0800
0804
0808
080c
0810
0814
0818
081c
0820
0824
0828
082c
0830
0834
0838
083b
083f
0843
0847
084b
084e
0852
0856
0859
085d
0861
0864
0868
086c
086f
0873
0876
087a
087d
0881
0884
0888
088b
088e
0892
0895
0898
089c
089f
08a2
08a6
08a9
08ac
08af
08b2
08b5
08b9
08bc
08bf
08c2
08c5
08c8
08cb
08ce
08d1
08d4
08d7
08da
08dc
08df
08e2
08e5
08e8
08eb
08ed
08f0
08f3
08f5
08f8
08fb
08fd
0900
0903
0905
0908
090a
090d
090f
0912
0914
0916
0919
091b
091e
0920
0922
0924
0927
0929
092b
092d
0930
0932
0934
0936
0938
093a
093c
093e
0940
0942
0944
0946
0948
094a
094c
094e
094f
0951
0953
0955
0956
0958
095a
095c
095d
095f
0960
0962
0964
0965
0967
0968
096a
096b
096c
096e
096f
0971
0972
0973
0975
0976
0977
0978
097a
097b
097c
097d
097e
097f
0980
0981
0982
0983
0984
0985
0986
0987
0988
0989
098a
098b
098b
098c
098d
098e
098e
098f
0990
0990
0991
0992
0992
0993
0993
0994
0994
0995
0995
0996
0996
0996
0997
0997
0997
0998
0998
0998
0998
0999
0999
0999
0999
0999
0999
0999
0999
0999
0999
0999
0999
0999
0999
0999
0999
0999
0998
0998
0998
0998
0997
0997
0997
0996
0996
0996
0995
0995
0994
0994
0993
0993
0992
0992
0991
0990
0990
098f
098f
098e
098d
098c
098c
098b
098a
0989
0988
0987
0986
0985
0985
0984
0983
0982
0980
097f
097e
097d
097c
097b
097a
0979
0977
0976
0975
0973
0972
0971
096f
096e
096d
096b
096a
0968
0967
0965
0964
0962
0961
095f
095d
095c
095a
0958
0957
0955
0953
0951
0950
094e
094c
094a
0948
0946
0944
0942
0940
093e
093c
093a
0938
0936
0934
0932
0930
092e
092c
0929
0927
0925
0923
0920
091e
091c
0919
0917
0914
0912
0910
090d
090b
0908
0906
0903
0900
08fe
08fb
08f9
08f6
08f3
08f1
08ee
08eb
08e8
08e5
08e3
08e0
08dd
08da
08d7
08d4
08d1
08ce
08cb
08c8
08c5
08c2
08bf
08bc
08b9
08b6
08b3
08b0
08ad
08a9
08a6
08a3
08a0
089c
0899
0896
0892
088f
088c
0888
0885
0881
087e
087a
0877
0873
0870
086c
0869
0865
0861
085e
085a
0856
0853
084f
084b
0848
0844
0840
083c
0838
0834
0831
082d
0829
0825
0821
081d
0819
0815
0811
080d
0809
0805
0801
07fc
07f8
07f4
07f0
07ec
07e7
07e3
07df
07db
07d6
07d2
07ce
07c9
07c5
07c1
07bc
07b8
07b3
07af
07aa
07a6
07a1
079d
0798
0794
078f
078b
0786
0781
077d
0778
0773
076f
076a
0765
0760
075c
0757
0752
074d
0748
0743
073f
073a
0735
0730
072b
0726
0721
071c
0717
0712
070d
0708
0703
06fe
06f8
06f3
06ee
06e9
06e4
06df
06d9
06d4
06cf
06ca
06c4
06bf
06ba
06b5
06af
06aa
06a4
069f
069a
0694
068f
0689
0684
067e
0679
0673
066e
0668
0663
065d
0658
0652
064c
0647
0641
063b
0636
0630
062a
0625
061f
0619
0613
060e
0608
0602
05fc
05f6
05f1
05eb
05e5
05df
05d9
05d3
05cd
05c7
05c1
05bb
05b5
05af
05a9
05a3
059d
0597
0591
058b
0585
057f
0579
0573
056c
0566
0560
055a
0554
054e
0547
0541
053b
0535
052e
0528
0522
051b
0515
050f
0508
0502
04fc
04f5
04ef
04e9
04e2
04dc
04d5
04cf
04c8
04c2
04bb
04b5
04ae
04a8
04a1
049b
0494
048e
0487
0481
047a
0473
046d
0466
0460
0459
0452
044c
0445
043e
0438
0431
042a
0423
041d
0416
040f
0409
0402
03fb
03f4
03ed
03e7
03e0
03d9
03d2
03cb
03c4
03be
03b7
03b0
03a9
03a2
039b
0394
038d
0386
037f
0378
0372
036b
0364
035d
0356
034f
0348
0341
033a
0333
032c
0325
031d
0316
030f
0308
0301
02fa
02f3
02ec
02e5
02de
02d7
02cf
02c8
02c1
02ba
02b3
02ac
02a5
029d
0296
028f
0288
0281
027a
0272
026b
0264
025d
0255
024e
0247
0240
0238
0231
022a
0223
021b
0214
020d
0206
01fe
01f7
01f0
01e8
01e1
01da
01d2
01cb
01c4
01bd
01b5
01ae
01a6
019f
0198
0190
0189
0182
017a
0173
016c
0164
015d
0156
014e
0147
013f
0138
0131
0129
0122
011a
0113
010c
0104
00fd
00f5
00ee
00e6
00df
00d8
00d0
00c9
00c1
00ba
00b2
00ab
00a4
009c
0095
008d
0086
007e
0077
0070
0068
0061
0059
0052
004a
0043
003b
0034
002c
0025
001e
0016
000f
0007
0000
3ff8
3ff1
3fe9
3fe2
3fdb
3fd3
3fcc
3fc4
3fbd
3fb5
3fae
3fa6
3f9f
3f97
3f90
3f89
3f81
3f7a
3f72
3f6b
3f63
3f5c
3f54
3f4d
3f46
3f3e
3f37
3f2f
3f28
3f20
3f19
3f12
3f0a
3f03
3efb
3ef4
3eed
3ee5
3ede
3ed6
3ecf
3ec8
3ec0
3eb9
3eb1
3eaa
3ea3
3e9b
3e94
3e8d
3e85
3e7e
3e76
3e6f
3e68
3e60
3e59
3e52
3e4a
3e43
3e3c
3e34
3e2d
3e26
3e1e
3e17
3e10
3e09
3e01
3dfa
3df3
3deb
3de4
3ddd
3dd6
3dce
3dc7
3dc0
3db9
3db1
3daa
3da3
3d9c
3d94
3d8d
3d86
3d7f
3d78
3d70
3d69
3d62
3d5b
3d54
3d4d
3d45
3d3e
3d37
3d30
3d29
3d22
3d1b
3d14
3d0d
3d05
3cfe
3cf7
3cf0
3ce9
3ce2
3cdb
3cd4
3ccd
3cc6
3cbf
3cb8
3cb1
3caa
3ca3
3c9c
3c95
3c8e
3c87
3c80
3c79
3c72
3c6b
3c64
3c5e
3c57
3c50
3c49
3c42
3c3b
3c34
3c2d
3c27
3c20
3c19
3c12
3c0b
3c05
3bfe
3bf7
3bf0
3bea
3be3
3bdc
3bd5
3bcf
3bc8
3bc1
3bbb
3bb4
3bad
3ba7
3ba0
3b99
3b93
3b8c
3b86
3b7f
3b78
3b72
3b6b
3b65
3b5e
3b58
3b51
3b4b
3b44
3b3e
3b37
3b31
3b2a
3b24
3b1d
3b17
3b11
3b0a
3b04
3afe
3af7
3af1
3aea
3ae4
3ade
3ad8
3ad1
3acb
3ac5
3abf
3ab8
3ab2
3aac
3aa6
3aa0
3a99
3a93
3a8d
3a87
3a81
3a7b
3a75
3a6f
3a68
3a62
3a5c
3a56
3a50
3a4a
3a44
3a3e
3a38
3a32
3a2d
3a27
3a21
3a1b
3a15
3a0f
3a09
3a03
39fe
39f8
39f2
39ec
39e6
39e1
39db
39d5
39d0
39ca
39c4
39bf
39b9
39b3
39ae
39a8
39a2
399d
3997
3992
398c
3987
3981
397c
3976
3971
396b
3966
3961
395b
3956
3951
394b
3946
3941
393b
3936
3931
392b
3926
3921
391c
3917
3911
390c
3907
3902
38fd
38f8
38f3
38ee
38e9
38e4
38df
38da
38d5
38d0
38cb
38c6
38c1
38bc
38b7
38b3
38ae
38a9
38a4
389f
389b
3896
3891
388c
3888
3883
387e
387a
3875
3870
386c
3867
3863
385e
385a
3855
3851
384c
3848
3843
383f
383b
3836
3832
382e
3829
3825
3821
381d
3818
3814
3810
380c
3808
3803
37ff
37fb
37f7
37f3
37ef
37eb
37e7
37e3
37df
37db
37d7
37d3
37cf
37cb
37c7
37c4
37c0
37bc
37b8
37b4
37b1
37ad
37a9
37a6
37a2
379e
379b
3797
3794
3790
378c
3789
3785
3782
377e
377b
3778
3774
3771
376d
376a
3767
3763
3760
375d
375a
3756
3753
3750
374d
374a
3747
3744
3740
373d
373a
3737
3734
3731
372e
372c
3729
3726
3723
3720
371d
371a
3718
3715
3712
370f
370d
370a
3707
3705
3702
36ff
36fd
36fa
36f8
36f5
36f3
36f0
36ee
36eb
36e9
36e7
36e4
36e2
36e0
36dd
36db
36d9
36d7
36d4
36d2
36d0
36ce
36cc
36ca
36c8
36c5
36c3
36c1
36bf
36bd
36bb
36ba
36b8
36b6
36b4
36b2
36b0
36ae
36ad
36ab
36a9
36a7
36a6
36a4
36a2
36a1
369f
369e
369c
369b
3699
3698
3696
3695
3693
3692
3690
368f
368e
368c
368b
368a
3689
3687
3686
3685
3684
3683
3682
3681
367f
367e
367d
367c
367b
367a
367a
3679
3678
3677
3676
3675
3674
3674
3673
3672
3671
3671
3670
366f
366f
366e
366e
366d
366d
366c
366c
366b
366b
366a
366a
366a
3669
3669
3669
3668
3668
3668
3668
3667
3667
3667
3667
3667
3667
3667
3667
3667
3667
3667
3667
3667
3667
3667
3667
3667
3668
3668
3668
3668
3669
3669
3669
366a
366a
366a
366b
366b
366c
366c
366d
366d
366e
366e
366f
3670
3670
3671
3672
3672
3673
3674
3675
3675
3676
3677
3678
3679
367a
367b
367c
367d
367e
367f
3680
3681
3682
3683
3684
3685
3687
3688
3689
368a
368c
368d
368e
368f
3691
3692
3694
3695
3697
3698
3699
369b
369d
369e
36a0
36a1
36a3
36a5
36a6
36a8
36aa
36ab
36ad
36af
36b1
36b3
36b4
36b6
36b8
36ba
36bc
36be
36c0
36c2
36c4
36c6
36c8
36ca
36cc
36ce
36d1
36d3
36d5
36d7
36d9
36dc
36de
36e0
36e3
36e5
36e7
36ea
36ec
36ef
36f1
36f3
36f6
36f9
36fb
36fe
3700
3703
3705
3708
370b
370d
3710
3713
3716
3718
371b
371e
3721
3724
3727
3729
372c
372f
3732
3735
3738
373b
373e
3741
3744
3748
374b
374e
3751
3754
3757
375b
375e
3761
3764
3768
376b
376e
3772
3775
3779
377c
377f
3783
3786
378a
378d
3791
3795
3798
379c
379f
37a3
37a7
37aa
37ae
37b2
37b6
37b9
37bd
37c1
37c5
37c9
37cc
37d0
37d4
37d8
37dc
37e0
37e4
37e8
37ec
37f0
37f4
37f8
37fc
3800
3805
3809
380d
3811
3815
381a
381e
3822
3826
382b
382f
3833
3838
383c
3840
3845
3849
384e
3852
3857
385b
3860
3864
3869
386d
3872
3876
387b
3880
3884
3889
388e
3892
3897
389c
38a1
38a5
38aa
38af
38b4
38b9
38be
38c3
38c7
38cc
38d1
38d6
38db
38e0
38e5
38ea
38ef
38f4
38f9
38fe
3904
3909
390e
3913
3918
391d
3923
3928
392d
3932
3938
393d
3942
3947
394d
3952
3957
395d
3962
3968
396d
3972
3978
397d
3983
3988
398e
3993
3999
399f
39a4
39aa
39af
39b5
39bb
39c0
39c6
39cc
39d1
39d7
39dd
39e2
39e8
39ee
39f4
39fa
39ff
3a05
3a0b
3a11
3a17
3a1d
3a22
3a28
3a2e
3a34
3a3a
3a40
3a46
3a4c
3a52
3a58
3a5e
3a64
3a6a
3a70
3a76
3a7c
3a83
3a89
3a8f
3a95
3a9b
3aa1
3aa8
3aae
3ab4
3aba
3ac0
3ac7
3acd
3ad3
3ad9
3ae0
3ae6
3aec
3af3
3af9
3aff
3b06
3b0c
3b13
3b19
3b1f
3b26
3b2c
3b33
3b39
3b40
3b46
3b4d
3b53
3b5a
3b60
3b67
3b6d
3b74
3b7a
3b81
3b87
3b8e
3b95
3b9b
3ba2
3ba9
3baf
3bb6
3bbd
3bc3
3bca
3bd1
3bd7
3bde
3be5
3bec
3bf2
3bf9
3c00
3c07
3c0d
3c14
3c1b
3c22
3c29
3c2f
3c36
3c3d
3c44
3c4b
3c52
3c59
3c60
3c66
3c6d
3c74
3c7b
3c82
3c89
3c90
3c97
3c9e
3ca5
3cac
3cb3
3cba
3cc1
3cc8
3ccf
3cd6
3cdd
3ce4
3ceb
3cf2
3cf9
3d00
3d08
3d0f
3d16
3d1d
3d24
3d2b
3d32
3d39
3d40
3d48
3d4f
3d56
3d5d
3d64
3d6b
3d73
3d7a
3d81
3d88
3d8f
3d97
3d9e
3da5
3dac
3db3
3dbb
3dc2
3dc9
3dd0
3dd8
3ddf
3de6
3dee
3df5
3dfc
3e03
3e0b
3e12
3e19
3e21
3e28
3e2f
3e37
3e3e
3e45
3e4d
3e54
3e5b
3e63
3e6a
3e71
3e79
3e80
3e87
3e8f
3e96
3e9d
3ea5
3eac
3eb4
3ebb
3ec2
3eca
3ed1
3ed9
3ee0
3ee7
3eef
3ef6
3efe
3f05
3f0c
3f14
3f1b
3f23
3f2a
3f32
3f39
3f40
3f48
3f4f
3f57
3f5e
3f66
3f6d
3f74
3f7c
3f83
3f8b
3f92
3f9a
3fa1
3fa9
3fb0
3fb7
3fbf
3fc6
3fce
3fd5
3fdd
3fe4
3fec
3ff3
3ffb
0002
0009
0011
0018
0020
0027
002f
0036
003e
0045
004c
0054
005b
0063
006a
0072
0079
0081
0088
008f
0097
009e
00a6
00ad
00b5
00bc
00c4
00cb
00d2
00da
00e1
00e9
00f0
00f8
00ff
0106
010e
0115
011d
0124
012b
0133
013a
0142
0149
0150
0158
015f
0166
016e
0175
017d
0184
018b
0193
019a
01a1
01a9
01b0
01b7
01bf
01c6
01cd
01d5
01dc
01e3
01eb
01f2
01f9
0200
0208
020f
0216
021e
0225
022c
0233
023b
0242
0249
0250
0258
025f
0266
026d
0274
027c
0283
028a
0291
0298
02a0
02a7
02ae
02b5
02bc
02c3
02ca
02d2
02d9
02e0
02e7
02ee
02f5
02fc
0303
030a
0311
0318
0320
0327
032e
0335
033c
0343
034a
0351
0358
035f
0366
036d
0374
037b
0381
0388
038f
0396
039d
03a4
03ab
03b2
03b9
03c0
03c6
03cd
03d4
03db
03e2
03e9
03ef
03f6
03fd
0404
040a
0411
0418
041f
0425
042c
0433
043a
0440
0447
044e
0454
045b
0462
0468
046f
0475
047c
0483
0489
0490
0496
049d
04a3
04aa
04b0
04b7
04bd
04c4
04ca
04d1
04d7
04de
04e4
04ea
04f1
04f7
04fe
0504
050a
0511
0517
051d
0524
052a
0530
0536
053d
0543
0549
054f
0556
055c
0562
0568
056e
0574
057b
0581
0587
058d
0593
0599
059f
05a5
05ab
05b1
05b7
05bd
05c3
05c9
05cf
05d5
05db
05e1
05e7
05ec
05f2
05f8
05fe
0604
060a
060f
0615
061b
0621
0626
062c
0632
0637
063d
0643
0648
064e
0654
0659
065f
0664
066a
066f
0675
067b
0680
0685
068b
0690
0696
069b
06a1
06a6
06ab
06b1
06b6
06bb
06c1
06c6
06cb
06d1
06d6
06db
06e0
06e5
06eb
06f0
06f5
06fa
06ff
0704
0709
070e
0713
0718
071d
0722
0727
072c
0731
0736
073b
0740
0745
074a
074f
0753
0758
075d
0762
0767
076b
0770
0775
0779
077e
0783
0787
078c
0791
0795
079a
079e
07a3
07a7
07ac
07b0
07b5
07b9
07be
07c2
07c6
07cb
07cf
07d3
07d8
07dc
07e0
07e4
07e9
07ed
07f1
07f5
07f9
07fe
0802
0806
080a
080e
0812
0816
081a
081e
0822
0826
082a
082e
0832
0836
0839
083d
0841
0845
0849
084c
0850
0854
0858
085b
085f
0863
0866
086a
086d
0871
0874
0878
087b
087f
0882
0886
0889
088d
0890
0893
0897
089a
089d
08a1
08a4
08a7
08aa
08ad
08b1
08b4
08b7
08ba
08bd
08c0
08c3
08c6
08c9
08cc
08cf
08d2
08d5
08d8
08db
08de
08e1
08e3
08e6
08e9
08ec
08ef
08f1
08f4
08f7
08f9
08fc
08ff
0901
0904
0906
0909
090b
090e
0910
0913
0915
0918
091a
091c
091f
0921
0923
0925
0928
092a
092c
092e
0931
0933
0935
0937
0939
093b
093d
093f
0941
0943
0945
0947
0949
094b
094d
094e
0950
0952
0954
0956
0957
0959
095b
095c
095e
0960
0961
0963
0964
0966
0967
0969
096a
096c
096d
096f
0970
0971
0973
0974
0975
0976
0978
0979
097a
097b
097c
097e
097f
0980
0981
0982
0983
0984
0985
0986
0987
0988
0988
0989
098a
098b
098c
098d
098d
098e
098f
098f
0990
0991
0991
0992
0992
0993
0994
0994
0994
0995
0995
0996
0996
0997
0997
0997
0998
0998
0998
0998
0998
0999
0999
0999
0999
0999
0999
0999
0999
0999
0999
0999
0999
0999
0999
0999
0999
0999
0998
0998
0998
0998
0997
0997
0997
0996
0996
0995
0995
0995
0994
0994
0993
0993
0992
0991
0991
0990
0990
098f
098e
098d
098d
098c
098b
098a
098a
0989
0988
0987
0986
0985
0984
0983
0982
0981
0980
097f
097e
097d
097c
097a
0979
0978
0977
0975
0974
0973
0972
0970
096f
096d
096c
096b
0969
0968
0966
0965
0963
0962
0960
095e
095d
095b
0959
0958
0956
0954
0952
0951
094f
094d
094b
0949
0947
0945
0944
0942
0940
093e
093c
0939
0937
0935
0933
0931
092f
092d
092b
0928
0926
0924
0921
091f
091d
091a
0918
0916
0913
0911
090e
090c
0909
0907
0904
0902
08ff
08fd
08fa
08f7
08f5
08f2
08ef
08ec
08ea
08e7
08e4
08e1
08df
08dc
08d9
08d6
08d3
08d0
08cd
08ca
08c7
08c4
08c1
08be
08bb
08b8
08b5
08b1
08ae
08ab
08a8
08a5
08a1
089e
089b
0897
0894
0891
088d
088a
0887
0883
0880
087c
0879
0875
0872
086e
086b
0867
0863
0860
085c
0858
0855
0851
084d
084a
0846
0842
083e
083a
0836
0833
082f
082b
0827
0823
081f
081b
0817
0813
080f
080b
0807
0803
07ff
07fa
07f6
07f2
07ee
07ea
07e5
07e1
07dd
07d9
07d4
07d0
07cc
07c7
07c3
07bf
07ba
07b6
07b1
07ad
07a8
07a4
079f
079b
0796
0792
078d
0788
0784
077f
077b
0776
0771
076c
0768
0763
075e
0759
0755
0750
074b
0746
0741
073c
0737
0732
072e
0729
0724
071f
071a
0715
0710
070a
0705
0700
06fb
06f6
06f1
06ec
06e7
06e1
06dc
06d7
06d2
06cd
06c7
06c2
06bd
06b7
06b2
06ad
06a7
06a2
069d
0697
0692
068c
0687
0681
067c
0676
0671
066b
0666
0660
065b
0655
064f
064a
0644
063e
0639
0633
062d
0628
0622
061c
0616
0611
060b
0605
05ff
05f9
05f4
05ee
05e8
05e2
05dc
05d6
05d0
05ca
05c4
05be
05b8
05b2
05ac
05a6
05a0
059a
0594
058e
0588
0582
057c
0576
0570
056a
0563
055d
0557
0551
054b
0544
053e
0538
0532
052b
0525
051f
0518
0512
050c
0505
04ff
04f9
04f2
04ec
04e6
04df
04d9
04d2
04cc
04c5
04bf
04b8
04b2
04ab
04a5
049e
0498
0491
048b
0484
047e
0477
0470
046a
0463
045d
0456
044f
0449
0442
043b
0434
042e
0427
0420
041a
0413
040c
0405
03ff
03f8
03f1
03ea
03e3
03dd
03d6
03cf
03c8
03c1
03ba
03b3
03ad
03a6
039f
0398
0391
038a
0383
037c
0375
036e
0367
0360
0359
0352
034b
0344
033d
0336
032f
0328
0321
031a
0313
030c
0305
02fe
02f7
02f0
02e9
02e2
02da
02d3
02cc
02c5
02be
02b7
02b0
02a8
02a1
029a
0293
028c
0285
027d
0276
026f
0268
0261
0259
0252
024b
0244
023c
0235
022e
0227
021f
0218
0211
0209
0202
01fb
01f4
01ec
01e5
01de
01d6
01cf
01c8
01c0
01b9
01b2
01aa
01a3
019c
0194
018d
0186
017e
0177
0170
0168
0161
0159
0152
014b
0143
013c
0135
012d
0126
011e
0117
0110
0108
0101
00f9
00f2
00ea
00e3
00dc
00d4
00cd
00c5
00be
00b6
00af
00a8
00a0
0099
0091
008a
0082
007b
0074
006c
0065
005d
0056
004e
0047
003f
0038
0030
0029
0022
001a
0013
000b
0004
3ffc
3ff5
3fed
3fe6
3fde
3fd7
3fd0
3fc8
3fc1
3fb9
3fb2
3faa
3fa3
3f9b
3f94
3f8d
3f85
3f7e
3f76
3f6f
3f67
3f60
3f58
3f51
3f4a
3f42
3f3b
3f33
3f2c
3f24
3f1d
3f16
3f0e
3f07
3eff
3ef8
3ef1
3ee9
3ee2
3eda
3ed3
3ecc
3ec4
3ebd
3eb5
3eae
3ea7
3e9f
3e98
3e90
3e89
3e82
3e7a
3e73
3e6c
3e64
3e5d
3e56
3e4e
3e47
3e40
3e38
3e31
3e2a
3e22
3e1b
3e14
3e0c
3e05
3dfe
3df7
3def
3de8
3de1
3dd9
3dd2
3dcb
3dc4
3dbc
3db5
3dae
3da7
3da0
3d98
3d91
3d8a
3d83
3d7b
3d74
3d6d
3d66
3d5f
3d58
3d50
3d49
3d42
3d3b
3d34
3d2d
3d26
3d1f
3d17
3d10
3d09
3d02
3cfb
3cf4
3ced
3ce6
3cdf
3cd8
3cd1
3cca
3cc3
3cbc
3cb5
3cae
3ca7
3ca0
3c99
3c92
3c8b
3c84
3c7d
3c76
3c6f
3c68
3c61
3c5a
3c53
3c4d
3c46
3c3f
3c38
3c31
3c2a
3c23
3c1d
3c16
3c0f
3c08
3c01
3bfb
3bf4
3bed
3be6
3be0
3bd9
3bd2
3bcc
3bc5
3bbe
3bb7
3bb1
3baa
3ba4
3b9d
3b96
3b90
3b89
3b82
3b7c
3b75
3b6f
3b68
3b62
3b5b
3b55
3b4e
3b48
3b41
3b3b
3b34
3b2e
3b27
3b21
3b1a
3b14
3b0e
3b07
3b01
3afb
3af4
3aee
3ae8
3ae1
3adb
3ad5
3ace
3ac8
3ac2
3abc
3ab5
3aaf
3aa9
3aa3
3a9d
3a96
3a90
3a8a
3a84
3a7e
3a78
3a72
3a6c
3a66
3a60
3a5a
3a54
3a4e
3a48
3a42
3a3c
3a36
3a30
3a2a
3a24
3a1e
3a18
3a12
3a0c
3a07
3a01
39fb
39f5
39ef
39ea
39e4
39de
39d8
39d3
39cd
39c7
39c2
39bc
39b6
39b1
39ab
39a5
39a0
399a
3995
398f
398a
3984
397f
3979
3974
396e
3969
3963
395e
3959
3953
394e
3949
3943
393e
3939
3934
392e
3929
3924
391f
3919
3914
390f
390a
3905
3900
38fb
38f6
38f0
38eb
38e6
38e1
38dc
38d7
38d2
38ce
38c9
38c4
38bf
38ba
38b5
38b0
38ab
38a7
38a2
389d
3898
3894
388f
388a
3885
3881
387c
3878
3873
386e
386a
3865
3861
385c
3858
3853
384f
384a
3846
3841
383d
3839
3834
3830
382c
3827
3823
381f
381b
3816
3812
380e
380a
3806
3801
37fd
37f9
37f5
37f1
37ed
37e9
37e5
37e1
37dd
37d9
37d5
37d1
37cd
37ca
37c6
37c2
37be
37ba
37b7
37b3
37af
37ab
37a8
37a4
37a0
379d
3799
3795
3792
378e
378b
3787
3784
3780
377d
3779
3776
3773
376f
376c
3769
3765
3762
375f
375b
3758
3755
3752
374f
374b
3748
3745
3742
373f
373c
3739
3736
3733
3730
372d
372a
3727
3724
3722
371f
371c
3719
3716
3714
3711
370e
370b
3709
3706
3703
3701
36fe
36fc
36f9
36f7
36f4
36f2
36ef
36ed
36ea
36e8
36e6
36e3
36e1
36df
36dc
36da
36d8
36d6
36d3
36d1
36cf
36cd
36cb
36c9
36c7
36c4
36c2
36c0
36be
36bd
36bb
36b9
36b7
36b5
36b3
36b1
36af
36ae
36ac
36aa
36a8
36a7
36a5
36a3
36a2
36a0
369e
369d
369b
369a
3698
3697
3695
3694
3693
3691
3690
368e
368d
368c
368b
3689
3688
3687
3686
3684
3683
3682
3681
3680
367f
367e
367d
367c
367b
367a
3679
3678
3677
3676
3676
3675
3674
3673
3673
3672
3671
3670
3670
366f
366f
366e
366d
366d
366c
366c
366b
366b
366b
366a
366a
3669
3669
3669
3668
3668
3668
3668
3667
3667
3667
3667
3667
3667
3667
3667
3667
3667
3667
3667
3667
3667
3667
3667
3667
3668
3668
3668
3668
3668
3669
3669
3669
366a
366a
366b
366b
366c
366c
366c
366d
366e
366e
366f
366f
3670
3671
3671
3672
3673
3673
3674
3675
3676
3677
3678
3678
3679
367a
367b
367c
367d
367e
367f
3680
3681
3682
3684
3685
3686
3687
3688
368a
368b
368c
368d
368f
3690
3691
3693
3694
3696
3697
3699
369a
369c
369d
369f
36a0
36a2
36a4
36a5
36a7
36a9
36aa
36ac
36ae
36b0
36b2
36b3
36b5
36b7
36b9
36bb
36bd
36bf
36c1
36c3
36c5
36c7
36c9
36cb
36cd
36cf
36d2
36d4
36d6
36d8
36da
36dd
36df
36e1
36e4
36e6
36e8
36eb
36ed
36f0
36f2
36f5
36f7
36fa
36fc
36ff
3701
3704
3707
3709
370c
370f
3711
3714
3717
371a
371c
371f
3722
3725
3728
372b
372e
3731
3734
3737
373a
373d
3740
3743
3746
3749
374c
374f
3752
3756
3759
375c
375f
3763
3766
3769
376d
3770
3773
3777
377a
377e
3781
3785
3788
378c
378f
3793
3796
379a
379d
37a1
37a5
37a8
37ac
37b0
37b4
37b7
37bb
37bf
37c3
37c7
37ca
37ce
37d2
37d6
37da
37de
37e2
37e6
37ea
37ee
37f2
37f6
37fa
37fe
3802
3807
380b
380f
3813
3817
381b
3820
3824
3828
382d
3831
3835
383a
383e
3842
3847
384b
3850
3854
3859
385d
3862
3866
386b
386f
3874
3879
387d
3882
3887
388b
3890
3895
3899
389e
38a3
38a8
38ad
38b1
38b6
38bb
38c0
38c5
38ca
38cf
38d4
38d9
38de
38e3
38e8
38ed
38f2
38f7
38fc
3901
3906
390b
3910
3915
391b
3920
3925
392a
392f
3935
393a
393f
3945
394a
394f
3955
395a
395f
3965
396a
3970
3975
397a
3980
3985
398b
3990
3996
399c
39a1
39a7
39ac
39b2
39b8
39bd
39c3
39c9
39ce
39d4
39da
39df
39e5
39eb
39f1
39f6
39fc
3a02
3a08
3a0e
3a14
3a19
3a1f
3a25
3a2b
3a31
3a37
3a3d
3a43
3a49
3a4f
3a55
3a5b
3a61
3a67
3a6d
3a73
3a79
3a7f
3a85
3a8c
3a92
3a98
3a9e
3aa4
3aaa
3ab1
3ab7
3abd
3ac3
3aca
3ad0
3ad6
3adc
3ae3
3ae9
3aef
3af6
3afc
3b02
3b09
3b0f
3b16
3b1c
3b22
3b29
3b2f
3b36
3b3c
3b43
3b49
3b50
3b56
3b5d
3b63
3b6a
3b70
3b77
3b7d
3b84
3b8b
3b91
3b98
3b9e
3ba5
3bac
3bb2
3bb9
3bc0
3bc6
3bcd
3bd4
3bda
3be1
3be8
3bef
3bf5
3bfc
3c03
3c0a
3c11
3c17
3c1e
3c25
3c2c
3c33
3c3a
3c40
3c47
3c4e
3c55
3c5c
3c63
3c6a
3c71
3c78
3c7e
3c85
3c8c
3c93
3c9a
3ca1
3ca8
3caf
3cb6
3cbd
3cc4
3ccb
3cd2
3cd9
3ce0
3ce7
3cef
3cf6
3cfd
3d04
3d0b
3d12
3d19
3d20
3d27
3d2e
3d35
3d3d
3d44
3d4b
3d52
3d59
3d60
3d68
3d6f
3d76
3d7d
3d84
3d8c
3d93
3d9a
3da1
3da8
3db0
3db7
3dbe
3dc5
3dcd
3dd4
3ddb
3de2
3dea
3df1
3df8
3e00
3e07
3e0e
3e15
3e1d
3e24
3e2b
3e33
3e3a
3e41
3e49
3e50
3e57
3e5f
3e66
3e6d
3e75
3e7c
3e83
3e8b
3e92
3e9a
3ea1
3ea8
3eb0
3eb7
3ebe
3ec6
3ecd
3ed5
3edc
3ee3
3eeb
3ef2
3efa
3f01
3f08
3f10
3f17
3f1f
3f26
3f2e
3f35
3f3c
3f44
3f4b
3f53
3f5a
3f62
3f69
3f70
3f78
3f7f
3f87
3f8e
3f96
3f9d
3fa5
3fac
3fb3
3fbb
3fc2
3fca
3fd1
3fd9
3fe0
3fe8
3fef
3ff7
3ffe
0005
000d
0014
001c
0023
002b
0032
003a
0041
0049
0050
0057
005f
0066
006e
0075
007d
0084
008c
0093
009a
00a2
00a9
00b1
00b8
00c0
00c7
00ce
00d6
00dd
00e5
00ec
00f4
00fb
0102
010a
0111
0119
0120
0127
012f
0136
013e
0145
014c
0154
015b
0163
016a
0171
0179
0180
0187
018f
0196
019d
01a5
01ac
01b3
01bb
01c2
01c9
01d1
01d8
01df
01e7
01ee
01f5
01fd
0204
020b
0212
021a
0221
0228
022f
0237
023e
0245
024c
0254
025b
0262
0269
0271
0278
027f
0286
028d
0295
029c
02a3
02aa
02b1
02b8
02c0
02c7
02ce
02d5
02dc
02e3
02ea
02f1
02f8
0300
0307
030e
0315
031c
0323
032a
0331
0338
033f
0346
034d
0354
035b
0362
0369
0370
0377
037e
0385
038c
0393
0399
03a0
03a7
03ae
03b5
03bc
03c3
03ca
03d0
03d7
03de
03e5
03ec
03f3
03f9
0400
0407
040e
0414
041b
0422
0429
042f
0436
043d
0443
044a
0451
0457
045e
0465
046b
0472
0478
047f
0486
048c
0493
0499
04a0
04a6
04ad
04b3
04ba
04c0
04c7
04cd
04d4
04da
04e1
04e7
04ed
04f4
04fa
0501
0507
050d
0514
051a
0520
0527
052d
0533
0539
0540
0546
054c
0552
0558
055f
0565
056b
0571
0577
057d
0583
058a
0590
0596
059c
05a2
05a8
05ae
05b4
05ba
05c0
05c6
05cc
05d2
05d8
05dd
05e3
05e9
05ef
05f5
05fb
0601
0606
060c
0612
0618
061e
0623
0629
062f
0634
063a
0640
0645
064b
0651
0656
065c
0661
0667
066d
0672
0678
067d
0683
0688
068d
0693
0698
069e
06a3
06a9
06ae
06b3
06b9
06be
06c3
06c8
06ce
06d3
06d8
06dd
06e3
06e8
06ed
06f2
06f7
06fc
0701
0707
070c
0711
0716
071b
0720
0725
072a
072f
0734
0739
073d
0742
0747
074c
0751
0756
075a
075f
0764
0769
076e
0772
0777
077c
0780
0785
078a
078e
0793
0797
079c
07a0
07a5
07a9
07ae
07b2
07b7
07bb
07c0
07c4
07c8
07cd
07d1
07d5
07da
07de
07e2
07e6
07eb
07ef
07f3
07f7
07fb
0800
0804
0808
080c
0810
0814
0818
081c
0820
0824
0828
082c
0830
0833
0837
083b
083f
0843
0847
084a
084e
0852
0856
0859
085d
0861
0864
0868
086b
086f
0873
0876
087a
087d
0881
0884
0887
088b
088e
0892
0895
0898
089c
089f
08a2
08a5
08a9
08ac
08af
08b2
08b5
08b8
08bc
08bf
08c2
08c5
08c8
08cb
08ce
08d1
08d4
08d7
08d9
08dc
08df
08e2
08e5
08e8
08ea
08ed
08f0
08f3
08f5
08f8
08fb
08fd
0900
0902
0905
0907
090a
090c
090f
0911
0914
0916
0919
091b
091d
0920
0922
0924
0927
0929
092b
092d
092f
0932
0934
0936
0938
093a
093c
093e
0940
0942
0944
0946
0948
094a
094c
094d
094f
0951
0953
0955
0956
0958
095a
095b
095d
095f
0960
0962
0963
0965
0967
0968
0969
096b
096c
096e
096f
0971
0972
0973
0974
0976
0977
0978
0979
097b
097c
097d
097e
097f
0980
0981
0982
0983
0984
0985
0986
0987
0988
0989
098a
098b
098b
098c
098d
098e
098e
098f
0990
0990
0991
0992
0992
0993
0993
0994
0994
0995
0995
0996
0996
0996
0997
0997
0997
0998
0998
0998
0998
0999
0999
0999
0999
0999
0999
0999
0999
0999
0999
0999
0999
0999
0999
0999
0999
0999
0998
0998
0998
0998
0997
0997
0997
0996
0996
0996
0995
0995
0994
0994
0993
0993
0992
0992
0991
0991
0990
098f
098f
098e
098d
098c
098c
098b
098a
0989
0988
0987
0986
0986
0985
0984
0983
0982
0981
097f
097e
097d
097c
097b
097a
0979
0977
0976
0975
0974
0972
0971
0970
096e
096d
096b
096a
0968
0967
0965
0964
0962
0961
095f
095e
095c
095a
0959
0957
0955
0953
0952
0950
094e
094c
094a
0948
0946
0945
0943
0941
093f
093d
093b
0939
0936
0934
0932
0930
092e
092c
0929
0927
0925
0923
0920
091e
091c
0919
0917
0915
0912
0910
090d
090b
0908
0906
0903
0901
08fe
08fb
08f9
08f6
08f3
08f1
08ee
08eb
08e8
08e6
08e3
08e0
08dd
08da
08d7
08d5
08d2
08cf
08cc
08c9
08c6
08c3
08c0
08bc
08b9
08b6
08b3
08b0
08ad
08aa
08a6
08a3
08a0
089d
0899
0896
0893
088f
088c
0888
0885
0882
087e
087b
0877
0874
0870
086c
0869
0865
0862
085e
085a
0857
0853
084f
084c
0848
0844
0840
083c
0839
0835
0831
082d
0829
0825
0821
081d
0819
0815
0811
080d
0809
0805
0801
07fd
07f9
07f4
07f0
07ec
07e8
07e4
07df
07db
07d7
07d2
07ce
07ca
07c5
07c1
07bd
07b8
07b4
07af
07ab
07a6
07a2
079d
0799
0794
0790
078b
0786
0782
077d
0778
0774
076f
076a
0765
0761
075c
0757
0752
074e
0749
0744
073f
073a
0735
0730
072b
0726
0721
071c
0717
0712
070d
0708
0703
06fe
06f9
06f4
06ef
06e9
06e4
06df
06da
06d5
06cf
06ca
06c5
06c0
06ba
06b5
06b0
06aa
06a5
069f
069a
0695
068f
068a
0684
067f
0679
0674
066e
0669
0663
065e
0658
0652
064d
0647
0641
063c
0636
0630
062b
0625
061f
061a
0614
060e
0608
0602
05fd
05f7
05f1
05eb
05e5
05df
05d9
05d3
05ce
05c8
05c2
05bc
05b6
05b0
05aa
05a4
059e
0598
0592
058b
0585
057f
0579
0573
056d
0567
0561
055a
0554
054e
0548
0541
053b
0535
052f
0528
0522
051c
0516
050f
0509
0503
04fc
04f6
04ef
04e9
04e3
04dc
04d6
04cf
04c9
04c2
04bc
04b5
04af
04a8
04a2
049b
0495
048e
0488
0481
047b
0474
046d
0467
0460
0459
0453
044c
0445
043f
0438
0431
042b
0424
041d
0416
0410
0409
0402
03fb
03f5
03ee
03e7
03e0
03d9
03d3
03cc
03c5
03be
03b7
03b0
03a9
03a2
039c
0395
038e
0387
0380
0379
0372
036b
0364
035d
0356
034f
0348
0341
033a
0333
032c
0325
031e
0317
0310
0309
0302
02fb
02f4
02ec
02e5
02de
02d7
02d0
02c9
02c2
02bb
02b3
02ac
02a5
029e
0297
0290
0288
0281
027a
0273
026c
0264
025d
0256
024f
0247
0240
0239
0232
022a
0223
021c
0215
020d
0206
01ff
01f8
01f0
01e9
01e2
01da
01d3
01cc
01c4
01bd
01b6
01ae
01a7
01a0
0198
0191
018a
0182
017b
0174
016c
0165
015d
0156
014f
0147
0140
0138
0131
012a
0122
011b
0113
010c
0105
00fd
00f6
00ee
00e7
00e0
00d8
00d1
00c9
00c2
00ba
00b3
00ac
00a4
009d
0095
008e
0086
007f
0077
0070
0069
0061
005a
0052
004b
0043
003c
0034
002d
0026
001e
0017
000f
0008
0000
3ff9
3ff1
3fea
3fe2
3fdb
3fd4
3fcc
3fc5
3fbd
3fb6
3fae
3fa7
3f9f
3f98
3f91
3f89
3f82
3f7a
3f73
3f6b
3f64
3f5c
3f55
3f4e
3f46
3f3f
3f37
3f30
3f28
3f21
3f1a
3f12
3f0b
3f03
3efc
3ef4
3eed
3ee6
3ede
3ed7
3ecf
3ec8
3ec1
3eb9
3eb2
3eab
3ea3
3e9c
3e94
3e8d
3e86
3e7e
3e77
3e70
3e68
3e61
3e5a
3e52
3e4b
3e44
3e3c
3e35
3e2e
3e26
3e1f
3e18
3e10
3e09
3e02
3dfa
3df3
3dec
3de5
3ddd
3dd6
3dcf
3dc8
3dc0
3db9
3db2
3dab
3da3
3d9c
3d95
3d8e
3d87
3d7f
3d78
3d71
3d6a
3d63
3d5b
3d54
3d4d
3d46
3d3f
3d38
3d31
3d29
3d22
3d1b
3d14
3d0d
3d06
3cff
3cf8
3cf1
3cea
3ce3
3cdc
3cd4
3ccd
3cc6
3cbf
3cb8
3cb1
3caa
3ca3
3c9c
3c95
3c8f
3c88
3c81
3c7a
3c73
3c6c
3c65
3c5e
3c57
3c50
3c49
3c42
3c3c
3c35
3c2e
3c27
3c20
3c19
3c13
3c0c
3c05
3bfe
3bf8
3bf1
3bea
3be3
3bdd
3bd6
3bcf
3bc8
3bc2
3bbb
3bb4
3bae
3ba7
3ba0
3b9a
3b93
3b8d
3b86
3b7f
3b79
3b72
3b6c
3b65
3b5f
3b58
3b52
3b4b
3b45
3b3e
3b38
3b31
3b2b
3b24
3b1e
3b17
3b11
3b0b
3b04
3afe
3af8
3af1
3aeb
3ae5
3ade
3ad8
3ad2
3acb
3ac5
3abf
3ab9
3ab3
3aac
3aa6
3aa0
3a9a
3a94
3a8d
3a87
3a81
3a7b
3a75
3a6f
3a69
3a63
3a5d
3a57
3a51
3a4b
3a45
3a3f
3a39
3a33
3a2d
3a27
3a21
3a1b
3a15
3a10
3a0a
3a04
39fe
39f8
39f2
39ed
39e7
39e1
39db
39d6
39d0
39ca
39c5
39bf
39b9
39b4
39ae
39a8
39a3
399d
3998
3992
398d
3987
3982
397c
3977
3971
396c
3966
3961
395c
3956
3951
394c
3946
3941
393c
3936
3931
392c
3927
3921
391c
3917
3912
390d
3908
3902
38fd
38f8
38f3
38ee
38e9
38e4
38df
38da
38d5
38d0
38cb
38c6
38c1
38bd
38b8
38b3
38ae
38a9
38a4
38a0
389b
3896
3891
388d
3888
3883
387f
387a
3875
3871
386c
3868
3863
385f
385a
3856
3851
384d
3848
3844
383f
383b
3837
3832
382e
382a
3825
3821
381d
3819
3814
3810
380c
3808
3804
3800
37fb
37f7
37f3
37ef
37eb
37e7
37e3
37df
37db
37d7
37d3
37cf
37cc
37c8
37c4
37c0
37bc
37b9
37b5
37b1
37ad
37aa
37a6
37a2
379f
379b
3797
3794
3790
378d
3789
3786
3782
377f
377b
3778
3774
3771
376e
376a
3767
3764
3760
375d
375a
3757
3753
3750
374d
374a
3747
3744
3741
373e
373b
3738
3735
3732
372f
372c
3729
3726
3723
3720
371d
371b
3718
3715
3712
3710
370d
370a
3707
3705
3702
3700
36fd
36fa
36f8
36f5
36f3
36f0
36ee
36ec
36e9
36e7
36e4
36e2
36e0
36dd
36db
36d9
36d7
36d4
36d2
36d0
36ce
36cc
36ca
36c8
36c6
36c4
36c2
36c0
36be
36bc
36ba
36b8
36b6
36b4
36b2
36b0
36af
36ad
36ab
36a9
36a8
36a6
36a4
36a3
36a1
369f
369e
369c
369b
3699
3698
3696
3695
3693
3692
3691
368f
368e
368d
368b
368a
3689
3687
3686
3685
3684
3683
3682
3681
3680
367e
367d
367c
367b
367b
367a
3679
3678
3677
3676
3675
3674
3674
3673
3672
3671
3671
3670
3670
366f
366e
366e
366d
366d
366c
366c
366b
366b
366a
366a
366a
3669
3669
3669
3668
3668
3668
3668
3667
3667
3667
3667
3667
3667
3667
3667
3667
3667
3667
3667
3667
3667
3667
3667
3667
3668
3668
3668
3668
3669
3669
3669
366a
366a
366a
366b
366b
366c
366c
366d
366d
366e
366e
366f
3670
3670
3671
3672
3672
3673
3674
3675
3675
3676
3677
3678
3679
367a
367b
367c
367d
367e
367f
3680
3681
3682
3683
3684
3685
3686
3688
3689
368a
368b
368d
368e
368f
3691
3692
3694
3695
3696
3698
3699
369b
369c
369e
36a0
36a1
36a3
36a4
36a6
36a8
36aa
36ab
36ad
36af
36b1
36b2
36b4
36b6
36b8
36ba
36bc
36be
36c0
36c2
36c4
36c6
36c8
36ca
36cc
36ce
36d0
36d3
36d5
36d7
36d9
36dc
36de
36e0
36e2
36e5
36e7
36ea
36ec
36ee
36f1
36f3
36f6
36f8
36fb
36fd
3700
3703
3705
3708
370b
370d
3710
3713
3715
3718
371b
371e
3721
3723
3726
3729
372c
372f
3732
3735
3738
373b
373e
3741
3744
3747
374a
374e
3751
3754
3757
375a
375e
3761
3764
3768
376b
376e
3772
3775
3778
377c
377f
3783
3786
378a
378d
3791
3794
3798
379c
379f
37a3
37a6
37aa
37ae
37b2
37b5
37b9
37bd
37c1
37c5
37c8
37cc
37d0
37d4
37d8
37dc
37e0
37e4
37e8
37ec
37f0
37f4
37f8
37fc
3800
3804
3808
380d
3811
3815
3819
381d
3822
3826
382a
382f
3833
3837
383c
3840
3844
3849
384d
3852
3856
385b
385f
3864
3868
386d
3872
3876
387b
387f
3884
3889
388d
3892
3897
389c
38a0
38a5
38aa
38af
38b4
38b8
38bd
38c2
38c7
38cc
38d1
38d6
38db
38e0
38e5
38ea
38ef
38f4
38f9
38fe
3903
3908
390d
3913
3918
391d
3922
3927
392d
3932
3937
393c
3942
3947
394c
3952
3957
395c
3962
3967
396d
3972
3978
397d
3983
3988
398e
3993
3999
399e
39a4
39a9
39af
39b5
39ba
39c0
39c5
39cb
39d1
39d7
39dc
39e2
39e8
39ee
39f3
39f9
39ff
3a05
3a0b
3a10
3a16
3a1c
3a22
3a28
3a2e
3a34
3a3a
3a40
3a46
3a4c
3a52
3a58
3a5e
3a64
3a6a
3a70
3a76
3a7c
3a82
3a88
3a8e
3a95
3a9b
3aa1
3aa7
3aad
3ab4
3aba
3ac0
3ac6
3acc
3ad3
3ad9
3adf
3ae6
3aec
3af2
3af9
3aff
3b05
3b0c
3b12
3b18
3b1f
3b25
3b2c
3b32
3b39
3b3f
3b46
3b4c
3b53
3b59
3b60
3b66
3b6d
3b73
3b7a
3b80
3b87
3b8e
3b94
3b9b
3ba1
3ba8
3baf
3bb5
3bbc
3bc3
3bc9
3bd0
3bd7
3bde
3be4
3beb
3bf2
3bf9
3bff
3c06
3c0d
3c14
3c1b
3c21
3c28
3c2f
3c36
3c3d
3c44
3c4a
3c51
3c58
3c5f
3c66
3c6d
3c74
3c7b
3c82
3c89
3c90
3c97
3c9e
3ca5
3cac
3cb3
3cba
3cc1
3cc8
3ccf
3cd6
3cdd
3ce4
3ceb
3cf2
3cf9
3d00
3d07
3d0e
3d15
3d1c
3d23
3d2b
3d32
3d39
3d40
3d47
3d4e
3d55
3d5d
3d64
3d6b
3d72
3d79
3d80
3d88
3d8f
3d96
3d9d
3da5
3dac
3db3
3dba
3dc1
3dc9
3dd0
3dd7
3ddf
3de6
3ded
3df4
3dfc
3e03
3e0a
3e11
3e19
3e20
3e27
3e2f
3e36
3e3d
3e45
3e4c
3e53
3e5b
3e62
3e69
3e71
3e78
3e7f
3e87
3e8e
3e96
3e9d
3ea4
3eac
3eb3
3eba
3ec2
3ec9
3ed1
3ed8
3edf
3ee7
3eee
3ef6
3efd
3f04
3f0c
3f13
3f1b
3f22
3f2a
3f31
3f38
3f40
3f47
3f4f
3f56
3f5e
3f65
3f6c
3f74
3f7b
3f83
3f8a
3f92
3f99
3fa1
3fa8
3faf
3fb7
3fbe
3fc6
3fcd
3fd5
3fdc
3fe4
3feb
3ff3
3ffa
0001
0009
0010
0018
001f
0027
002e
0036
003d
0045
004c
0053
005b
0062
006a
0071
0079
0080
0088
008f
0096
009e
00a5
00ad
00b4
00bc
00c3
00ca
00d2
00d9
00e1
00e8
00f0
00f7
00fe
0106
010d
0115
011c
0123
012b
0132
013a
0141
0148
0150
0157
015f
0166
016d
0175
017c
0183
018b
0192
0199
01a1
01a8
01b0
01b7
01be
01c5
01cd
01d4
01db
01e3
01ea
01f1
01f9
0200
0207
020f
0216
021d
0224
022c
0233
023a
0241
0249
0250
0257
025e
0266
026d
0274
027b
0282
028a
0291
0298
029f
02a6
02ad
02b5
02bc
02c3
02ca
02d1
02d8
02df
02e6
02ee
02f5
02fc
0303
030a
0311
0318
031f
0326
032d
0334
033b
0342
0349
0350
0357
035e
0365
036c
0373
037a
0381
0388
038f
0396
039d
03a4
03aa
03b1
03b8
03bf
03c6
03cd
03d4
03da
03e1
03e8
03ef
03f6
03fc
0403
040a
0411
0418
041e
0425
042c
0432
0439
0440
0446
044d
0454
045a
0461
0468
046e
0475
047c
0482
0489
048f
0496
049c
04a3
04a9
04b0
04b6
04bd
04c3
04ca
04d0
04d7
04dd
04e4
04ea
04f0
04f7
04fd
0504
050a
0510
0517
051d
0523
0529
0530
0536
053c
0542
0549
054f
0555
055b
0562
0568
056e
0574
057a
0580
0586
058c
0592
0599
059f
05a5
05ab
05b1
05b7
05bd
05c3
05c9
05ce
05d4
05da
05e0
05e6
05ec
05f2
05f8
05fe
0603
0609
060f
0615
061a
0620
0626
062c
0631
0637
063d
0642
0648
064e
0653
0659
065e
0664
066a
066f
0675
067a
0680
0685
068b
0690
0695
069b
06a0
06a6
06ab
06b0
06b6
06bb
06c0
06c6
06cb
06d0
06d5
06db
06e0
06e5
06ea
06ef
06f5
06fa
06ff
0704
0709
070e
0713
0718
071d
0722
0727
072c
0731
0736
073b
0740
0745
0749
074e
0753
0758
075d
0761
0766
076b
0770
0774
0779
077e
0782
0787
078c
0790
0795
0799
079e
07a2
07a7
07ab
07b0
07b4
07b9
07bd
07c2
07c6
07ca
07cf
07d3
07d7
07dc
07e0
07e4
07e8
07ed
07f1
07f5
07f9
07fd
0801
0806
080a
080e
0812
0816
081a
081e
0822
0826
082a
082e
0831
0835
0839
083d
0841
0845
0848
084c
0850
0854
0857
085b
085f
0862
0866
0869
086d
0871
0874
0878
087b
087f
0882
0886
0889
088c
0890
0893
0896
089a
089d
08a0
08a4
08a7
08aa
08ad
08b0
08b4
08b7
08ba
08bd
08c0
08c3
08c6
08c9
08cc
08cf
08d2
08d5
08d8
08db
08de
08e0
08e3
08e6
08e9
08ec
08ee
08f1
08f4
08f6
08f9
08fc
08fe
0901
0904
0906
0909
090b
090e
0910
0913
0915
0917
091a
091c
091e
0921
0923
0925
0928
092a
092c
092e
0930
0933
0935
0937
0939
093b
093d
093f
0941
0943
0945
0947
0949
094b
094c
094e
0950
0952
0954
0955
0957
0959
095b
095c
095e
095f
0961
0963
0964
0966
0967
0969
096a
096c
096d
096e
0970
0971
0972
0974
0975
0976
0978
0979
097a
097b
097c
097d
097f
0980
0981
0982
0983
0984
0985
0986
0987
0988
0988
0989
098a
098b
098c
098c
098d
098e
098f
098f
0990
0991
0991
0992
0992
0993
0993
0994
0994
0995
0995
0996
0996
0997
0997
0997
0997
0998
0998
0998
0998
0999
0999
0999
0999
0999
0999
0999
0999
0999
0999
0999
0999
0999
0999
0999
0999
0999
0998
0998
0998
0998
0997
0997
0997
0996
0996
0996
0995
0995
0994
0994
0993
0993
0992
0991
0991
0990
0990
098f
098e
098e
098d
098c
098b
098a
098a
0989
0988
0987
0986
0985
0984
0983
0982
0981
0980
097f
097e
097d
097c
097a
0979
0978
0977
0976
0974
0973
0972
0970
096f
096e
096c
096b
0969
0968
0966
0965
0963
0962
0960
095e
095d
095b
0959
0958
0956
0954
0953
0951
094f
094d
094b
0949
0947
0946
0944
0942
0940
093e
093c
093a
0938
0935
0933
0931
092f
092d
092b
0928
0926
0924
0922
091f
091d
091b
0918
0916
0913
0911
090f
090c
090a
0907
0905
0902
08ff
08fd
08fa
08f7
08f5
08f2
08ef
08ed
08ea
08e7
08e4
08e2
08df
08dc
08d9
08d6
08d3
08d0
08cd
08ca
08c7
08c4
08c1
08be
08bb
08b8
08b5
08b2
08ae
08ab
08a8
08a5
08a2
089e
089b
0898
0894
0891
088e
088a
0887
0883
0880
087c
0879
0875
0872
086e
086b
0867
0864
0860
085c
0859
0855
0851
084e
084a
0846
0842
083e
083b
0837
0833
082f
082b
0827
0823
081f
081b
0817
0813
080f
080b
0807
0803
07ff
07fb
07f7
07f2
07ee
07ea
07e6
07e2
07dd
07d9
07d5
07d0
07cc
07c8
07c3
07bf
07ba
07b6
07b2
07ad
07a9
07a4
07a0
079b
0797
0792
078d
0789
0784
0780
077b
0776
0771
076d
0768
0763
075f
075a
0755
0750
074b
0746
0742
073d
0738
0733
072e
0729
0724
071f
071a
0715
0710
070b
0706
0701
06fc
06f6
06f1
06ec
06e7
06e2
06dd
06d7
06d2
06cd
06c8
06c2
06bd
06b8
06b2
06ad
06a8
06a2
069d
0697
0692
068d
0687
0682
067c
0677
0671
066c
0666
0661
065b
0655
0650
064a
0645
063f
0639
0634
062e
0628
0622
061d
0617
0611
060b
0606
0600
05fa
05f4
05ee
05e8
05e2
05dd
05d7
05d1
05cb
05c5
05bf
05b9
05b3
05ad
05a7
05a1
059b
0595
058f
0589
0582
057c
0576
0570
056a
0564
055e
0557
0551
054b
0545
053f
0538
0532
052c
0526
051f
0519
0513
050c
0506
0500
04f9
04f3
04ec
04e6
04e0
04d9
04d3
04cc
04c6
04bf
04b9
04b2
04ac
04a5
049f
0498
0492
048b
0485
047e
0477
0471
046a
0464
045d
0456
0450
0449
0442
043c
0435
042e
0428
0421
041a
0413
040d
0406
03ff
03f8
03f1
03eb
03e4
03dd
03d6
03cf
03c9
03c2
03bb
03b4
03ad
03a6
039f
0398
0391
038b
0384
037d
0376
036f
0368
0361
035a
0353
034c
0345
033e
0337
0330
0329
0322
031b
0314
030d
0305
02fe
02f7
02f0
02e9
02e2
02db
02d4
02cd
02c6
02be
02b7
02b0
02a9
02a2
029b
0293
028c
0285
027e
0277
026f
0268
0261
025a
0253
024b
0244
023d
0236
022e
0227
0220
0219
0211
020a
0203
01fb
01f4
01ed
01e5
01de
01d7
01d0
01c8
01c1
01ba
01b2
01ab
01a4
019c
0195
018e
0186
017f
0177
0170
0169
0161
015a
0153
014b
0144
013c
0135
012e
0126
011f
0117
0110
0109
0101
00fa
00f2
00eb
00e4
00dc
00d5
00cd
00c6
00be
00b7
00b0
00a8
00a1
0099
0092
008a
0083
007b
0074
006d
0065
005e
0056
004f
0047
0040
0038
0031
002a
0022
001b
0013
000c
0004
3ffd
3ff5
3fee
3fe6
3fdf
3fd8
3fd0
3fc9
3fc1
3fba
3fb2
3fab
3fa3
3f9c
3f94
3f8d
3f86
3f7e
3f77
3f6f
3f68
3f60
3f59
3f52
3f4a
3f43
3f3b
3f34
3f2c
3f25
3f1e
3f16
3f0f
3f07
3f00
3ef8
3ef1
3eea
3ee2
3edb
3ed3
3ecc
3ec5
3ebd
3eb6
3eae
3ea7
3ea0
3e98
3e91
3e8a
3e82
3e7b
3e74
3e6c
3e65
3e5d
3e56
3e4f
3e47
3e40
3e39
3e31
3e2a
3e23
3e1c
3e14
3e0d
3e06
3dfe
3df7
3df0
3de8
3de1
3dda
3dd3
3dcb
3dc4
3dbd
3db6
3dae
3da7
3da0
3d99
3d92
3d8a
3d83
3d7c
3d75
3d6e
3d66
3d5f
3d58
3d51
3d4a
3d43
3d3b
3d34
3d2d
3d26
3d1f
3d18
3d11
3d0a
3d03
3cfc
3cf4
3ced
3ce6
3cdf
3cd8
3cd1
3cca
3cc3
3cbc
3cb5
3cae
3ca7
3ca0
3c99
3c92
3c8b
3c84
3c7d
3c76
3c70
3c69
3c62
3c5b
3c54
3c4d
3c46
3c3f
3c38
3c32
3c2b
3c24
3c1d
3c16
3c0f
3c09
3c02
3bfb
3bf4
3bee
3be7
3be0
3bd9
3bd3
3bcc
3bc5
3bbf
3bb8
3bb1
3bab
3ba4
3b9d
3b97
3b90
3b8a
3b83
3b7c
3b76
3b6f
3b69
3b62
3b5c
3b55
3b4f
3b48
3b42
3b3b
3b35
3b2e
3b28
3b21
3b1b
3b14
3b0e
3b08
3b01
3afb
3af5
3aee
3ae8
3ae2
3adb
3ad5
3acf
3ac9
3ac2
3abc
3ab6
3ab0
3aa9
3aa3
3a9d
3a97
3a91
3a8b
3a84
3a7e
3a78
3a72
3a6c
3a66
3a60
3a5a
3a54
3a4e
3a48
3a42
3a3c
3a36
3a30
3a2a
3a24
3a1e
3a19
3a13
3a0d
3a07
3a01
39fb
39f5
39f0
39ea
39e4
39de
39d9
39d3
39cd
39c8
39c2
39bc
39b7
39b1
39ab
39a6
39a0
399b
3995
3990
398a
3985
397f
397a
3974
396f
3969
3964
395e
3959
3954
394e
3949
3944
393e
3939
3934
392f
3929
3924
391f
391a
3915
390f
390a
3905
3900
38fb
38f6
38f1
38ec
38e7
38e2
38dd
38d8
38d3
38ce
38c9
38c4
38bf
38ba
38b5
38b1
38ac
38a7
38a2
389d
3899
3894
388f
388a
3886
3881
387d
3878
3873
386f
386a
3866
3861
385c
3858
3853
384f
384b
3846
3842
383d
3839
3835
3830
382c
3828
3823
381f
381b
3817
3812
380e
380a
3806
3802
37fe
37fa
37f5
37f1
37ed
37e9
37e5
37e1
37dd
37d9
37d5
37d2
37ce
37ca
37c6
37c2
37be
37bb
37b7
37b3
37af
37ac
37a8
37a4
37a1
379d
3799
3796
3792
378f
378b
3788
3784
3781
377d
377a
3776
3773
376f
376c
3769
3765
3762
375f
375c
3758
3755
3752
374f
374c
3749
3745
3742
373f
373c
3739
3736
3733
3730
372d
372a
3727
3725
3722
371f
371c
3719
3716
3714
3711
370e
370c
3709
3706
3704
3701
36fe
36fc
36f9
36f7
36f4
36f2
36ef
36ed
36ea
36e8
36e6
36e3
36e1
36df
36dc
36da
36d8
36d6
36d3
36d1
36cf
36cd
36cb
36c9
36c7
36c5
36c3
36c1
36bf
36bd
36bb
36b9
36b7
36b5
36b3
36b1
36b0
36ae
36ac
36aa
36a8
36a7
36a5
36a3
36a2
36a0
369f
369d
369b
369a
3698
3697
3696
3694
3693
3691
3690
368f
368d
368c
368b
3689
3688
3687
3686
3685
3683
3682
3681
3680
367f
367e
367d
367c
367b
367a
3679
3678
3677
3677
3676
3675
3674
3673
3673
3672
3671
3670
3670
366f
366f
366e
366d
366d
366c
366c
366b
366b
366b
366a
366a
3669
3669
3669
3668
3668
3668
3668
3668
3667
3667
3667
3667
3667
3667
3667
3667
3667
3667
3667
3667
3667
3667
3667
3667
3668
3668
3668
3668
3668
3669
3669
3669
366a
366a
366b
366b
366b
366c
366c
366d
366e
366e
366f
366f
3670
3671
3671
3672
3673
3673
3674
3675
3676
3677
3677
3678
3679
367a
367b
367c
367d
367e
367f
3680
3681
3682
3684
3685
3686
3687
3688
3689
368b
368c
368d
368f
3690
3691
3693
3694
3696
3697
3699
369a
369c
369d
369f
36a0
36a2
36a4
36a5
36a7
36a9
36aa
36ac
36ae
36b0
36b1
36b3
36b5
36b7
36b9
36bb
36bd
36bf
36c1
36c3
36c5
36c7
36c9
36cb
36cd
36cf
36d1
36d4
36d6
36d8
36da
36dd
36df
36e1
36e4
36e6
36e8
36eb
36ed
36f0
36f2
36f4
36f7
36fa
36fc
36ff
3701
3704
3706
3709
370c
370f
3711
3714
3717
3719
371c
371f
3722
3725
3728
372b
372e
3730
3733
3736
3739
373c
3740
3743
3746
3749
374c
374f
3752
3755
3759
375c
375f
3762
3766
3769
376c
3770
3773
3777
377a
377d
3781
3784
3788
378b
378f
3792
3796
379a
379d
37a1
37a5
37a8
37ac
37b0
37b3
37b7
37bb
37bf
37c2
37c6
37ca
37ce
37d2
37d6
37da
37de
37e2
37e6
37ea
37ee
37f2
37f6
37fa
37fe
3802
3806
380a
380f
3813
3817
381b
381f
3824
3828
382c
3831
3835
3839
383e
3842
3847
384b
384f
3854
3858
385d
3861
3866
386b
386f
3874
3878
387d
3882
3886
388b
3890
3894
3899
389e
38a3
38a7
38ac
38b1
38b6
38bb
38c0
38c4
38c9
38ce
38d3
38d8
38dd
38e2
38e7
38ec
38f1
38f6
38fb
3901
3906
390b
3910
3915
391a
391f
3925
392a
392f
3934
393a
393f
3944
394a
394f
3954
395a
395f
3964
396a
396f
3975
397a
3980
3985
398b
3990
3996
399b
39a1
39a6
39ac
39b2
39b7
39bd
39c2
39c8
39ce
39d4
39d9
39df
39e5
39ea
39f0
39f6
39fc
3a02
3a07
3a0d
3a13
3a19
3a1f
3a25
3a2b
3a31
3a37
3a3d
3a43
3a49
3a4e
3a55
3a5b
3a61
3a67
3a6d
3a73
3a79
3a7f
3a85
3a8b
3a91
3a97
3a9e
3aa4
3aaa
3ab0
3ab6
3abd
3ac3
3ac9
3acf
3ad6
3adc
3ae2
3ae9
3aef
3af5
3afc
3b02
3b08
3b0f
3b15
3b1b
3b22
3b28
3b2f
3b35
3b3c
3b42
3b49
3b4f
3b56
3b5c
3b63
3b69
3b70
3b76
3b7d
3b84
3b8a
3b91
3b97
3b9e
3ba5
3bab
3bb2
3bb9
3bbf
3bc6
3bcd
3bd3
3bda
3be1
3be8
3bee
3bf5
3bfc
3c03
3c09
3c10
3c17
3c1e
3c25
3c2b
3c32
3c39
3c40
3c47
3c4e
3c55
3c5b
3c62
3c69
3c70
3c77
3c7e
3c85
3c8c
3c93
3c9a
3ca1
3ca8
3caf
3cb6
3cbd
3cc4
3ccb
3cd2
3cd9
3ce0
3ce7
3cee
3cf5
3cfc
3d03
3d0a
3d11
3d19
3d20
3d27
3d2e
3d35
3d3c
3d43
3d4a
3d52
3d59
3d60
3d67
3d6e
3d75
3d7d
3d84
3d8b
3d92
3d99
3da1
3da8
3daf
3db6
3dbe
3dc5
3dcc
3dd3
3ddb
3de2
3de9
3df0
3df8
3dff
3e06
3e0e
3e15
3e1c
3e24
3e2b
3e32
3e39
3e41
3e48
3e4f
3e57
3e5e
3e65
3e6d
3e74
3e7c
3e83
3e8a
3e92
3e99
3ea0
3ea8
3eaf
3eb7
3ebe
3ec5
3ecd
3ed4
3edc
3ee3
3eea
3ef2
3ef9
3f01
3f08
3f0f
3f17
3f1e
3f26
3f2d
3f34
3f3c
3f43
3f4b
3f52
3f5a
3f61
3f69
3f70
3f77
3f7f
3f86
3f8e
3f95
3f9d
3fa4
3fac
3fb3
3fba
3fc2
3fc9
3fd1
3fd8
3fe0
3fe7
3fef
3ff6
3ffd
