0000
0002
0005
0007
000a
000c
000f
0011
0014
0016
0019
001b
001e
0020
0023
0025
0028
002a
002c
002f
0031
0034
0036
0039
003b
003e
0040
0043
0045
0048
004a
004d
004f
0052
0054
0056
0059
005b
005e
0060
0063
0065
0068
006a
006d
006f
0072
0074
0077
0079
007b
007e
0080
0083
0085
0088
008a
008d
008f
0092
0094
0097
0099
009c
009e
00a0
00a3
00a5
00a8
00aa
00ad
00af
00b2
00b4
00b7
00b9
00bc
00be
00c0
00c3
00c5
00c8
00ca
00cd
00cf
00d2
00d4
00d7
00d9
00dc
00de
00e0
00e3
00e5
00e8
00ea
00ed
00ef
00f2
00f4
00f7
00f9
00fc
00fe
0100
0103
0105
0108
010a
010d
010f
0112
0114
0117
0119
011b
011e
0120
0123
0125
0128
012a
012d
012f
0132
0134
0136
0139
013b
013e
0140
0143
0145
0148
014a
014c
014f
0151
0154
0156
0159
015b
015e
0160
0162
0165
0167
016a
016c
016f
0171
0174
0176
0178
017b
017d
0180
0182
0185
0187
018a
018c
018e
0191
0193
0196
0198
019b
019d
019f
01a2
01a4
01a7
01a9
01ac
01ae
01b1
01b3
01b5
01b8
01ba
01bd
01bf
01c2
01c4
01c6
01c9
01cb
01ce
01d0
01d3
01d5
01d7
01da
01dc
01df
01e1
01e3
01e6
01e8
01eb
01ed
01f0
01f2
01f4
01f7
01f9
01fc
01fe
0201
0203
0205
0208
020a
020d
020f
0211
0214
0216
0219
021b
021d
0220
0222
0225
0227
022a
022c
022e
0231
0233
0236
0238
023a
023d
023f
0242
0244
0246
0249
024b
024e
0250
0252
0255
0257
025a
025c
025e
0261
0263
0265
0268
026a
026d
026f
0271
0274
0276
0279
027b
027d
0280
0282
0285
0287
0289
028c
028e
0290
0293
0295
0298
029a
029c
029f
02a1
02a3
02a6
02a8
02ab
02ad
02af
02b2
02b4
02b6
02b9
02bb
02be
02c0
02c2
02c5
02c7
02c9
02cc
02ce
02d0
02d3
02d5
02d8
02da
02dc
02df
02e1
02e3
02e6
02e8
02ea
02ed
02ef
02f1
02f4
02f6
02f9
02fb
02fd
0300
0302
0304
0307
0309
030b
030e
0310
0312
0315
0317
0319
031c
031e
0320
0323
0325
0327
032a
032c
032e
0331
0333
0335
0338
033a
033c
033f
0341
0343
0346
0348
034a
034d
034f
0351
0354
0356
0358
035a
035d
035f
0361
0364
0366
0368
036b
036d
036f
0372
0374
0376
0378
037b
037d
037f
0382
0384
0386
0389
038b
038d
038f
0392
0394
0396
0399
039b
039d
03a0
03a2
03a4
03a6
03a9
03ab
03ad
03b0
03b2
03b4
03b6
03b9
03bb
03bd
03bf
03c2
03c4
03c6
03c9
03cb
03cd
03cf
03d2
03d4
03d6
03d8
03db
03dd
03df
03e1
03e4
03e6
03e8
03ea
03ed
03ef
03f1
03f3
03f6
03f8
03fa
03fc
03ff
0401
0403
0405
0408
040a
040c
040e
0411
0413
0415
0417
041a
041c
041e
0420
0423
0425
0427
0429
042b
042e
0430
0432
0434
0437
0439
043b
043d
043f
0442
0444
0446
0448
044a
044d
044f
0451
0453
0456
0458
045a
045c
045e
0461
0463
0465
0467
0469
046c
046e
0470
0472
0474
0476
0479
047b
047d
047f
0481
0484
0486
0488
048a
048c
048e
0491
0493
0495
0497
0499
049b
049e
04a0
04a2
04a4
04a6
04a8
04ab
04ad
04af
04b1
04b3
04b5
04b8
04ba
04bc
04be
04c0
04c2
04c4
04c7
04c9
04cb
04cd
04cf
04d1
04d3
04d6
04d8
04da
04dc
04de
04e0
04e2
04e4
04e7
04e9
04eb
04ed
04ef
04f1
04f3
04f5
04f8
04fa
04fc
04fe
0500
0502
0504
0506
0508
050b
050d
050f
0511
0513
0515
0517
0519
051b
051d
051f
0522
0524
0526
0528
052a
052c
052e
0530
0532
0534
0536
0538
053b
053d
053f
0541
0543
0545
0547
0549
054b
054d
054f
0551
0553
0555
0557
0559
055b
055e
0560
0562
0564
0566
0568
056a
056c
056e
0570
0572
0574
0576
0578
057a
057c
057e
0580
0582
0584
0586
0588
058a
058c
058e
0590
0592
0594
0596
0598
059a
059c
059e
05a0
05a2
05a4
05a6
05a8
05aa
05ac
05ae
05b0
05b2
05b4
05b6
05b8
05ba
05bc
05be
05c0
05c2
05c4
05c6
05c8
05ca
05cc
05ce
05d0
05d2
05d4
05d6
05d8
05da
05dc
05de
05e0
05e2
05e4
05e6
05e7
05e9
05eb
05ed
05ef
05f1
05f3
05f5
05f7
05f9
05fb
05fd
05ff
0601
0603
0605
0606
0608
060a
060c
060e
0610
0612
0614
0616
0618
061a
061b
061d
061f
0621
0623
0625
0627
0629
062b
062d
062e
0630
0632
0634
0636
0638
063a
063c
063e
063f
0641
0643
0645
0647
0649
064b
064c
064e
0650
0652
0654
0656
0658
065a
065b
065d
065f
0661
0663
0665
0666
0668
066a
066c
066e
0670
0671
0673
0675
0677
0679
067b
067c
067e
0680
0682
0684
0685
0687
0689
068b
068d
068f
0690
0692
0694
0696
0698
0699
069b
069d
069f
06a0
06a2
06a4
06a6
06a8
06a9
06ab
06ad
06af
06b1
06b2
06b4
06b6
06b8
06b9
06bb
06bd
06bf
06c0
06c2
06c4
06c6
06c7
06c9
06cb
06cd
06ce
06d0
06d2
06d4
06d5
06d7
06d9
06db
06dc
06de
06e0
06e1
06e3
06e5
06e7
06e8
06ea
06ec
06ed
06ef
06f1
06f3
06f4
06f6
06f8
06f9
06fb
06fd
06fe
0700
0702
0704
0705
0707
0709
070a
070c
070e
070f
0711
0713
0714
0716
0718
0719
071b
071d
071e
0720
0722
0723
0725
0727
0728
072a
072b
072d
072f
0730
0732
0734
0735
0737
0739
073a
073c
073d
073f
0741
0742
0744
0746
0747
0749
074a
074c
074e
074f
0751
0752
0754
0756
0757
0759
075a
075c
075d
075f
0761
0762
0764
0765
0767
0769
076a
076c
076d
076f
0770
0772
0773
0775
0777
0778
077a
077b
077d
077e
0780
0781
0783
0784
0786
0788
0789
078b
078c
078e
078f
0791
0792
0794
0795
0797
0798
079a
079b
079d
079e
07a0
07a1
07a3
07a4
07a6
07a7
07a9
07aa
07ac
07ad
07af
07b0
07b2
07b3
07b5
07b6
07b8
07b9
07bb
07bc
07bd
07bf
07c0
07c2
07c3
07c5
07c6
07c8
07c9
07cb
07cc
07cd
07cf
07d0
07d2
07d3
07d5
07d6
07d7
07d9
07da
07dc
07dd
07df
07e0
07e1
07e3
07e4
07e6
07e7
07e8
07ea
07eb
07ed
07ee
07ef
07f1
07f2
07f4
07f5
07f6
07f8
07f9
07fa
07fc
07fd
07ff
0800
0801
0803
0804
0805
0807
0808
0809
080b
080c
080d
080f
0810
0811
0813
0814
0815
0817
0818
0819
081b
081c
081d
081f
0820
0821
0823
0824
0825
0827
0828
0829
082a
082c
082d
082e
0830
0831
0832
0834
0835
0836
0837
0839
083a
083b
083c
083e
083f
0840
0842
0843
0844
0845
0847
0848
0849
084a
084c
084d
084e
084f
0850
0852
0853
0854
0855
0857
0858
0859
085a
085c
085d
085e
085f
0860
0862
0863
0864
0865
0866
0868
0869
086a
086b
086c
086e
086f
0870
0871
0872
0873
0875
0876
0877
0878
0879
087a
087c
087d
087e
087f
0880
0881
0882
0884
0885
0886
0887
0888
0889
088a
088c
088d
088e
088f
0890
0891
0892
0893
0894
0896
0897
0898
0899
089a
089b
089c
089d
089e
089f
08a0
08a2
08a3
08a4
08a5
08a6
08a7
08a8
08a9
08aa
08ab
08ac
08ad
08ae
08af
08b0
08b2
08b3
08b4
08b5
08b6
08b7
08b8
08b9
08ba
08bb
08bc
08bd
08be
08bf
08c0
08c1
08c2
08c3
08c4
08c5
08c6
08c7
08c8
08c9
08ca
08cb
08cc
08cd
08ce
08cf
08d0
08d1
08d2
08d3
08d4
08d5
08d6
08d7
08d8
08d9
08da
08db
08dc
08dc
08dd
08de
08df
08e0
08e1
08e2
08e3
08e4
08e5
08e6
08e7
08e8
08e9
08ea
08ea
08eb
08ec
08ed
08ee
08ef
08f0
08f1
08f2
08f3
08f3
08f4
08f5
08f6
08f7
08f8
08f9
08fa
08fb
08fb
08fc
08fd
08fe
08ff
0900
0901
0901
0902
0903
0904
0905
0906
0907
0907
0908
0909
090a
090b
090c
090c
090d
090e
090f
0910
0910
0911
0912
0913
0914
0915
0915
0916
0917
0918
0918
0919
091a
091b
091c
091c
091d
091e
091f
091f
0920
0921
0922
0923
0923
0924
0925
0926
0926
0927
0928
0929
0929
092a
092b
092b
092c
092d
092e
092e
092f
0930
0931
0931
0932
0933
0933
0934
0935
0935
0936
0937
0938
0938
0939
093a
093a
093b
093c
093c
093d
093e
093e
093f
0940
0940
0941
0942
0942
0943
0944
0944
0945
0946
0946
0947
0947
0948
0949
0949
094a
094b
094b
094c
094c
094d
094e
094e
094f
094f
0950
0951
0951
0952
0952
0953
0954
0954
0955
0955
0956
0956
0957
0958
0958
0959
0959
095a
095a
095b
095c
095c
095d
095d
095e
095e
095f
095f
0960
0960
0961
0961
0962
0962
0963
0964
0964
0965
0965
0966
0966
0967
0967
0968
0968
0969
0969
096a
096a
096a
096b
096b
096c
096c
096d
096d
096e
096e
096f
096f
0970
0970
0971
0971
0971
0972
0972
0973
0973
0974
0974
0974
0975
0975
0976
0976
0977
0977
0977
0978
0978
0979
0979
0979
097a
097a
097b
097b
097b
097c
097c
097c
097d
097d
097e
097e
097e
097f
097f
097f
0980
0980
0980
0981
0981
0982
0982
0982
0983
0983
0983
0984
0984
0984
0985
0985
0985
0985
0986
0986
0986
0987
0987
0987
0988
0988
0988
0988
0989
0989
0989
098a
098a
098a
098a
098b
098b
098b
098b
098c
098c
098c
098d
098d
098d
098d
098e
098e
098e
098e
098e
098f
098f
098f
098f
0990
0990
0990
0990
0990
0991
0991
0991
0991
0991
0992
0992
0992
0992
0992
0993
0993
0993
0993
0993
0993
0994
0994
0994
0994
0994
0994
0995
0995
0995
0995
0995
0995
0995
0996
0996
0996
0996
0996
0996
0996
0996
0997
0997
0997
0997
0997
0997
0997
0997
0997
0998
0998
0998
0998
0998
0998
0998
0998
0998
0998
0998
0998
0998
0999
0999
0999
0999
0999
0999
0999
0999
0999
0999
0999
0999
0999
0999
0999
0999
0999
0999
0999
0999
0999
0999
0999
0999
0999
0999
0999
0999
0999
0999
0999
0999
0999
0999
0999
0999
0999
0999
0999
0999
0999
0999
0999
0999
0999
0999
0999
0999
0999
0999
0998
0998
0998
0998
0998
0998
0998
0998
0998
0998
0998
0998
0998
0997
0997
0997
0997
0997
0997
0997
0997
0997
0996
0996
0996
0996
0996
0996
0996
0996
0995
0995
0995
0995
0995
0995
0995
0994
0994
0994
0994
0994
0994
0993
0993
0993
0993
0993
0993
0992
0992
0992
0992
0992
0991
0991
0991
0991
0991
0990
0990
0990
0990
0990
098f
098f
098f
098f
098e
098e
098e
098e
098e
098d
098d
098d
098d
098c
098c
098c
098b
098b
098b
098b
098a
098a
098a
098a
0989
0989
0989
0988
0988
0988
0988
0987
0987
0987
0986
0986
0986
0985
0985
0985
0985
0984
0984
0984
0983
0983
0983
0982
0982
0982
0981
0981
0980
0980
0980
097f
097f
097f
097e
097e
097e
097d
097d
097c
097c
097c
097b
097b
097b
097a
097a
0979
0979
0979
0978
0978
0977
0977
0977
0976
0976
0975
0975
0974
0974
0974
0973
0973
0972
0972
0971
0971
0971
0970
0970
096f
096f
096e
096e
096d
096d
096c
096c
096b
096b
096a
096a
096a
0969
0969
0968
0968
0967
0967
0966
0966
0965
0965
0964
0964
0963
0962
0962
0961
0961
0960
0960
095f
095f
095e
095e
095d
095d
095c
095c
095b
095a
095a
0959
0959
0958
0958
0957
0956
0956
0955
0955
0954
0954
0953
0952
0952
0951
0951
0950
094f
094f
094e
094e
094d
094c
094c
094b
094b
094a
0949
0949
0948
0947
0947
0946
0946
0945
0944
0944
0943
0942
0942
0941
0940
0940
093f
093e
093e
093d
093c
093c
093b
093a
093a
0939
0938
0938
0937
0936
0935
0935
0934
0933
0933
0932
0931
0931
0930
092f
092e
092e
092d
092c
092b
092b
092a
0929
0929
0928
0927
0926
0926
0925
0924
0923
0923
0922
0921
0920
091f
091f
091e
091d
091c
091c
091b
091a
0919
0918
0918
0917
0916
0915
0915
0914
0913
0912
0911
0910
0910
090f
090e
090d
090c
090c
090b
090a
0909
0908
0907
0907
0906
0905
0904
0903
0902
0901
0901
0900
08ff
08fe
08fd
08fc
08fb
08fb
08fa
08f9
08f8
08f7
08f6
08f5
08f4
08f3
08f3
08f2
08f1
08f0
08ef
08ee
08ed
08ec
08eb
08ea
08ea
08e9
08e8
08e7
08e6
08e5
08e4
08e3
08e2
08e1
08e0
08df
08de
08dd
08dc
08dc
08db
08da
08d9
08d8
08d7
08d6
08d5
08d4
08d3
08d2
08d1
08d0
08cf
08ce
08cd
08cc
08cb
08ca
08c9
08c8
08c7
08c6
08c5
08c4
08c3
08c2
08c1
08c0
08bf
08be
08bd
08bc
08bb
08ba
08b9
08b8
08b7
08b6
08b5
08b4
08b3
08b2
08b0
08af
08ae
08ad
08ac
08ab
08aa
08a9
08a8
08a7
08a6
08a5
08a4
08a3
08a2
08a0
089f
089e
089d
089c
089b
089a
0899
0898
0897
0896
0894
0893
0892
0891
0890
088f
088e
088d
088c
088a
0889
0888
0887
0886
0885
0884
0882
0881
0880
087f
087e
087d
087c
087a
0879
0878
0877
0876
0875
0873
0872
0871
0870
086f
086e
086c
086b
086a
0869
0868
0866
0865
0864
0863
0862
0860
085f
085e
085d
085c
085a
0859
0858
0857
0855
0854
0853
0852
0850
084f
084e
084d
084c
084a
0849
0848
0847
0845
0844
0843
0842
0840
083f
083e
083c
083b
083a
0839
0837
0836
0835
0834
0832
0831
0830
082e
082d
082c
082a
0829
0828
0827
0825
0824
0823
0821
0820
081f
081d
081c
081b
0819
0818
0817
0815
0814
0813
0811
0810
080f
080d
080c
080b
0809
0808
0807
0805
0804
0803
0801
0800
07ff
07fd
07fc
07fa
07f9
07f8
07f6
07f5
07f4
07f2
07f1
07ef
07ee
07ed
07eb
07ea
07e8
07e7
07e6
07e4
07e3
07e1
07e0
07df
07dd
07dc
07da
07d9
07d7
07d6
07d5
07d3
07d2
07d0
07cf
07cd
07cc
07cb
07c9
07c8
07c6
07c5
07c3
07c2
07c0
07bf
07bd
07bc
07bb
07b9
07b8
07b6
07b5
07b3
07b2
07b0
07af
07ad
07ac
07aa
07a9
07a7
07a6
07a4
07a3
07a1
07a0
079e
079d
079b
079a
0798
0797
0795
0794
0792
0791
078f
078e
078c
078b
0789
0788
0786
0784
0783
0781
0780
077e
077d
077b
077a
0778
0777
0775
0773
0772
0770
076f
076d
076c
076a
0769
0767
0765
0764
0762
0761
075f
075d
075c
075a
0759
0757
0756
0754
0752
0751
074f
074e
074c
074a
0749
0747
0746
0744
0742
0741
073f
073d
073c
073a
0739
0737
0735
0734
0732
0730
072f
072d
072b
072a
0728
0727
0725
0723
0722
0720
071e
071d
071b
0719
0718
0716
0714
0713
0711
070f
070e
070c
070a
0709
0707
0705
0704
0702
0700
06fe
06fd
06fb
06f9
06f8
06f6
06f4
06f3
06f1
06ef
06ed
06ec
06ea
06e8
06e7
06e5
06e3
06e1
06e0
06de
06dc
06db
06d9
06d7
06d5
06d4
06d2
06d0
06ce
06cd
06cb
06c9
06c7
06c6
06c4
06c2
06c0
06bf
06bd
06bb
06b9
06b8
06b6
06b4
06b2
06b1
06af
06ad
06ab
06a9
06a8
06a6
06a4
06a2
06a0
069f
069d
069b
0699
0698
0696
0694
0692
0690
068f
068d
068b
0689
0687
0685
0684
0682
0680
067e
067c
067b
0679
0677
0675
0673
0671
0670
066e
066c
066a
0668
0666
0665
0663
0661
065f
065d
065b
065a
0658
0656
0654
0652
0650
064e
064c
064b
0649
0647
0645
0643
0641
063f
063e
063c
063a
0638
0636
0634
0632
0630
062e
062d
062b
0629
0627
0625
0623
0621
061f
061d
061b
061a
0618
0616
0614
0612
0610
060e
060c
060a
0608
0606
0605
0603
0601
05ff
05fd
05fb
05f9
05f7
05f5
05f3
05f1
05ef
05ed
05eb
05e9
05e7
05e6
05e4
05e2
05e0
05de
05dc
05da
05d8
05d6
05d4
05d2
05d0
05ce
05cc
05ca
05c8
05c6
05c4
05c2
05c0
05be
05bc
05ba
05b8
05b6
05b4
05b2
05b0
05ae
05ac
05aa
05a8
05a6
05a4
05a2
05a0
059e
059c
059a
0598
0596
0594
0592
0590
058e
058c
058a
0588
0586
0584
0582
0580
057e
057c
057a
0578
0576
0574
0572
0570
056e
056c
056a
0568
0566
0564
0562
0560
055e
055b
0559
0557
0555
0553
0551
054f
054d
054b
0549
0547
0545
0543
0541
053f
053d
053b
0538
0536
0534
0532
0530
052e
052c
052a
0528
0526
0524
0522
051f
051d
051b
0519
0517
0515
0513
0511
050f
050d
050b
0508
0506
0504
0502
0500
04fe
04fc
04fa
04f8
04f5
04f3
04f1
04ef
04ed
04eb
04e9
04e7
04e4
04e2
04e0
04de
04dc
04da
04d8
04d6
04d3
04d1
04cf
04cd
04cb
04c9
04c7
04c4
04c2
04c0
04be
04bc
04ba
04b8
04b5
04b3
04b1
04af
04ad
04ab
04a8
04a6
04a4
04a2
04a0
049e
049b
0499
0497
0495
0493
0491
048e
048c
048a
0488
0486
0484
0481
047f
047d
047b
0479
0476
0474
0472
0470
046e
046c
0469
0467
0465
0463
0461
045e
045c
045a
0458
0456
0453
0451
044f
044d
044a
0448
0446
0444
0442
043f
043d
043b
0439
0437
0434
0432
0430
042e
042b
0429
0427
0425
0423
0420
041e
041c
041a
0417
0415
0413
0411
040e
040c
040a
0408
0405
0403
0401
03ff
03fc
03fa
03f8
03f6
03f3
03f1
03ef
03ed
03ea
03e8
03e6
03e4
03e1
03df
03dd
03db
03d8
03d6
03d4
03d2
03cf
03cd
03cb
03c9
03c6
03c4
03c2
03bf
03bd
03bb
03b9
03b6
03b4
03b2
03b0
03ad
03ab
03a9
03a6
03a4
03a2
03a0
039d
039b
0399
0396
0394
0392
038f
038d
038b
0389
0386
0384
0382
037f
037d
037b
0378
0376
0374
0372
036f
036d
036b
0368
0366
0364
0361
035f
035d
035a
0358
0356
0354
0351
034f
034d
034a
0348
0346
0343
0341
033f
033c
033a
0338
0335
0333
0331
032e
032c
032a
0327
0325
0323
0320
031e
031c
0319
0317
0315
0312
0310
030e
030b
0309
0307
0304
0302
0300
02fd
02fb
02f9
02f6
02f4
02f1
02ef
02ed
02ea
02e8
02e6
02e3
02e1
02df
02dc
02da
02d8
02d5
02d3
02d0
02ce
02cc
02c9
02c7
02c5
02c2
02c0
02be
02bb
02b9
02b6
02b4
02b2
02af
02ad
02ab
02a8
02a6
02a3
02a1
029f
029c
029a
0298
0295
0293
0290
028e
028c
0289
0287
0285
0282
0280
027d
027b
0279
0276
0274
0271
026f
026d
026a
0268
0265
0263
0261
025e
025c
025a
0257
0255
0252
0250
024e
024b
0249
0246
0244
0242
023f
023d
023a
0238
0236
0233
0231
022e
022c
022a
0227
0225
0222
0220
021d
021b
0219
0216
0214
0211
020f
020d
020a
0208
0205
0203
0201
01fe
01fc
01f9
01f7
01f4
01f2
01f0
01ed
01eb
01e8
01e6
01e3
01e1
01df
01dc
01da
01d7
01d5
01d3
01d0
01ce
01cb
01c9
01c6
01c4
01c2
01bf
01bd
01ba
01b8
01b5
01b3
01b1
01ae
01ac
01a9
01a7
01a4
01a2
019f
019d
019b
0198
0196
0193
0191
018e
018c
018a
0187
0185
0182
0180
017d
017b
0178
0176
0174
0171
016f
016c
016a
0167
0165
0162
0160
015e
015b
0159
0156
0154
0151
014f
014c
014a
0148
0145
0143
0140
013e
013b
0139
0136
0134
0132
012f
012d
012a
0128
0125
0123
0120
011e
011b
0119
0117
0114
0112
010f
010d
010a
0108
0105
0103
0100
00fe
00fc
00f9
00f7
00f4
00f2
00ef
00ed
00ea
00e8
00e5
00e3
00e0
00de
00dc
00d9
00d7
00d4
00d2
00cf
00cd
00ca
00c8
00c5
00c3
00c0
00be
00bc
00b9
00b7
00b4
00b2
00af
00ad
00aa
00a8
00a5
00a3
00a0
009e
009c
0099
0097
0094
0092
008f
008d
008a
0088
0085
0083
0080
007e
007b
0079
0077
0074
0072
006f
006d
006a
0068
0065
0063
0060
005e
005b
0059
0056
0054
0052
004f
004d
004a
0048
0045
0043
0040
003e
003b
0039
0036
0034
0031
002f
002c
002a
0028
0025
0023
0020
001e
001b
0019
0016
0014
0011
000f
000c
000a
0007
0005
0002
0000
3ffe
3ffb
3ff9
3ff6
3ff4
3ff1
3fef
3fec
3fea
3fe7
3fe5
3fe2
3fe0
3fdd
3fdb
3fd8
3fd6
3fd4
3fd1
3fcf
3fcc
3fca
3fc7
3fc5
3fc2
3fc0
3fbd
3fbb
3fb8
3fb6
3fb3
3fb1
3fae
3fac
3faa
3fa7
3fa5
3fa2
3fa0
3f9d
3f9b
3f98
3f96
3f93
3f91
3f8e
3f8c
3f89
3f87
3f85
3f82
3f80
3f7d
3f7b
3f78
3f76
3f73
3f71
3f6e
3f6c
3f69
3f67
3f64
3f62
3f60
3f5d
3f5b
3f58
3f56
3f53
3f51
3f4e
3f4c
3f49
3f47
3f44
3f42
3f40
3f3d
3f3b
3f38
3f36
3f33
3f31
3f2e
3f2c
3f29
3f27
3f24
3f22
3f20
3f1d
3f1b
3f18
3f16
3f13
3f11
3f0e
3f0c
3f09
3f07
3f04
3f02
3f00
3efd
3efb
3ef8
3ef6
3ef3
3ef1
3eee
3eec
3ee9
3ee7
3ee5
3ee2
3ee0
3edd
3edb
3ed8
3ed6
3ed3
3ed1
3ece
3ecc
3eca
3ec7
3ec5
3ec2
3ec0
3ebd
3ebb
3eb8
3eb6
3eb4
3eb1
3eaf
3eac
3eaa
3ea7
3ea5
3ea2
3ea0
3e9e
3e9b
3e99
3e96
3e94
3e91
3e8f
3e8c
3e8a
3e88
3e85
3e83
3e80
3e7e
3e7b
3e79
3e76
3e74
3e72
3e6f
3e6d
3e6a
3e68
3e65
3e63
3e61
3e5e
3e5c
3e59
3e57
3e54
3e52
3e4f
3e4d
3e4b
3e48
3e46
3e43
3e41
3e3e
3e3c
3e3a
3e37
3e35
3e32
3e30
3e2d
3e2b
3e29
3e26
3e24
3e21
3e1f
3e1d
3e1a
3e18
3e15
3e13
3e10
3e0e
3e0c
3e09
3e07
3e04
3e02
3dff
3dfd
3dfb
3df8
3df6
3df3
3df1
3def
3dec
3dea
3de7
3de5
3de3
3de0
3dde
3ddb
3dd9
3dd6
3dd4
3dd2
3dcf
3dcd
3dca
3dc8
3dc6
3dc3
3dc1
3dbe
3dbc
3dba
3db7
3db5
3db2
3db0
3dae
3dab
3da9
3da6
3da4
3da2
3d9f
3d9d
3d9b
3d98
3d96
3d93
3d91
3d8f
3d8c
3d8a
3d87
3d85
3d83
3d80
3d7e
3d7b
3d79
3d77
3d74
3d72
3d70
3d6d
3d6b
3d68
3d66
3d64
3d61
3d5f
3d5d
3d5a
3d58
3d55
3d53
3d51
3d4e
3d4c
3d4a
3d47
3d45
3d42
3d40
3d3e
3d3b
3d39
3d37
3d34
3d32
3d30
3d2d
3d2b
3d28
3d26
3d24
3d21
3d1f
3d1d
3d1a
3d18
3d16
3d13
3d11
3d0f
3d0c
3d0a
3d07
3d05
3d03
3d00
3cfe
3cfc
3cf9
3cf7
3cf5
3cf2
3cf0
3cee
3ceb
3ce9
3ce7
3ce4
3ce2
3ce0
3cdd
3cdb
3cd9
3cd6
3cd4
3cd2
3ccf
3ccd
3ccb
3cc8
3cc6
3cc4
3cc1
3cbf
3cbd
3cba
3cb8
3cb6
3cb3
3cb1
3caf
3cac
3caa
3ca8
3ca6
3ca3
3ca1
3c9f
3c9c
3c9a
3c98
3c95
3c93
3c91
3c8e
3c8c
3c8a
3c88
3c85
3c83
3c81
3c7e
3c7c
3c7a
3c77
3c75
3c73
3c71
3c6e
3c6c
3c6a
3c67
3c65
3c63
3c60
3c5e
3c5c
3c5a
3c57
3c55
3c53
3c50
3c4e
3c4c
3c4a
3c47
3c45
3c43
3c41
3c3e
3c3c
3c3a
3c37
3c35
3c33
3c31
3c2e
3c2c
3c2a
3c28
3c25
3c23
3c21
3c1f
3c1c
3c1a
3c18
3c16
3c13
3c11
3c0f
3c0d
3c0a
3c08
3c06
3c04
3c01
3bff
3bfd
3bfb
3bf8
3bf6
3bf4
3bf2
3bef
3bed
3beb
3be9
3be6
3be4
3be2
3be0
3bdd
3bdb
3bd9
3bd7
3bd5
3bd2
3bd0
3bce
3bcc
3bc9
3bc7
3bc5
3bc3
3bc1
3bbe
3bbc
3bba
3bb8
3bb6
3bb3
3bb1
3baf
3bad
3baa
3ba8
3ba6
3ba4
3ba2
3b9f
3b9d
3b9b
3b99
3b97
3b94
3b92
3b90
3b8e
3b8c
3b8a
3b87
3b85
3b83
3b81
3b7f
3b7c
3b7a
3b78
3b76
3b74
3b72
3b6f
3b6d
3b6b
3b69
3b67
3b65
3b62
3b60
3b5e
3b5c
3b5a
3b58
3b55
3b53
3b51
3b4f
3b4d
3b4b
3b48
3b46
3b44
3b42
3b40
3b3e
3b3c
3b39
3b37
3b35
3b33
3b31
3b2f
3b2d
3b2a
3b28
3b26
3b24
3b22
3b20
3b1e
3b1c
3b19
3b17
3b15
3b13
3b11
3b0f
3b0d
3b0b
3b08
3b06
3b04
3b02
3b00
3afe
3afc
3afa
3af8
3af5
3af3
3af1
3aef
3aed
3aeb
3ae9
3ae7
3ae5
3ae3
3ae1
3ade
3adc
3ada
3ad8
3ad6
3ad4
3ad2
3ad0
3ace
3acc
3aca
3ac8
3ac5
3ac3
3ac1
3abf
3abd
3abb
3ab9
3ab7
3ab5
3ab3
3ab1
3aaf
3aad
3aab
3aa9
3aa7
3aa5
3aa2
3aa0
3a9e
3a9c
3a9a
3a98
3a96
3a94
3a92
3a90
3a8e
3a8c
3a8a
3a88
3a86
3a84
3a82
3a80
3a7e
3a7c
3a7a
3a78
3a76
3a74
3a72
3a70
3a6e
3a6c
3a6a
3a68
3a66
3a64
3a62
3a60
3a5e
3a5c
3a5a
3a58
3a56
3a54
3a52
3a50
3a4e
3a4c
3a4a
3a48
3a46
3a44
3a42
3a40
3a3e
3a3c
3a3a
3a38
3a36
3a34
3a32
3a30
3a2e
3a2c
3a2a
3a28
3a26
3a24
3a22
3a20
3a1e
3a1c
3a1a
3a19
3a17
3a15
3a13
3a11
3a0f
3a0d
3a0b
3a09
3a07
3a05
3a03
3a01
39ff
39fd
39fb
39fa
39f8
39f6
39f4
39f2
39f0
39ee
39ec
39ea
39e8
39e6
39e5
39e3
39e1
39df
39dd
39db
39d9
39d7
39d5
39d3
39d2
39d0
39ce
39cc
39ca
39c8
39c6
39c4
39c2
39c1
39bf
39bd
39bb
39b9
39b7
39b5
39b4
39b2
39b0
39ae
39ac
39aa
39a8
39a6
39a5
39a3
39a1
399f
399d
399b
399a
3998
3996
3994
3992
3990
398f
398d
398b
3989
3987
3985
3984
3982
3980
397e
397c
397b
3979
3977
3975
3973
3971
3970
396e
396c
396a
3968
3967
3965
3963
3961
3960
395e
395c
395a
3958
3957
3955
3953
3951
394f
394e
394c
394a
3948
3947
3945
3943
3941
3940
393e
393c
393a
3939
3937
3935
3933
3932
3930
392e
392c
392b
3929
3927
3925
3924
3922
3920
391f
391d
391b
3919
3918
3916
3914
3913
3911
390f
390d
390c
390a
3908
3907
3905
3903
3902
3900
38fe
38fc
38fb
38f9
38f7
38f6
38f4
38f2
38f1
38ef
38ed
38ec
38ea
38e8
38e7
38e5
38e3
38e2
38e0
38de
38dd
38db
38d9
38d8
38d6
38d5
38d3
38d1
38d0
38ce
38cc
38cb
38c9
38c7
38c6
38c4
38c3
38c1
38bf
38be
38bc
38ba
38b9
38b7
38b6
38b4
38b2
38b1
38af
38ae
38ac
38aa
38a9
38a7
38a6
38a4
38a3
38a1
389f
389e
389c
389b
3899
3897
3896
3894
3893
3891
3890
388e
388d
388b
3889
3888
3886
3885
3883
3882
3880
387f
387d
387c
387a
3878
3877
3875
3874
3872
3871
386f
386e
386c
386b
3869
3868
3866
3865
3863
3862
3860
385f
385d
385c
385a
3859
3857
3856
3854
3853
3851
3850
384e
384d
384b
384a
3848
3847
3845
3844
3843
3841
3840
383e
383d
383b
383a
3838
3837
3835
3834
3833
3831
3830
382e
382d
382b
382a
3829
3827
3826
3824
3823
3821
3820
381f
381d
381c
381a
3819
3818
3816
3815
3813
3812
3811
380f
380e
380c
380b
380a
3808
3807
3806
3804
3803
3801
3800
37ff
37fd
37fc
37fb
37f9
37f8
37f7
37f5
37f4
37f3
37f1
37f0
37ef
37ed
37ec
37eb
37e9
37e8
37e7
37e5
37e4
37e3
37e1
37e0
37df
37dd
37dc
37db
37d9
37d8
37d7
37d6
37d4
37d3
37d2
37d0
37cf
37ce
37cc
37cb
37ca
37c9
37c7
37c6
37c5
37c4
37c2
37c1
37c0
37be
37bd
37bc
37bb
37b9
37b8
37b7
37b6
37b4
37b3
37b2
37b1
37b0
37ae
37ad
37ac
37ab
37a9
37a8
37a7
37a6
37a4
37a3
37a2
37a1
37a0
379e
379d
379c
379b
379a
3798
3797
3796
3795
3794
3792
3791
3790
378f
378e
378d
378b
378a
3789
3788
3787
3786
3784
3783
3782
3781
3780
377f
377e
377c
377b
377a
3779
3778
3777
3776
3774
3773
3772
3771
3770
376f
376e
376d
376c
376a
3769
3768
3767
3766
3765
3764
3763
3762
3761
3760
375e
375d
375c
375b
375a
3759
3758
3757
3756
3755
3754
3753
3752
3751
3750
374e
374d
374c
374b
374a
3749
3748
3747
3746
3745
3744
3743
3742
3741
3740
373f
373e
373d
373c
373b
373a
3739
3738
3737
3736
3735
3734
3733
3732
3731
3730
372f
372e
372d
372c
372b
372a
3729
3728
3727
3726
3725
3724
3724
3723
3722
3721
3720
371f
371e
371d
371c
371b
371a
3719
3718
3717
3716
3716
3715
3714
3713
3712
3711
3710
370f
370e
370d
370d
370c
370b
370a
3709
3708
3707
3706
3705
3705
3704
3703
3702
3701
3700
36ff
36ff
36fe
36fd
36fc
36fb
36fa
36f9
36f9
36f8
36f7
36f6
36f5
36f4
36f4
36f3
36f2
36f1
36f0
36f0
36ef
36ee
36ed
36ec
36eb
36eb
36ea
36e9
36e8
36e8
36e7
36e6
36e5
36e4
36e4
36e3
36e2
36e1
36e1
36e0
36df
36de
36dd
36dd
36dc
36db
36da
36da
36d9
36d8
36d7
36d7
36d6
36d5
36d5
36d4
36d3
36d2
36d2
36d1
36d0
36cf
36cf
36ce
36cd
36cd
36cc
36cb
36cb
36ca
36c9
36c8
36c8
36c7
36c6
36c6
36c5
36c4
36c4
36c3
36c2
36c2
36c1
36c0
36c0
36bf
36be
36be
36bd
36bc
36bc
36bb
36ba
36ba
36b9
36b9
36b8
36b7
36b7
36b6
36b5
36b5
36b4
36b4
36b3
36b2
36b2
36b1
36b1
36b0
36af
36af
36ae
36ae
36ad
36ac
36ac
36ab
36ab
36aa
36aa
36a9
36a8
36a8
36a7
36a7
36a6
36a6
36a5
36a4
36a4
36a3
36a3
36a2
36a2
36a1
36a1
36a0
36a0
369f
369f
369e
369e
369d
369c
369c
369b
369b
369a
369a
3699
3699
3698
3698
3697
3697
3696
3696
3696
3695
3695
3694
3694
3693
3693
3692
3692
3691
3691
3690
3690
368f
368f
368f
368e
368e
368d
368d
368c
368c
368c
368b
368b
368a
368a
3689
3689
3689
3688
3688
3687
3687
3687
3686
3686
3685
3685
3685
3684
3684
3684
3683
3683
3682
3682
3682
3681
3681
3681
3680
3680
3680
367f
367f
367e
367e
367e
367d
367d
367d
367c
367c
367c
367b
367b
367b
367b
367a
367a
367a
3679
3679
3679
3678
3678
3678
3678
3677
3677
3677
3676
3676
3676
3676
3675
3675
3675
3675
3674
3674
3674
3673
3673
3673
3673
3672
3672
3672
3672
3672
3671
3671
3671
3671
3670
3670
3670
3670
3670
366f
366f
366f
366f
366f
366e
366e
366e
366e
366e
366d
366d
366d
366d
366d
366d
366c
366c
366c
366c
366c
366c
366b
366b
366b
366b
366b
366b
366b
366a
366a
366a
366a
366a
366a
366a
366a
3669
3669
3669
3669
3669
3669
3669
3669
3669
3668
3668
3668
3668
3668
3668
3668
3668
3668
3668
3668
3668
3668
3667
3667
3667
3667
3667
3667
3667
3667
3667
3667
3667
3667
3667
3667
3667
3667
3667
3667
3667
3667
3667
3667
3667
3667
3667
3667
3667
3667
3667
3667
3667
3667
3667
3667
3667
3667
3667
3667
3667
3667
3667
3667
3667
3667
3667
3667
3667
3667
3667
3667
3668
3668
3668
3668
3668
3668
3668
3668
3668
3668
3668
3668
3668
3669
3669
3669
3669
3669
3669
3669
3669
3669
366a
366a
366a
366a
366a
366a
366a
366a
366b
366b
366b
366b
366b
366b
366b
366c
366c
366c
366c
366c
366c
366d
366d
366d
366d
366d
366d
366e
366e
366e
366e
366e
366f
366f
366f
366f
366f
3670
3670
3670
3670
3670
3671
3671
3671
3671
3672
3672
3672
3672
3672
3673
3673
3673
3673
3674
3674
3674
3675
3675
3675
3675
3676
3676
3676
3676
3677
3677
3677
3678
3678
3678
3678
3679
3679
3679
367a
367a
367a
367b
367b
367b
367b
367c
367c
367c
367d
367d
367d
367e
367e
367e
367f
367f
3680
3680
3680
3681
3681
3681
3682
3682
3682
3683
3683
3684
3684
3684
3685
3685
3685
3686
3686
3687
3687
3687
3688
3688
3689
3689
3689
368a
368a
368b
368b
368c
368c
368c
368d
368d
368e
368e
368f
368f
368f
3690
3690
3691
3691
3692
3692
3693
3693
3694
3694
3695
3695
3696
3696
3696
3697
3697
3698
3698
3699
3699
369a
369a
369b
369b
369c
369c
369d
369e
369e
369f
369f
36a0
36a0
36a1
36a1
36a2
36a2
36a3
36a3
36a4
36a4
36a5
36a6
36a6
36a7
36a7
36a8
36a8
36a9
36aa
36aa
36ab
36ab
36ac
36ac
36ad
36ae
36ae
36af
36af
36b0
36b1
36b1
36b2
36b2
36b3
36b4
36b4
36b5
36b5
36b6
36b7
36b7
36b8
36b9
36b9
36ba
36ba
36bb
36bc
36bc
36bd
36be
36be
36bf
36c0
36c0
36c1
36c2
36c2
36c3
36c4
36c4
36c5
36c6
36c6
36c7
36c8
36c8
36c9
36ca
36cb
36cb
36cc
36cd
36cd
36ce
36cf
36cf
36d0
36d1
36d2
36d2
36d3
36d4
36d5
36d5
36d6
36d7
36d7
36d8
36d9
36da
36da
36db
36dc
36dd
36dd
36de
36df
36e0
36e1
36e1
36e2
36e3
36e4
36e4
36e5
36e6
36e7
36e8
36e8
36e9
36ea
36eb
36eb
36ec
36ed
36ee
36ef
36f0
36f0
36f1
36f2
36f3
36f4
36f4
36f5
36f6
36f7
36f8
36f9
36f9
36fa
36fb
36fc
36fd
36fe
36ff
36ff
3700
3701
3702
3703
3704
3705
3705
3706
3707
3708
3709
370a
370b
370c
370d
370d
370e
370f
3710
3711
3712
3713
3714
3715
3716
3716
3717
3718
3719
371a
371b
371c
371d
371e
371f
3720
3721
3722
3723
3724
3724
3725
3726
3727
3728
3729
372a
372b
372c
372d
372e
372f
3730
3731
3732
3733
3734
3735
3736
3737
3738
3739
373a
373b
373c
373d
373e
373f
3740
3741
3742
3743
3744
3745
3746
3747
3748
3749
374a
374b
374c
374d
374e
3750
3751
3752
3753
3754
3755
3756
3757
3758
3759
375a
375b
375c
375d
375e
3760
3761
3762
3763
3764
3765
3766
3767
3768
3769
376a
376c
376d
376e
376f
3770
3771
3772
3773
3774
3776
3777
3778
3779
377a
377b
377c
377e
377f
3780
3781
3782
3783
3784
3786
3787
3788
3789
378a
378b
378d
378e
378f
3790
3791
3792
3794
3795
3796
3797
3798
379a
379b
379c
379d
379e
37a0
37a1
37a2
37a3
37a4
37a6
37a7
37a8
37a9
37ab
37ac
37ad
37ae
37b0
37b1
37b2
37b3
37b4
37b6
37b7
37b8
37b9
37bb
37bc
37bd
37be
37c0
37c1
37c2
37c4
37c5
37c6
37c7
37c9
37ca
37cb
37cc
37ce
37cf
37d0
37d2
37d3
37d4
37d6
37d7
37d8
37d9
37db
37dc
37dd
37df
37e0
37e1
37e3
37e4
37e5
37e7
37e8
37e9
37eb
37ec
37ed
37ef
37f0
37f1
37f3
37f4
37f5
37f7
37f8
37f9
37fb
37fc
37fd
37ff
3800
3801
3803
3804
3806
3807
3808
380a
380b
380c
380e
380f
3811
3812
3813
3815
3816
3818
3819
381a
381c
381d
381f
3820
3821
3823
3824
3826
3827
3829
382a
382b
382d
382e
3830
3831
3833
3834
3835
3837
3838
383a
383b
383d
383e
3840
3841
3843
3844
3845
3847
3848
384a
384b
384d
384e
3850
3851
3853
3854
3856
3857
3859
385a
385c
385d
385f
3860
3862
3863
3865
3866
3868
3869
386b
386c
386e
386f
3871
3872
3874
3875
3877
3878
387a
387c
387d
387f
3880
3882
3883
3885
3886
3888
3889
388b
388d
388e
3890
3891
3893
3894
3896
3897
3899
389b
389c
389e
389f
38a1
38a3
38a4
38a6
38a7
38a9
38aa
38ac
38ae
38af
38b1
38b2
38b4
38b6
38b7
38b9
38ba
38bc
38be
38bf
38c1
38c3
38c4
38c6
38c7
38c9
38cb
38cc
38ce
38d0
38d1
38d3
38d5
38d6
38d8
38d9
38db
38dd
38de
38e0
38e2
38e3
38e5
38e7
38e8
38ea
38ec
38ed
38ef
38f1
38f2
38f4
38f6
38f7
38f9
38fb
38fc
38fe
3900
3902
3903
3905
3907
3908
390a
390c
390d
390f
3911
3913
3914
3916
3918
3919
391b
391d
391f
3920
3922
3924
3925
3927
3929
392b
392c
392e
3930
3932
3933
3935
3937
3939
393a
393c
393e
3940
3941
3943
3945
3947
3948
394a
394c
394e
394f
3951
3953
3955
3957
3958
395a
395c
395e
3960
3961
3963
3965
3967
3968
396a
396c
396e
3970
3971
3973
3975
3977
3979
397b
397c
397e
3980
3982
3984
3985
3987
3989
398b
398d
398f
3990
3992
3994
3996
3998
399a
399b
399d
399f
39a1
39a3
39a5
39a6
39a8
39aa
39ac
39ae
39b0
39b2
39b4
39b5
39b7
39b9
39bb
39bd
39bf
39c1
39c2
39c4
39c6
39c8
39ca
39cc
39ce
39d0
39d2
39d3
39d5
39d7
39d9
39db
39dd
39df
39e1
39e3
39e5
39e6
39e8
39ea
39ec
39ee
39f0
39f2
39f4
39f6
39f8
39fa
39fb
39fd
39ff
3a01
3a03
3a05
3a07
3a09
3a0b
3a0d
3a0f
3a11
3a13
3a15
3a17
3a19
3a1a
3a1c
3a1e
3a20
3a22
3a24
3a26
3a28
3a2a
3a2c
3a2e
3a30
3a32
3a34
3a36
3a38
3a3a
3a3c
3a3e
3a40
3a42
3a44
3a46
3a48
3a4a
3a4c
3a4e
3a50
3a52
3a54
3a56
3a58
3a5a
3a5c
3a5e
3a60
3a62
3a64
3a66
3a68
3a6a
3a6c
3a6e
3a70
3a72
3a74
3a76
3a78
3a7a
3a7c
3a7e
3a80
3a82
3a84
3a86
3a88
3a8a
3a8c
3a8e
3a90
3a92
3a94
3a96
3a98
3a9a
3a9c
3a9e
3aa0
3aa2
3aa5
3aa7
3aa9
3aab
3aad
3aaf
3ab1
3ab3
3ab5
3ab7
3ab9
3abb
3abd
3abf
3ac1
3ac3
3ac5
3ac8
3aca
3acc
3ace
3ad0
3ad2
3ad4
3ad6
3ad8
3ada
3adc
3ade
3ae1
3ae3
3ae5
3ae7
3ae9
3aeb
3aed
3aef
3af1
3af3
3af5
3af8
3afa
3afc
3afe
3b00
3b02
3b04
3b06
3b08
3b0b
3b0d
3b0f
3b11
3b13
3b15
3b17
3b19
3b1c
3b1e
3b20
3b22
3b24
3b26
3b28
3b2a
3b2d
3b2f
3b31
3b33
3b35
3b37
3b39
3b3c
3b3e
3b40
3b42
3b44
3b46
3b48
3b4b
3b4d
3b4f
3b51
3b53
3b55
3b58
3b5a
3b5c
3b5e
3b60
3b62
3b65
3b67
3b69
3b6b
3b6d
3b6f
3b72
3b74
3b76
3b78
3b7a
3b7c
3b7f
3b81
3b83
3b85
3b87
3b8a
3b8c
3b8e
3b90
3b92
3b94
3b97
3b99
3b9b
3b9d
3b9f
3ba2
3ba4
3ba6
3ba8
3baa
3bad
3baf
3bb1
3bb3
3bb6
3bb8
3bba
3bbc
3bbe
3bc1
3bc3
3bc5
3bc7
3bc9
3bcc
3bce
3bd0
3bd2
3bd5
3bd7
3bd9
3bdb
3bdd
3be0
3be2
3be4
3be6
3be9
3beb
3bed
3bef
3bf2
3bf4
3bf6
3bf8
3bfb
3bfd
3bff
3c01
3c04
3c06
3c08
3c0a
3c0d
3c0f
3c11
3c13
3c16
3c18
3c1a
3c1c
3c1f
3c21
3c23
3c25
3c28
3c2a
3c2c
3c2e
3c31
3c33
3c35
3c37
3c3a
3c3c
3c3e
3c41
3c43
3c45
3c47
3c4a
3c4c
3c4e
3c50
3c53
3c55
3c57
3c5a
3c5c
3c5e
3c60
3c63
3c65
3c67
3c6a
3c6c
3c6e
3c71
3c73
3c75
3c77
3c7a
3c7c
3c7e
3c81
3c83
3c85
3c88
3c8a
3c8c
3c8e
3c91
3c93
3c95
3c98
3c9a
3c9c
3c9f
3ca1
3ca3
3ca6
3ca8
3caa
3cac
3caf
3cb1
3cb3
3cb6
3cb8
3cba
3cbd
3cbf
3cc1
3cc4
3cc6
3cc8
3ccb
3ccd
3ccf
3cd2
3cd4
3cd6
3cd9
3cdb
3cdd
3ce0
3ce2
3ce4
3ce7
3ce9
3ceb
3cee
3cf0
3cf2
3cf5
3cf7
3cf9
3cfc
3cfe
3d00
3d03
3d05
3d07
3d0a
3d0c
3d0f
3d11
3d13
3d16
3d18
3d1a
3d1d
3d1f
3d21
3d24
3d26
3d28
3d2b
3d2d
3d30
3d32
3d34
3d37
3d39
3d3b
3d3e
3d40
3d42
3d45
3d47
3d4a
3d4c
3d4e
3d51
3d53
3d55
3d58
3d5a
3d5d
3d5f
3d61
3d64
3d66
3d68
3d6b
3d6d
3d70
3d72
3d74
3d77
3d79
3d7b
3d7e
3d80
3d83
3d85
3d87
3d8a
3d8c
3d8f
3d91
3d93
3d96
3d98
3d9b
3d9d
3d9f
3da2
3da4
3da6
3da9
3dab
3dae
3db0
3db2
3db5
3db7
3dba
3dbc
3dbe
3dc1
3dc3
3dc6
3dc8
3dca
3dcd
3dcf
3dd2
3dd4
3dd6
3dd9
3ddb
3dde
3de0
3de3
3de5
3de7
3dea
3dec
3def
3df1
3df3
3df6
3df8
3dfb
3dfd
3dff
3e02
3e04
3e07
3e09
3e0c
3e0e
3e10
3e13
3e15
3e18
3e1a
3e1d
3e1f
3e21
3e24
3e26
3e29
3e2b
3e2d
3e30
3e32
3e35
3e37
3e3a
3e3c
3e3e
3e41
3e43
3e46
3e48
3e4b
3e4d
3e4f
3e52
3e54
3e57
3e59
3e5c
3e5e
3e61
3e63
3e65
3e68
3e6a
3e6d
3e6f
3e72
3e74
3e76
3e79
3e7b
3e7e
3e80
3e83
3e85
3e88
3e8a
3e8c
3e8f
3e91
3e94
3e96
3e99
3e9b
3e9e
3ea0
3ea2
3ea5
3ea7
3eaa
3eac
3eaf
3eb1
3eb4
3eb6
3eb8
3ebb
3ebd
3ec0
3ec2
3ec5
3ec7
3eca
3ecc
3ece
3ed1
3ed3
3ed6
3ed8
3edb
3edd
3ee0
3ee2
3ee5
3ee7
3ee9
3eec
3eee
3ef1
3ef3
3ef6
3ef8
3efb
3efd
3f00
3f02
3f04
3f07
3f09
3f0c
3f0e
3f11
3f13
3f16
3f18
3f1b
3f1d
3f20
3f22
3f24
3f27
3f29
3f2c
3f2e
3f31
3f33
3f36
3f38
3f3b
3f3d
3f40
3f42
3f44
3f47
3f49
3f4c
3f4e
3f51
3f53
3f56
3f58
3f5b
3f5d
3f60
3f62
3f64
3f67
3f69
3f6c
3f6e
3f71
3f73
3f76
3f78
3f7b
3f7d
3f80
3f82
3f85
3f87
3f89
3f8c
3f8e
3f91
3f93
3f96
3f98
3f9b
3f9d
3fa0
3fa2
3fa5
3fa7
3faa
3fac
3fae
3fb1
3fb3
3fb6
3fb8
3fbb
3fbd
3fc0
3fc2
3fc5
3fc7
3fca
3fcc
3fcf
3fd1
3fd4
3fd6
3fd8
3fdb
3fdd
3fe0
3fe2
3fe5
3fe7
3fea
3fec
3fef
3ff1
3ff4
3ff6
3ff9
3ffb
3ffe
0000
0002
0005
0007
000a
000c
000f
0011
0014
0016
0019
001b
001e
0020
0023
0025
0028
002a
002c
002f
0031
0034
0036
0039
003b
003e
0040
0043
0045
0048
004a
004d
004f
0052
0054
0056
0059
005b
005e
0060
0063
0065
0068
006a
006d
006f
0072
0074
0077
0079
007b
007e
0080
0083
0085
0088
008a
008d
008f
0092
0094
0097
0099
009c
009e
00a0
00a3
00a5
00a8
00aa
00ad
00af
00b2
00b4
00b7
00b9
00bc
00be
00c0
00c3
00c5
00c8
00ca
00cd
00cf
00d2
00d4
00d7
00d9
00dc
00de
00e0
00e3
00e5
00e8
00ea
00ed
00ef
00f2
00f4
00f7
00f9
00fc
00fe
0100
0103
0105
0108
010a
010d
010f
0112
0114
0117
0119
011b
011e
0120
0123
0125
0128
012a
012d
012f
0132
0134
0136
0139
013b
013e
0140
0143
0145
0148
014a
014c
014f
0151
0154
0156
0159
015b
015e
0160
0162
0165
0167
016a
016c
016f
0171
0174
0176
0178
017b
017d
0180
0182
0185
0187
018a
018c
018e
0191
0193
0196
0198
019b
019d
019f
01a2
01a4
01a7
01a9
01ac
01ae
01b1
01b3
01b5
01b8
01ba
01bd
01bf
01c2
01c4
01c6
01c9
01cb
01ce
01d0
01d3
01d5
01d7
01da
01dc
01df
01e1
01e3
01e6
01e8
01eb
01ed
01f0
01f2
01f4
01f7
01f9
01fc
01fe
0201
0203
0205
0208
020a
020d
020f
0211
0214
0216
0219
021b
021d
0220
0222
0225
0227
022a
022c
022e
0231
0233
0236
0238
023a
023d
023f
0242
0244
0246
0249
024b
024e
0250
0252
0255
0257
025a
025c
025e
0261
0263
0265
0268
026a
026d
026f
0271
0274
0276
0279
027b
027d
0280
0282
0285
0287
0289
028c
028e
0290
0293
0295
0298
029a
029c
029f
02a1
02a3
02a6
02a8
02ab
02ad
02af
02b2
02b4
02b6
02b9
02bb
02be
02c0
02c2
02c5
02c7
02c9
02cc
02ce
02d0
02d3
02d5
02d8
02da
02dc
02df
02e1
02e3
02e6
02e8
02ea
02ed
02ef
02f1
02f4
02f6
02f9
02fb
02fd
0300
0302
0304
0307
0309
030b
030e
0310
0312
0315
0317
0319
031c
031e
0320
0323
0325
0327
032a
032c
032e
0331
0333
0335
0338
033a
033c
033f
0341
0343
0346
0348
034a
034d
034f
0351
0354
0356
0358
035a
035d
035f
0361
0364
0366
0368
036b
036d
036f
0372
0374
0376
0378
037b
037d
037f
0382
0384
0386
0389
038b
038d
038f
0392
0394
0396
0399
039b
039d
03a0
03a2
03a4
03a6
03a9
03ab
03ad
03b0
03b2
03b4
03b6
03b9
03bb
03bd
03bf
03c2
03c4
03c6
03c9
03cb
03cd
03cf
03d2
03d4
03d6
03d8
03db
03dd
03df
03e1
03e4
03e6
03e8
03ea
03ed
03ef
03f1
03f3
03f6
03f8
03fa
03fc
03ff
0401
0403
0405
0408
040a
040c
040e
0411
0413
0415
0417
041a
041c
041e
0420
0423
0425
0427
0429
042b
042e
0430
0432
0434
0437
0439
043b
043d
043f
0442
0444
0446
0448
044a
044d
044f
0451
0453
0456
0458
045a
045c
045e
0461
0463
0465
0467
0469
046c
046e
0470
0472
0474
0476
0479
047b
047d
047f
0481
0484
0486
0488
048a
048c
048e
0491
0493
0495
0497
0499
049b
049e
04a0
04a2
04a4
04a6
04a8
04ab
04ad
04af
04b1
04b3
04b5
04b8
04ba
04bc
04be
04c0
04c2
04c4
04c7
04c9
04cb
04cd
04cf
04d1
04d3
04d6
04d8
04da
04dc
04de
04e0
04e2
04e4
04e7
04e9
04eb
04ed
04ef
04f1
04f3
04f5
04f8
04fa
04fc
04fe
0500
0502
0504
0506
0508
050b
050d
050f
0511
0513
0515
0517
0519
051b
051d
051f
0522
0524
0526
0528
052a
052c
052e
0530
0532
0534
0536
0538
053b
053d
053f
0541
0543
0545
0547
0549
054b
054d
054f
0551
0553
0555
0557
0559
055b
055e
0560
0562
0564
0566
0568
056a
056c
056e
0570
0572
0574
0576
0578
057a
057c
057e
0580
0582
0584
0586
0588
058a
058c
058e
0590
0592
0594
0596
0598
059a
059c
059e
05a0
05a2
05a4
05a6
05a8
05aa
05ac
05ae
05b0
05b2
05b4
05b6
05b8
05ba
05bc
05be
05c0
05c2
05c4
05c6
05c8
05ca
05cc
05ce
05d0
05d2
05d4
05d6
05d8
05da
05dc
05de
05e0
05e2
05e4
05e6
05e7
05e9
05eb
05ed
05ef
05f1
05f3
05f5
05f7
05f9
05fb
05fd
05ff
0601
0603
0605
0606
0608
060a
060c
060e
0610
0612
0614
0616
0618
061a
061b
061d
061f
0621
0623
0625
0627
0629
062b
062d
062e
0630
0632
0634
0636
0638
063a
063c
063e
063f
0641
0643
0645
0647
0649
064b
064c
064e
0650
0652
0654
0656
0658
065a
065b
065d
065f
0661
0663
0665
0666
0668
066a
066c
066e
0670
0671
0673
0675
0677
0679
067b
067c
067e
0680
0682
0684
0685
0687
0689
068b
068d
068f
0690
0692
0694
0696
0698
0699
069b
069d
069f
06a0
06a2
06a4
06a6
06a8
06a9
06ab
06ad
06af
06b1
06b2
06b4
06b6
06b8
06b9
06bb
06bd
06bf
06c0
06c2
06c4
06c6
06c7
06c9
06cb
06cd
06ce
06d0
06d2
06d4
06d5
06d7
06d9
06db
06dc
06de
06e0
06e1
06e3
06e5
06e7
06e8
06ea
06ec
06ed
06ef
06f1
06f3
06f4
06f6
06f8
06f9
06fb
06fd
06fe
0700
0702
0704
0705
0707
0709
070a
070c
070e
070f
0711
0713
0714
0716
0718
0719
071b
071d
071e
0720
0722
0723
0725
0727
0728
072a
072b
072d
072f
0730
0732
0734
0735
0737
0739
073a
073c
073d
073f
0741
0742
0744
0746
0747
0749
074a
074c
074e
074f
0751
0752
0754
0756
0757
0759
075a
075c
075d
075f
0761
0762
0764
0765
0767
0769
076a
076c
076d
076f
0770
0772
0773
0775
0777
0778
077a
077b
077d
077e
0780
0781
0783
0784
0786
0788
0789
078b
078c
078e
078f
0791
0792
0794
0795
0797
0798
079a
079b
079d
079e
07a0
07a1
07a3
07a4
07a6
07a7
07a9
07aa
07ac
07ad
07af
07b0
07b2
07b3
07b5
07b6
07b8
07b9
07bb
07bc
07bd
07bf
07c0
07c2
07c3
07c5
07c6
07c8
07c9
07cb
07cc
07cd
07cf
07d0
07d2
07d3
07d5
07d6
07d7
07d9
07da
07dc
07dd
07df
07e0
07e1
07e3
07e4
07e6
07e7
07e8
07ea
07eb
07ed
07ee
07ef
07f1
07f2
07f4
07f5
07f6
07f8
07f9
07fa
07fc
07fd
07ff
0800
0801
0803
0804
0805
0807
0808
0809
080b
080c
080d
080f
0810
0811
0813
0814
0815
0817
0818
0819
081b
081c
081d
081f
0820
0821
0823
0824
0825
0827
0828
0829
082a
082c
082d
082e
0830
0831
0832
0834
0835
0836
0837
0839
083a
083b
083c
083e
083f
0840
0842
0843
0844
0845
0847
0848
0849
084a
084c
084d
084e
084f
0850
0852
0853
0854
0855
0857
0858
0859
085a
085c
085d
085e
085f
0860
0862
0863
0864
0865
0866
0868
0869
086a
086b
086c
086e
086f
0870
0871
0872
0873
0875
0876
0877
0878
0879
087a
087c
087d
087e
087f
0880
0881
0882
0884
0885
0886
0887
0888
0889
088a
088c
088d
088e
088f
0890
0891
0892
0893
0894
0896
0897
0898
0899
089a
089b
089c
089d
089e
089f
08a0
08a2
08a3
08a4
08a5
08a6
08a7
08a8
08a9
08aa
08ab
08ac
08ad
08ae
08af
08b0
08b2
08b3
08b4
08b5
08b6
08b7
08b8
08b9
08ba
08bb
08bc
08bd
08be
08bf
08c0
08c1
08c2
08c3
08c4
08c5
08c6
08c7
08c8
08c9
08ca
08cb
08cc
08cd
08ce
08cf
08d0
08d1
08d2
08d3
08d4
08d5
08d6
08d7
08d8
08d9
08da
08db
08dc
08dc
08dd
08de
08df
08e0
08e1
08e2
08e3
08e4
08e5
08e6
08e7
08e8
08e9
08ea
08ea
08eb
08ec
08ed
08ee
08ef
08f0
08f1
08f2
08f3
08f3
08f4
08f5
08f6
08f7
08f8
08f9
08fa
08fb
08fb
08fc
08fd
08fe
08ff
0900
0901
0901
0902
0903
0904
0905
0906
0907
0907
0908
0909
090a
090b
090c
090c
090d
090e
090f
0910
0910
0911
0912
0913
0914
0915
0915
0916
0917
0918
0918
0919
091a
091b
091c
091c
091d
091e
091f
091f
0920
0921
0922
0923
0923
0924
0925
0926
0926
0927
0928
0929
0929
092a
092b
092b
092c
092d
092e
092e
092f
0930
0931
0931
0932
0933
0933
0934
0935
0935
0936
0937
0938
0938
0939
093a
093a
093b
093c
093c
093d
093e
093e
093f
0940
0940
0941
0942
0942
0943
0944
0944
0945
0946
0946
0947
0947
0948
0949
0949
094a
094b
094b
094c
094c
094d
094e
094e
094f
094f
0950
0951
0951
0952
0952
0953
0954
0954
0955
0955
0956
0956
0957
0958
0958
0959
0959
095a
095a
095b
095c
095c
095d
095d
095e
095e
095f
095f
0960
0960
0961
0961
0962
0962
0963
0964
0964
0965
0965
0966
0966
0967
0967
0968
0968
0969
0969
096a
096a
096a
096b
096b
096c
096c
096d
096d
096e
096e
096f
096f
0970
0970
0971
0971
0971
0972
0972
0973
0973
0974
0974
0974
0975
0975
0976
0976
0977
0977
0977
0978
0978
0979
0979
0979
097a
097a
097b
097b
097b
097c
097c
097c
097d
097d
097e
097e
097e
097f
097f
097f
0980
0980
0980
0981
0981
0982
0982
0982
0983
0983
0983
0984
0984
0984
0985
0985
0985
0985
0986
0986
0986
0987
0987
0987
0988
0988
0988
0988
0989
0989
0989
098a
098a
098a
098a
098b
098b
098b
098b
098c
098c
098c
098d
098d
098d
098d
098e
098e
098e
098e
098e
098f
098f
098f
098f
0990
0990
0990
0990
0990
0991
0991
0991
0991
0991
0992
0992
0992
0992
0992
0993
0993
0993
0993
0993
0993
0994
0994
0994
0994
0994
0994
0995
0995
0995
0995
0995
0995
0995
0996
0996
0996
0996
0996
0996
0996
0996
0997
0997
0997
0997
0997
0997
0997
0997
0997
0998
0998
0998
0998
0998
0998
0998
0998
0998
0998
0998
0998
0998
0999
0999
0999
0999
0999
0999
0999
0999
0999
0999
0999
0999
0999
0999
0999
0999
0999
0999
0999
0999
0999
0999
0999
0999
0999
0999
0999
0999
0999
0999
0999
0999
0999
0999
0999
0999
0999
0999
0999
0999
0999
0999
0999
0999
0999
0999
0999
0999
0999
0999
0998
0998
0998
0998
0998
0998
0998
0998
0998
0998
0998
0998
0998
0997
0997
0997
0997
0997
0997
0997
0997
0997
0996
0996
0996
0996
0996
0996
0996
0996
0995
0995
0995
0995
0995
0995
0995
0994
0994
0994
0994
0994
0994
0993
0993
0993
0993
0993
0993
0992
0992
0992
0992
0992
0991
0991
0991
0991
0991
0990
0990
0990
0990
0990
098f
098f
098f
098f
098e
098e
098e
098e
098e
098d
098d
098d
098d
098c
098c
098c
098b
098b
098b
098b
098a
098a
098a
098a
0989
0989
0989
0988
0988
0988
0988
0987
0987
0987
0986
0986
0986
0985
0985
0985
0985
0984
0984
0984
0983
0983
0983
0982
0982
0982
0981
0981
0980
0980
0980
097f
097f
097f
097e
097e
097e
097d
097d
097c
097c
097c
097b
097b
097b
097a
097a
0979
0979
0979
0978
0978
0977
0977
0977
0976
0976
0975
0975
0974
0974
0974
0973
0973
0972
0972
0971
0971
0971
0970
0970
096f
096f
096e
096e
096d
096d
096c
096c
096b
096b
096a
096a
096a
0969
0969
0968
0968
0967
0967
0966
0966
0965
0965
0964
0964
0963
0962
0962
0961
0961
0960
0960
095f
095f
095e
095e
095d
095d
095c
095c
095b
095a
095a
0959
0959
0958
0958
0957
0956
0956
0955
0955
0954
0954
0953
0952
0952
0951
0951
0950
094f
094f
094e
094e
094d
094c
094c
094b
094b
094a
0949
0949
0948
0947
0947
0946
0946
0945
0944
0944
0943
0942
0942
0941
0940
0940
093f
093e
093e
093d
093c
093c
093b
093a
093a
0939
0938
0938
0937
0936
0935
0935
0934
0933
0933
0932
0931
0931
0930
092f
092e
092e
092d
092c
092b
092b
092a
0929
0929
0928
0927
0926
0926
0925
0924
0923
0923
0922
0921
0920
091f
091f
091e
091d
091c
091c
091b
091a
0919
0918
0918
0917
0916
0915
0915
0914
0913
0912
0911
0910
0910
090f
090e
090d
090c
090c
090b
090a
0909
0908
0907
0907
0906
0905
0904
0903
0902
0901
0901
0900
08ff
08fe
08fd
08fc
08fb
08fb
08fa
08f9
08f8
08f7
08f6
08f5
08f4
08f3
08f3
08f2
08f1
08f0
08ef
08ee
08ed
08ec
08eb
08ea
08ea
08e9
08e8
08e7
08e6
08e5
08e4
08e3
08e2
08e1
08e0
08df
08de
08dd
08dc
08dc
08db
08da
08d9
08d8
08d7
08d6
08d5
08d4
08d3
08d2
08d1
08d0
08cf
08ce
08cd
08cc
08cb
08ca
08c9
08c8
08c7
08c6
08c5
08c4
08c3
08c2
08c1
08c0
08bf
08be
08bd
08bc
08bb
08ba
08b9
08b8
08b7
08b6
08b5
08b4
08b3
08b2
08b0
08af
08ae
08ad
08ac
08ab
08aa
08a9
08a8
08a7
08a6
08a5
08a4
08a3
08a2
08a0
089f
089e
089d
089c
089b
089a
0899
0898
0897
0896
0894
0893
0892
0891
0890
088f
088e
088d
088c
088a
0889
0888
0887
0886
0885
0884
0882
0881
0880
087f
087e
087d
087c
087a
0879
0878
0877
0876
0875
0873
0872
0871
0870
086f
086e
086c
086b
086a
0869
0868
0866
0865
0864
0863
0862
0860
085f
085e
085d
085c
085a
0859
0858
0857
0855
0854
0853
0852
0850
084f
084e
084d
084c
084a
0849
0848
0847
0845
0844
0843
0842
0840
083f
083e
083c
083b
083a
0839
0837
0836
0835
0834
0832
0831
0830
082e
082d
082c
082a
0829
0828
0827
0825
0824
0823
0821
0820
081f
081d
081c
081b
0819
0818
0817
0815
0814
0813
0811
0810
080f
080d
080c
080b
0809
0808
0807
0805
0804
0803
0801
0800
07ff
07fd
07fc
07fa
07f9
07f8
07f6
07f5
07f4
07f2
07f1
07ef
07ee
07ed
07eb
07ea
07e8
07e7
07e6
07e4
07e3
07e1
07e0
07df
07dd
07dc
07da
07d9
07d7
07d6
07d5
07d3
07d2
07d0
07cf
07cd
07cc
07cb
07c9
07c8
07c6
07c5
07c3
07c2
07c0
07bf
07bd
07bc
07bb
07b9
07b8
07b6
07b5
07b3
07b2
07b0
07af
07ad
07ac
07aa
07a9
07a7
07a6
07a4
07a3
07a1
07a0
079e
079d
079b
079a
0798
0797
0795
0794
0792
0791
078f
078e
078c
078b
0789
0788
0786
0784
0783
0781
0780
077e
077d
077b
077a
0778
0777
0775
0773
0772
0770
076f
076d
076c
076a
0769
0767
0765
0764
0762
0761
075f
075d
075c
075a
0759
0757
0756
0754
0752
0751
074f
074e
074c
074a
0749
0747
0746
0744
0742
0741
073f
073d
073c
073a
0739
0737
0735
0734
0732
0730
072f
072d
072b
072a
0728
0727
0725
0723
0722
0720
071e
071d
071b
0719
0718
0716
0714
0713
0711
070f
070e
070c
070a
0709
0707
0705
0704
0702
0700
06fe
06fd
06fb
06f9
06f8
06f6
06f4
06f3
06f1
06ef
06ed
06ec
06ea
06e8
06e7
06e5
06e3
06e1
06e0
06de
06dc
06db
06d9
06d7
06d5
06d4
06d2
06d0
06ce
06cd
06cb
06c9
06c7
06c6
06c4
06c2
06c0
06bf
06bd
06bb
06b9
06b8
06b6
06b4
06b2
06b1
06af
06ad
06ab
06a9
06a8
06a6
06a4
06a2
06a0
069f
069d
069b
0699
0698
0696
0694
0692
0690
068f
068d
068b
0689
0687
0685
0684
0682
0680
067e
067c
067b
0679
0677
0675
0673
0671
0670
066e
066c
066a
0668
0666
0665
0663
0661
065f
065d
065b
065a
0658
0656
0654
0652
0650
064e
064c
064b
0649
0647
0645
0643
0641
063f
063e
063c
063a
0638
0636
0634
0632
0630
062e
062d
062b
0629
0627
0625
0623
0621
061f
061d
061b
061a
0618
0616
0614
0612
0610
060e
060c
060a
0608
0606
0605
0603
0601
05ff
05fd
05fb
05f9
05f7
05f5
05f3
05f1
05ef
05ed
05eb
05e9
05e7
05e6
05e4
05e2
05e0
05de
05dc
05da
05d8
05d6
05d4
05d2
05d0
05ce
05cc
05ca
05c8
05c6
05c4
05c2
05c0
05be
05bc
05ba
05b8
05b6
05b4
05b2
05b0
05ae
05ac
05aa
05a8
05a6
05a4
05a2
05a0
059e
059c
059a
0598
0596
0594
0592
0590
058e
058c
058a
0588
0586
0584
0582
0580
057e
057c
057a
0578
0576
0574
0572
0570
056e
056c
056a
0568
0566
0564
0562
0560
055e
055b
0559
0557
0555
0553
0551
054f
054d
054b
0549
0547
0545
0543
0541
053f
053d
053b
0538
0536
0534
0532
0530
052e
052c
052a
0528
0526
0524
0522
051f
051d
051b
0519
0517
0515
0513
0511
050f
050d
050b
0508
0506
0504
0502
0500
04fe
04fc
04fa
04f8
04f5
04f3
04f1
04ef
04ed
04eb
04e9
04e7
04e4
04e2
04e0
04de
04dc
04da
04d8
04d6
04d3
04d1
04cf
04cd
04cb
04c9
04c7
04c4
04c2
04c0
04be
04bc
04ba
04b8
04b5
04b3
04b1
04af
04ad
04ab
04a8
04a6
04a4
04a2
04a0
049e
049b
0499
0497
0495
0493
0491
048e
048c
048a
0488
0486
0484
0481
047f
047d
047b
0479
0476
0474
0472
0470
046e
046c
0469
0467
0465
0463
0461
045e
045c
045a
0458
0456
0453
0451
044f
044d
044a
0448
0446
0444
0442
043f
043d
043b
0439
0437
0434
0432
0430
042e
042b
0429
0427
0425
0423
0420
041e
041c
041a
0417
0415
0413
0411
040e
040c
040a
0408
0405
0403
0401
03ff
03fc
03fa
03f8
03f6
03f3
03f1
03ef
03ed
03ea
03e8
03e6
03e4
03e1
03df
03dd
03db
03d8
03d6
03d4
03d2
03cf
03cd
03cb
03c9
03c6
03c4
03c2
03bf
03bd
03bb
03b9
03b6
03b4
03b2
03b0
03ad
03ab
03a9
03a6
03a4
03a2
03a0
039d
039b
0399
0396
0394
0392
038f
038d
038b
0389
0386
0384
0382
037f
037d
037b
0378
0376
0374
0372
036f
036d
036b
0368
0366
0364
0361
035f
035d
035a
0358
0356
0354
0351
034f
034d
034a
0348
0346
0343
0341
033f
033c
033a
0338
0335
0333
0331
032e
032c
032a
0327
0325
0323
0320
031e
031c
0319
0317
0315
0312
0310
030e
030b
0309
0307
0304
0302
0300
02fd
02fb
02f9
02f6
02f4
02f1
02ef
02ed
02ea
02e8
02e6
02e3
02e1
02df
02dc
02da
02d8
02d5
02d3
02d0
02ce
02cc
02c9
02c7
02c5
02c2
02c0
02be
02bb
02b9
02b6
02b4
02b2
02af
02ad
02ab
02a8
02a6
02a3
02a1
029f
029c
029a
0298
0295
0293
0290
028e
028c
0289
0287
0285
0282
0280
027d
027b
0279
0276
0274
0271
026f
026d
026a
0268
0265
0263
0261
025e
025c
025a
0257
0255
0252
0250
024e
024b
0249
0246
0244
0242
023f
023d
023a
0238
0236
0233
0231
022e
022c
022a
0227
0225
0222
0220
021d
021b
0219
0216
0214
0211
020f
020d
020a
0208
0205
0203
0201
01fe
01fc
01f9
01f7
01f4
01f2
01f0
01ed
01eb
01e8
01e6
01e3
01e1
01df
01dc
01da
01d7
01d5
01d3
01d0
01ce
01cb
01c9
01c6
01c4
01c2
01bf
01bd
01ba
01b8
01b5
01b3
01b1
01ae
01ac
01a9
01a7
01a4
01a2
019f
019d
019b
0198
0196
0193
0191
018e
018c
018a
0187
0185
0182
0180
017d
017b
0178
0176
0174
0171
016f
016c
016a
0167
0165
0162
0160
015e
015b
0159
0156
0154
0151
014f
014c
014a
0148
0145
0143
0140
013e
013b
0139
0136
0134
0132
012f
012d
012a
0128
0125
0123
0120
011e
011b
0119
0117
0114
0112
010f
010d
010a
0108
0105
0103
0100
00fe
00fc
00f9
00f7
00f4
00f2
00ef
00ed
00ea
00e8
00e5
00e3
00e0
00de
00dc
00d9
00d7
00d4
00d2
00cf
00cd
00ca
00c8
00c5
00c3
00c0
00be
00bc
00b9
00b7
00b4
00b2
00af
00ad
00aa
00a8
00a5
00a3
00a0
009e
009c
0099
0097
0094
0092
008f
008d
008a
0088
0085
0083
0080
007e
007b
0079
0077
0074
0072
006f
006d
006a
0068
0065
0063
0060
005e
005b
0059
0056
0054
0052
004f
004d
004a
0048
0045
0043
0040
003e
003b
0039
0036
0034
0031
002f
002c
002a
0028
0025
0023
0020
001e
001b
0019
0016
0014
0011
000f
000c
000a
0007
0005
0002
0000
3ffe
3ffb
3ff9
3ff6
3ff4
3ff1
3fef
3fec
3fea
3fe7
3fe5
3fe2
3fe0
3fdd
3fdb
3fd8
3fd6
3fd4
3fd1
3fcf
3fcc
3fca
3fc7
3fc5
3fc2
3fc0
3fbd
3fbb
3fb8
3fb6
3fb3
3fb1
3fae
3fac
3faa
3fa7
3fa5
3fa2
3fa0
3f9d
3f9b
3f98
3f96
3f93
3f91
3f8e
3f8c
3f89
3f87
3f85
3f82
3f80
3f7d
3f7b
3f78
3f76
3f73
3f71
3f6e
3f6c
3f69
3f67
3f64
3f62
3f60
3f5d
3f5b
3f58
3f56
3f53
3f51
3f4e
3f4c
3f49
3f47
3f44
3f42
3f40
3f3d
3f3b
3f38
3f36
3f33
3f31
3f2e
3f2c
3f29
3f27
3f24
3f22
3f20
3f1d
3f1b
3f18
3f16
3f13
3f11
3f0e
3f0c
3f09
3f07
3f04
3f02
3f00
3efd
3efb
3ef8
3ef6
3ef3
3ef1
3eee
3eec
3ee9
3ee7
3ee5
3ee2
3ee0
3edd
3edb
3ed8
3ed6
3ed3
3ed1
3ece
3ecc
3eca
3ec7
3ec5
3ec2
3ec0
3ebd
3ebb
3eb8
3eb6
3eb4
3eb1
3eaf
3eac
3eaa
3ea7
3ea5
3ea2
3ea0
3e9e
3e9b
3e99
3e96
3e94
3e91
3e8f
3e8c
3e8a
3e88
3e85
3e83
3e80
3e7e
3e7b
3e79
3e76
3e74
3e72
3e6f
3e6d
3e6a
3e68
3e65
3e63
3e61
3e5e
3e5c
3e59
3e57
3e54
3e52
3e4f
3e4d
3e4b
3e48
3e46
3e43
3e41
3e3e
3e3c
3e3a
3e37
3e35
3e32
3e30
3e2d
3e2b
3e29
3e26
3e24
3e21
3e1f
3e1d
3e1a
3e18
3e15
3e13
3e10
3e0e
3e0c
3e09
3e07
3e04
3e02
3dff
3dfd
3dfb
3df8
3df6
3df3
3df1
3def
3dec
3dea
3de7
3de5
3de3
3de0
3dde
3ddb
3dd9
3dd6
3dd4
3dd2
3dcf
3dcd
3dca
3dc8
3dc6
3dc3
3dc1
3dbe
3dbc
3dba
3db7
3db5
3db2
3db0
3dae
3dab
3da9
3da6
3da4
3da2
3d9f
3d9d
3d9b
3d98
3d96
3d93
3d91
3d8f
3d8c
3d8a
3d87
3d85
3d83
3d80
3d7e
3d7b
3d79
3d77
3d74
3d72
3d70
3d6d
3d6b
3d68
3d66
3d64
3d61
3d5f
3d5d
3d5a
3d58
3d55
3d53
3d51
3d4e
3d4c
3d4a
3d47
3d45
3d42
3d40
3d3e
3d3b
3d39
3d37
3d34
3d32
3d30
3d2d
3d2b
3d28
3d26
3d24
3d21
3d1f
3d1d
3d1a
3d18
3d16
3d13
3d11
3d0f
3d0c
3d0a
3d07
3d05
3d03
3d00
3cfe
3cfc
3cf9
3cf7
3cf5
3cf2
3cf0
3cee
3ceb
3ce9
3ce7
3ce4
3ce2
3ce0
3cdd
3cdb
3cd9
3cd6
3cd4
3cd2
3ccf
3ccd
3ccb
3cc8
3cc6
3cc4
3cc1
3cbf
3cbd
3cba
3cb8
3cb6
3cb3
3cb1
3caf
3cac
3caa
3ca8
3ca6
3ca3
3ca1
3c9f
3c9c
3c9a
3c98
3c95
3c93
3c91
3c8e
3c8c
3c8a
3c88
3c85
3c83
3c81
3c7e
3c7c
3c7a
3c77
3c75
3c73
3c71
3c6e
3c6c
3c6a
3c67
3c65
3c63
3c60
3c5e
3c5c
3c5a
3c57
3c55
3c53
3c50
3c4e
3c4c
3c4a
3c47
3c45
3c43
3c41
3c3e
3c3c
3c3a
3c37
3c35
3c33
3c31
3c2e
3c2c
3c2a
3c28
3c25
3c23
3c21
3c1f
3c1c
3c1a
3c18
3c16
3c13
3c11
3c0f
3c0d
3c0a
3c08
3c06
3c04
3c01
3bff
3bfd
3bfb
3bf8
3bf6
3bf4
3bf2
3bef
3bed
3beb
3be9
3be6
3be4
3be2
3be0
3bdd
3bdb
3bd9
3bd7
3bd5
3bd2
3bd0
3bce
3bcc
3bc9
3bc7
3bc5
3bc3
3bc1
3bbe
3bbc
3bba
3bb8
3bb6
3bb3
3bb1
3baf
3bad
3baa
3ba8
3ba6
3ba4
3ba2
3b9f
3b9d
3b9b
3b99
3b97
3b94
3b92
3b90
3b8e
3b8c
3b8a
3b87
3b85
3b83
3b81
3b7f
3b7c
3b7a
3b78
3b76
3b74
3b72
3b6f
3b6d
3b6b
3b69
3b67
3b65
3b62
3b60
3b5e
3b5c
3b5a
3b58
3b55
3b53
3b51
3b4f
3b4d
3b4b
3b48
3b46
3b44
3b42
3b40
3b3e
3b3c
3b39
3b37
3b35
3b33
3b31
3b2f
3b2d
3b2a
3b28
3b26
3b24
3b22
3b20
3b1e
3b1c
3b19
3b17
3b15
3b13
3b11
3b0f
3b0d
3b0b
3b08
3b06
3b04
3b02
3b00
3afe
3afc
3afa
3af8
3af5
3af3
3af1
3aef
3aed
3aeb
3ae9
3ae7
3ae5
3ae3
3ae1
3ade
3adc
3ada
3ad8
3ad6
3ad4
3ad2
3ad0
3ace
3acc
3aca
3ac8
3ac5
3ac3
3ac1
3abf
3abd
3abb
3ab9
3ab7
3ab5
3ab3
3ab1
3aaf
3aad
3aab
3aa9
3aa7
3aa5
3aa2
3aa0
3a9e
3a9c
3a9a
3a98
3a96
3a94
3a92
3a90
3a8e
3a8c
3a8a
3a88
3a86
3a84
3a82
3a80
3a7e
3a7c
3a7a
3a78
3a76
3a74
3a72
3a70
3a6e
3a6c
3a6a
3a68
3a66
3a64
3a62
3a60
3a5e
3a5c
3a5a
3a58
3a56
3a54
3a52
3a50
3a4e
3a4c
3a4a
3a48
3a46
3a44
3a42
3a40
3a3e
3a3c
3a3a
3a38
3a36
3a34
3a32
3a30
3a2e
3a2c
3a2a
3a28
3a26
3a24
3a22
3a20
3a1e
3a1c
3a1a
3a19
3a17
3a15
3a13
3a11
3a0f
3a0d
3a0b
3a09
3a07
3a05
3a03
3a01
39ff
39fd
39fb
39fa
39f8
39f6
39f4
39f2
39f0
39ee
39ec
39ea
39e8
39e6
39e5
39e3
39e1
39df
39dd
39db
39d9
39d7
39d5
39d3
39d2
39d0
39ce
39cc
39ca
39c8
39c6
39c4
39c2
39c1
39bf
39bd
39bb
39b9
39b7
39b5
39b4
39b2
39b0
39ae
39ac
39aa
39a8
39a6
39a5
39a3
39a1
399f
399d
399b
399a
3998
3996
3994
3992
3990
398f
398d
398b
3989
3987
3985
3984
3982
3980
397e
397c
397b
3979
3977
3975
3973
3971
3970
396e
396c
396a
3968
3967
3965
3963
3961
3960
395e
395c
395a
3958
3957
3955
3953
3951
394f
394e
394c
394a
3948
3947
3945
3943
3941
3940
393e
393c
393a
3939
3937
3935
3933
3932
3930
392e
392c
392b
3929
3927
3925
3924
3922
3920
391f
391d
391b
3919
3918
3916
3914
3913
3911
390f
390d
390c
390a
3908
3907
3905
3903
3902
3900
38fe
38fc
38fb
38f9
38f7
38f6
38f4
38f2
38f1
38ef
38ed
38ec
38ea
38e8
38e7
38e5
38e3
38e2
38e0
38de
38dd
38db
38d9
38d8
38d6
38d5
38d3
38d1
38d0
38ce
38cc
38cb
38c9
38c7
38c6
38c4
38c3
38c1
38bf
38be
38bc
38ba
38b9
38b7
38b6
38b4
38b2
38b1
38af
38ae
38ac
38aa
38a9
38a7
38a6
38a4
38a3
38a1
389f
389e
389c
389b
3899
3897
3896
3894
3893
3891
3890
388e
388d
388b
3889
3888
3886
3885
3883
3882
3880
387f
387d
387c
387a
3878
3877
3875
3874
3872
3871
386f
386e
386c
386b
3869
3868
3866
3865
3863
3862
3860
385f
385d
385c
385a
3859
3857
3856
3854
3853
3851
3850
384e
384d
384b
384a
3848
3847
3845
3844
3843
3841
3840
383e
383d
383b
383a
3838
3837
3835
3834
3833
3831
3830
382e
382d
382b
382a
3829
3827
3826
3824
3823
3821
3820
381f
381d
381c
381a
3819
3818
3816
3815
3813
3812
3811
380f
380e
380c
380b
380a
3808
3807
3806
3804
3803
3801
3800
37ff
37fd
37fc
37fb
37f9
37f8
37f7
37f5
37f4
37f3
37f1
37f0
37ef
37ed
37ec
37eb
37e9
37e8
37e7
37e5
37e4
37e3
37e1
37e0
37df
37dd
37dc
37db
37d9
37d8
37d7
37d6
37d4
37d3
37d2
37d0
37cf
37ce
37cc
37cb
37ca
37c9
37c7
37c6
37c5
37c4
37c2
37c1
37c0
37be
37bd
37bc
37bb
37b9
37b8
37b7
37b6
37b4
37b3
37b2
37b1
37b0
37ae
37ad
37ac
37ab
37a9
37a8
37a7
37a6
37a4
37a3
37a2
37a1
37a0
379e
379d
379c
379b
379a
3798
3797
3796
3795
3794
3792
3791
3790
378f
378e
378d
378b
378a
3789
3788
3787
3786
3784
3783
3782
3781
3780
377f
377e
377c
377b
377a
3779
3778
3777
3776
3774
3773
3772
3771
3770
376f
376e
376d
376c
376a
3769
3768
3767
3766
3765
3764
3763
3762
3761
3760
375e
375d
375c
375b
375a
3759
3758
3757
3756
3755
3754
3753
3752
3751
3750
374e
374d
374c
374b
374a
3749
3748
3747
3746
3745
3744
3743
3742
3741
3740
373f
373e
373d
373c
373b
373a
3739
3738
3737
3736
3735
3734
3733
3732
3731
3730
372f
372e
372d
372c
372b
372a
3729
3728
3727
3726
3725
3724
3724
3723
3722
3721
3720
371f
371e
371d
371c
371b
371a
3719
3718
3717
3716
3716
3715
3714
3713
3712
3711
3710
370f
370e
370d
370d
370c
370b
370a
3709
3708
3707
3706
3705
3705
3704
3703
3702
3701
3700
36ff
36ff
36fe
36fd
36fc
36fb
36fa
36f9
36f9
36f8
36f7
36f6
36f5
36f4
36f4
36f3
36f2
36f1
36f0
36f0
36ef
36ee
36ed
36ec
36eb
36eb
36ea
36e9
36e8
36e8
36e7
36e6
36e5
36e4
36e4
36e3
36e2
36e1
36e1
36e0
36df
36de
36dd
36dd
36dc
36db
36da
36da
36d9
36d8
36d7
36d7
36d6
36d5
36d5
36d4
36d3
36d2
36d2
36d1
36d0
36cf
36cf
36ce
36cd
36cd
36cc
36cb
36cb
36ca
36c9
36c8
36c8
36c7
36c6
36c6
36c5
36c4
36c4
36c3
36c2
36c2
36c1
36c0
36c0
36bf
36be
36be
36bd
36bc
36bc
36bb
36ba
36ba
36b9
36b9
36b8
36b7
36b7
36b6
36b5
36b5
36b4
36b4
36b3
36b2
36b2
36b1
36b1
36b0
36af
36af
36ae
36ae
36ad
36ac
36ac
36ab
36ab
36aa
36aa
36a9
36a8
36a8
36a7
36a7
36a6
36a6
36a5
36a4
36a4
36a3
36a3
36a2
36a2
36a1
36a1
36a0
36a0
369f
369f
369e
369e
369d
369c
369c
369b
369b
369a
369a
3699
3699
3698
3698
3697
3697
3696
3696
3696
3695
3695
3694
3694
3693
3693
3692
3692
3691
3691
3690
3690
368f
368f
368f
368e
368e
368d
368d
368c
368c
368c
368b
368b
368a
368a
3689
3689
3689
3688
3688
3687
3687
3687
3686
3686
3685
3685
3685
3684
3684
3684
3683
3683
3682
3682
3682
3681
3681
3681
3680
3680
3680
367f
367f
367e
367e
367e
367d
367d
367d
367c
367c
367c
367b
367b
367b
367b
367a
367a
367a
3679
3679
3679
3678
3678
3678
3678
3677
3677
3677
3676
3676
3676
3676
3675
3675
3675
3675
3674
3674
3674
3673
3673
3673
3673
3672
3672
3672
3672
3672
3671
3671
3671
3671
3670
3670
3670
3670
3670
366f
366f
366f
366f
366f
366e
366e
366e
366e
366e
366d
366d
366d
366d
366d
366d
366c
366c
366c
366c
366c
366c
366b
366b
366b
366b
366b
366b
366b
366a
366a
366a
366a
366a
366a
366a
366a
3669
3669
3669
3669
3669
3669
3669
3669
3669
3668
3668
3668
3668
3668
3668
3668
3668
3668
3668
3668
3668
3668
3667
3667
3667
3667
3667
3667
3667
3667
3667
3667
3667
3667
3667
3667
3667
3667
3667
3667
3667
3667
3667
3667
3667
3667
3667
3667
3667
3667
3667
3667
3667
3667
3667
3667
3667
3667
3667
3667
3667
3667
3667
3667
3667
3667
3667
3667
3667
3667
3667
3667
3668
3668
3668
3668
3668
3668
3668
3668
3668
3668
3668
3668
3668
3669
3669
3669
3669
3669
3669
3669
3669
3669
366a
366a
366a
366a
366a
366a
366a
366a
366b
366b
366b
366b
366b
366b
366b
366c
366c
366c
366c
366c
366c
366d
366d
366d
366d
366d
366d
366e
366e
366e
366e
366e
366f
366f
366f
366f
366f
3670
3670
3670
3670
3670
3671
3671
3671
3671
3672
3672
3672
3672
3672
3673
3673
3673
3673
3674
3674
3674
3675
3675
3675
3675
3676
3676
3676
3676
3677
3677
3677
3678
3678
3678
3678
3679
3679
3679
367a
367a
367a
367b
367b
367b
367b
367c
367c
367c
367d
367d
367d
367e
367e
367e
367f
367f
3680
3680
3680
3681
3681
3681
3682
3682
3682
3683
3683
3684
3684
3684
3685
3685
3685
3686
3686
3687
3687
3687
3688
3688
3689
3689
3689
368a
368a
368b
368b
368c
368c
368c
368d
368d
368e
368e
368f
368f
368f
3690
3690
3691
3691
3692
3692
3693
3693
3694
3694
3695
3695
3696
3696
3696
3697
3697
3698
3698
3699
3699
369a
369a
369b
369b
369c
369c
369d
369e
369e
369f
369f
36a0
36a0
36a1
36a1
36a2
36a2
36a3
36a3
36a4
36a4
36a5
36a6
36a6
36a7
36a7
36a8
36a8
36a9
36aa
36aa
36ab
36ab
36ac
36ac
36ad
36ae
36ae
36af
36af
36b0
36b1
36b1
36b2
36b2
36b3
36b4
36b4
36b5
36b5
36b6
36b7
36b7
36b8
36b9
36b9
36ba
36ba
36bb
36bc
36bc
36bd
36be
36be
36bf
36c0
36c0
36c1
36c2
36c2
36c3
36c4
36c4
36c5
36c6
36c6
36c7
36c8
36c8
36c9
36ca
36cb
36cb
36cc
36cd
36cd
36ce
36cf
36cf
36d0
36d1
36d2
36d2
36d3
36d4
36d5
36d5
36d6
36d7
36d7
36d8
36d9
36da
36da
36db
36dc
36dd
36dd
36de
36df
36e0
36e1
36e1
36e2
36e3
36e4
36e4
36e5
36e6
36e7
36e8
36e8
36e9
36ea
36eb
36eb
36ec
36ed
36ee
36ef
36f0
36f0
36f1
36f2
36f3
36f4
36f4
36f5
36f6
36f7
36f8
36f9
36f9
36fa
36fb
36fc
36fd
36fe
36ff
36ff
3700
3701
3702
3703
3704
3705
3705
3706
3707
3708
3709
370a
370b
370c
370d
370d
370e
370f
3710
3711
3712
3713
3714
3715
3716
3716
3717
3718
3719
371a
371b
371c
371d
371e
371f
3720
3721
3722
3723
3724
3724
3725
3726
3727
3728
3729
372a
372b
372c
372d
372e
372f
3730
3731
3732
3733
3734
3735
3736
3737
3738
3739
373a
373b
373c
373d
373e
373f
3740
3741
3742
3743
3744
3745
3746
3747
3748
3749
374a
374b
374c
374d
374e
3750
3751
3752
3753
3754
3755
3756
3757
3758
3759
375a
375b
375c
375d
375e
3760
3761
3762
3763
3764
3765
3766
3767
3768
3769
376a
376c
376d
376e
376f
3770
3771
3772
3773
3774
3776
3777
3778
3779
377a
377b
377c
377e
377f
3780
3781
3782
3783
3784
3786
3787
3788
3789
378a
378b
378d
378e
378f
3790
3791
3792
3794
3795
3796
3797
3798
379a
379b
379c
379d
379e
37a0
37a1
37a2
37a3
37a4
37a6
37a7
37a8
37a9
37ab
37ac
37ad
37ae
37b0
37b1
37b2
37b3
37b4
37b6
37b7
37b8
37b9
37bb
37bc
37bd
37be
37c0
37c1
37c2
37c4
37c5
37c6
37c7
37c9
37ca
37cb
37cc
37ce
37cf
37d0
37d2
37d3
37d4
37d6
37d7
37d8
37d9
37db
37dc
37dd
37df
37e0
37e1
37e3
37e4
37e5
37e7
37e8
37e9
37eb
37ec
37ed
37ef
37f0
37f1
37f3
37f4
37f5
37f7
37f8
37f9
37fb
37fc
37fd
37ff
3800
3801
3803
3804
3806
3807
3808
380a
380b
380c
380e
380f
3811
3812
3813
3815
3816
3818
3819
381a
381c
381d
381f
3820
3821
3823
3824
3826
3827
3829
382a
382b
382d
382e
3830
3831
3833
3834
3835
3837
3838
383a
383b
383d
383e
3840
3841
3843
3844
3845
3847
3848
384a
384b
384d
384e
3850
3851
3853
3854
3856
3857
3859
385a
385c
385d
385f
3860
3862
3863
3865
3866
3868
3869
386b
386c
386e
386f
3871
3872
3874
3875
3877
3878
387a
387c
387d
387f
3880
3882
3883
3885
3886
3888
3889
388b
388d
388e
3890
3891
3893
3894
3896
3897
3899
389b
389c
389e
389f
38a1
38a3
38a4
38a6
38a7
38a9
38aa
38ac
38ae
38af
38b1
38b2
38b4
38b6
38b7
38b9
38ba
38bc
38be
38bf
38c1
38c3
38c4
38c6
38c7
38c9
38cb
38cc
38ce
38d0
38d1
38d3
38d5
38d6
38d8
38d9
38db
38dd
38de
38e0
38e2
38e3
38e5
38e7
38e8
38ea
38ec
38ed
38ef
38f1
38f2
38f4
38f6
38f7
38f9
38fb
38fc
38fe
3900
3902
3903
3905
3907
3908
390a
390c
390d
390f
3911
3913
3914
3916
3918
3919
391b
391d
391f
3920
3922
3924
3925
3927
3929
392b
392c
392e
3930
3932
3933
3935
3937
3939
393a
393c
393e
3940
3941
3943
3945
3947
3948
394a
394c
394e
394f
3951
3953
3955
3957
3958
395a
395c
395e
3960
3961
3963
3965
3967
3968
396a
396c
396e
3970
3971
3973
3975
3977
3979
397b
397c
397e
3980
3982
3984
3985
3987
3989
398b
398d
398f
3990
3992
3994
3996
3998
399a
399b
399d
399f
39a1
39a3
39a5
39a6
39a8
39aa
39ac
39ae
39b0
39b2
39b4
39b5
39b7
39b9
39bb
39bd
39bf
39c1
39c2
39c4
39c6
39c8
39ca
39cc
39ce
39d0
39d2
39d3
39d5
39d7
39d9
39db
39dd
39df
39e1
39e3
39e5
39e6
39e8
39ea
39ec
39ee
39f0
39f2
39f4
39f6
39f8
39fa
39fb
39fd
39ff
3a01
3a03
3a05
3a07
3a09
3a0b
3a0d
3a0f
3a11
3a13
3a15
3a17
3a19
3a1a
3a1c
3a1e
3a20
3a22
3a24
3a26
3a28
3a2a
3a2c
3a2e
3a30
3a32
3a34
3a36
3a38
3a3a
3a3c
3a3e
3a40
3a42
3a44
3a46
3a48
3a4a
3a4c
3a4e
3a50
3a52
3a54
3a56
3a58
3a5a
3a5c
3a5e
3a60
3a62
3a64
3a66
3a68
3a6a
3a6c
3a6e
3a70
3a72
3a74
3a76
3a78
3a7a
3a7c
3a7e
3a80
3a82
3a84
3a86
3a88
3a8a
3a8c
3a8e
3a90
3a92
3a94
3a96
3a98
3a9a
3a9c
3a9e
3aa0
3aa2
3aa5
3aa7
3aa9
3aab
3aad
3aaf
3ab1
3ab3
3ab5
3ab7
3ab9
3abb
3abd
3abf
3ac1
3ac3
3ac5
3ac8
3aca
3acc
3ace
3ad0
3ad2
3ad4
3ad6
3ad8
3ada
3adc
3ade
3ae1
3ae3
3ae5
3ae7
3ae9
3aeb
3aed
3aef
3af1
3af3
3af5
3af8
3afa
3afc
3afe
3b00
3b02
3b04
3b06
3b08
3b0b
3b0d
3b0f
3b11
3b13
3b15
3b17
3b19
3b1c
3b1e
3b20
3b22
3b24
3b26
3b28
3b2a
3b2d
3b2f
3b31
3b33
3b35
3b37
3b39
3b3c
3b3e
3b40
3b42
3b44
3b46
3b48
3b4b
3b4d
3b4f
3b51
3b53
3b55
3b58
3b5a
3b5c
3b5e
3b60
3b62
3b65
3b67
3b69
3b6b
3b6d
3b6f
3b72
3b74
3b76
3b78
3b7a
3b7c
3b7f
3b81
3b83
3b85
3b87
3b8a
3b8c
3b8e
3b90
3b92
3b94
3b97
3b99
3b9b
3b9d
3b9f
3ba2
3ba4
3ba6
3ba8
3baa
3bad
3baf
3bb1
3bb3
3bb6
3bb8
3bba
3bbc
3bbe
3bc1
3bc3
3bc5
3bc7
3bc9
3bcc
3bce
3bd0
3bd2
3bd5
3bd7
3bd9
3bdb
3bdd
3be0
3be2
3be4
3be6
3be9
3beb
3bed
3bef
3bf2
3bf4
3bf6
3bf8
3bfb
3bfd
3bff
3c01
3c04
3c06
3c08
3c0a
3c0d
3c0f
3c11
3c13
3c16
3c18
3c1a
3c1c
3c1f
3c21
3c23
3c25
3c28
3c2a
3c2c
3c2e
3c31
3c33
3c35
3c37
3c3a
3c3c
3c3e
3c41
3c43
3c45
3c47
3c4a
3c4c
3c4e
3c50
3c53
3c55
3c57
3c5a
3c5c
3c5e
3c60
3c63
3c65
3c67
3c6a
3c6c
3c6e
3c71
3c73
3c75
3c77
3c7a
3c7c
3c7e
3c81
3c83
3c85
3c88
3c8a
3c8c
3c8e
3c91
3c93
3c95
3c98
3c9a
3c9c
3c9f
3ca1
3ca3
3ca6
3ca8
3caa
3cac
3caf
3cb1
3cb3
3cb6
3cb8
3cba
3cbd
3cbf
3cc1
3cc4
3cc6
3cc8
3ccb
3ccd
3ccf
3cd2
3cd4
3cd6
3cd9
3cdb
3cdd
3ce0
3ce2
3ce4
3ce7
3ce9
3ceb
3cee
3cf0
3cf2
3cf5
3cf7
3cf9
3cfc
3cfe
3d00
3d03
3d05
3d07
3d0a
3d0c
3d0f
3d11
3d13
3d16
3d18
3d1a
3d1d
3d1f
3d21
3d24
3d26
3d28
3d2b
3d2d
3d30
3d32
3d34
3d37
3d39
3d3b
3d3e
3d40
3d42
3d45
3d47
3d4a
3d4c
3d4e
3d51
3d53
3d55
3d58
3d5a
3d5d
3d5f
3d61
3d64
3d66
3d68
3d6b
3d6d
3d70
3d72
3d74
3d77
3d79
3d7b
3d7e
3d80
3d83
3d85
3d87
3d8a
3d8c
3d8f
3d91
3d93
3d96
3d98
3d9b
3d9d
3d9f
3da2
3da4
3da6
3da9
3dab
3dae
3db0
3db2
3db5
3db7
3dba
3dbc
3dbe
3dc1
3dc3
3dc6
3dc8
3dca
3dcd
3dcf
3dd2
3dd4
3dd6
3dd9
3ddb
3dde
3de0
3de3
3de5
3de7
3dea
3dec
3def
3df1
3df3
3df6
3df8
3dfb
3dfd
3dff
3e02
3e04
3e07
3e09
3e0c
3e0e
3e10
3e13
3e15
3e18
3e1a
3e1d
3e1f
3e21
3e24
3e26
3e29
3e2b
3e2d
3e30
3e32
3e35
3e37
3e3a
3e3c
3e3e
3e41
3e43
3e46
3e48
3e4b
3e4d
3e4f
3e52
3e54
3e57
3e59
3e5c
3e5e
3e61
3e63
3e65
3e68
3e6a
3e6d
3e6f
3e72
3e74
3e76
3e79
3e7b
3e7e
3e80
3e83
3e85
3e88
3e8a
3e8c
3e8f
3e91
3e94
3e96
3e99
3e9b
3e9e
3ea0
3ea2
3ea5
3ea7
3eaa
3eac
3eaf
3eb1
3eb4
3eb6
3eb8
3ebb
3ebd
3ec0
3ec2
3ec5
3ec7
3eca
3ecc
3ece
3ed1
3ed3
3ed6
3ed8
3edb
3edd
3ee0
3ee2
3ee5
3ee7
3ee9
3eec
3eee
3ef1
3ef3
3ef6
3ef8
3efb
3efd
3f00
3f02
3f04
3f07
3f09
3f0c
3f0e
3f11
3f13
3f16
3f18
3f1b
3f1d
3f20
3f22
3f24
3f27
3f29
3f2c
3f2e
3f31
3f33
3f36
3f38
3f3b
3f3d
3f40
3f42
3f44
3f47
3f49
3f4c
3f4e
3f51
3f53
3f56
3f58
3f5b
3f5d
3f60
3f62
3f64
3f67
3f69
3f6c
3f6e
3f71
3f73
3f76
3f78
3f7b
3f7d
3f80
3f82
3f85
3f87
3f89
3f8c
3f8e
3f91
3f93
3f96
3f98
3f9b
3f9d
3fa0
3fa2
3fa5
3fa7
3faa
3fac
3fae
3fb1
3fb3
3fb6
3fb8
3fbb
3fbd
3fc0
3fc2
3fc5
3fc7
3fca
3fcc
3fcf
3fd1
3fd4
3fd6
3fd8
3fdb
3fdd
3fe0
3fe2
3fe5
3fe7
3fea
3fec
3fef
3ff1
3ff4
3ff6
3ff9
3ffb
3ffe
0000
0002
0005
0007
000a
000c
000f
0011
0014
0016
0019
001b
001e
0020
0023
0025
0028
002a
002c
002f
0031
0034
0036
0039
003b
003e
0040
0043
0045
0048
004a
004d
004f
0052
0054
0056
0059
005b
005e
0060
0063
0065
0068
006a
006d
006f
0072
0074
0077
0079
007b
007e
0080
0083
0085
0088
008a
008d
008f
0092
0094
0097
0099
009c
009e
00a0
00a3
00a5
00a8
00aa
00ad
00af
00b2
00b4
00b7
00b9
00bc
00be
00c0
00c3
00c5
00c8
00ca
00cd
00cf
00d2
00d4
00d7
00d9
00dc
00de
00e0
00e3
00e5
00e8
00ea
00ed
00ef
00f2
00f4
00f7
00f9
00fc
00fe
0100
0103
0105
0108
010a
010d
010f
0112
0114
0117
0119
011b
011e
0120
0123
0125
0128
012a
012d
012f
0132
0134
0136
0139
013b
013e
0140
0143
0145
0148
014a
014c
014f
0151
0154
0156
0159
015b
015e
0160
0162
0165
0167
016a
016c
016f
0171
0174
0176
0178
017b
017d
0180
0182
0185
0187
018a
018c
018e
0191
0193
0196
0198
019b
019d
019f
01a2
01a4
01a7
01a9
01ac
01ae
01b1
01b3
01b5
01b8
01ba
01bd
01bf
01c2
01c4
01c6
01c9
01cb
01ce
01d0
01d3
01d5
01d7
01da
01dc
01df
01e1
01e3
01e6
01e8
01eb
01ed
01f0
01f2
01f4
01f7
01f9
01fc
01fe
0201
0203
0205
0208
020a
020d
020f
0211
0214
0216
0219
021b
021d
0220
0222
0225
0227
022a
022c
022e
0231
0233
0236
0238
023a
023d
023f
0242
0244
0246
0249
024b
024e
0250
0252
0255
0257
025a
025c
025e
0261
0263
0265
0268
026a
026d
026f
0271
0274
0276
0279
027b
027d
0280
0282
0285
0287
0289
028c
028e
0290
0293
0295
0298
029a
029c
029f
02a1
02a3
02a6
02a8
02ab
02ad
02af
02b2
02b4
02b6
02b9
02bb
02be
02c0
02c2
02c5
02c7
02c9
02cc
02ce
02d0
02d3
02d5
02d8
02da
02dc
02df
02e1
02e3
02e6
02e8
02ea
02ed
02ef
02f1
02f4
02f6
02f9
02fb
02fd
0300
0302
0304
0307
0309
030b
030e
0310
0312
0315
0317
0319
031c
031e
0320
0323
0325
0327
032a
032c
032e
0331
0333
0335
0338
033a
033c
033f
0341
0343
0346
0348
034a
034d
034f
0351
0354
0356
0358
035a
035d
035f
0361
0364
0366
0368
036b
036d
036f
0372
0374
0376
0378
037b
037d
037f
0382
0384
0386
0389
038b
038d
038f
0392
0394
0396
0399
039b
039d
03a0
03a2
03a4
03a6
03a9
03ab
03ad
03b0
03b2
03b4
03b6
03b9
03bb
03bd
03bf
03c2
03c4
03c6
03c9
03cb
03cd
03cf
03d2
03d4
03d6
03d8
03db
03dd
03df
03e1
03e4
03e6
03e8
03ea
03ed
03ef
03f1
03f3
03f6
03f8
03fa
03fc
03ff
0401
0403
0405
0408
040a
040c
040e
0411
0413
0415
0417
041a
041c
041e
0420
0423
0425
0427
0429
042b
042e
0430
0432
0434
0437
0439
043b
043d
043f
0442
0444
0446
0448
044a
044d
044f
0451
0453
0456
0458
045a
045c
045e
0461
0463
0465
0467
0469
046c
046e
0470
0472
0474
0476
0479
047b
047d
047f
0481
0484
0486
0488
048a
048c
048e
0491
0493
0495
0497
0499
049b
049e
04a0
04a2
04a4
04a6
04a8
04ab
04ad
04af
04b1
04b3
04b5
04b8
04ba
04bc
04be
04c0
04c2
04c4
04c7
04c9
04cb
04cd
04cf
04d1
04d3
04d6
04d8
04da
04dc
04de
04e0
04e2
04e4
04e7
04e9
04eb
04ed
04ef
04f1
04f3
04f5
04f8
04fa
04fc
04fe
0500
0502
0504
0506
0508
050b
050d
050f
0511
0513
0515
0517
0519
051b
051d
051f
0522
0524
0526
0528
052a
052c
052e
0530
0532
0534
0536
0538
053b
053d
053f
0541
0543
0545
0547
0549
054b
054d
054f
0551
0553
0555
0557
0559
055b
055e
0560
0562
0564
0566
0568
056a
056c
056e
0570
0572
0574
0576
0578
057a
057c
057e
0580
0582
0584
0586
0588
058a
058c
058e
0590
0592
0594
0596
0598
059a
059c
059e
05a0
05a2
05a4
05a6
05a8
05aa
05ac
05ae
05b0
05b2
05b4
05b6
05b8
05ba
05bc
05be
05c0
05c2
05c4
05c6
05c8
05ca
05cc
05ce
05d0
05d2
05d4
05d6
05d8
05da
05dc
05de
05e0
05e2
05e4
05e6
05e7
05e9
05eb
05ed
05ef
05f1
05f3
05f5
05f7
05f9
05fb
05fd
05ff
0601
0603
0605
0606
0608
060a
060c
060e
0610
0612
0614
0616
0618
061a
061b
061d
061f
0621
0623
0625
0627
0629
062b
062d
062e
0630
0632
0634
0636
0638
063a
063c
063e
063f
0641
0643
0645
0647
0649
064b
064c
064e
0650
0652
0654
0656
0658
065a
065b
065d
065f
0661
0663
0665
0666
0668
066a
066c
066e
0670
0671
0673
0675
0677
0679
067b
067c
067e
0680
0682
0684
0685
0687
0689
068b
068d
068f
0690
0692
0694
0696
0698
0699
069b
069d
069f
06a0
06a2
06a4
06a6
06a8
06a9
06ab
06ad
06af
06b1
06b2
06b4
06b6
06b8
06b9
06bb
06bd
06bf
06c0
06c2
06c4
06c6
06c7
06c9
06cb
06cd
06ce
06d0
06d2
06d4
06d5
06d7
06d9
06db
06dc
06de
06e0
06e1
06e3
06e5
06e7
06e8
06ea
06ec
06ed
06ef
06f1
06f3
06f4
06f6
06f8
06f9
06fb
06fd
06fe
0700
0702
0704
0705
0707
0709
070a
070c
070e
070f
0711
0713
0714
0716
0718
0719
071b
071d
071e
0720
0722
0723
0725
0727
0728
072a
072b
072d
072f
0730
0732
0734
0735
0737
0739
073a
073c
073d
073f
0741
0742
0744
0746
0747
0749
074a
074c
074e
074f
0751
0752
0754
0756
0757
0759
075a
075c
075d
075f
0761
0762
0764
0765
0767
0769
076a
076c
076d
076f
0770
0772
0773
0775
0777
0778
077a
077b
077d
077e
0780
0781
0783
0784
0786
0788
0789
078b
078c
078e
078f
0791
0792
0794
0795
0797
0798
079a
079b
079d
079e
07a0
07a1
07a3
07a4
07a6
07a7
07a9
07aa
07ac
07ad
07af
07b0
07b2
07b3
07b5
07b6
07b8
07b9
07bb
07bc
07bd
07bf
07c0
07c2
07c3
07c5
07c6
07c8
07c9
07cb
07cc
07cd
07cf
07d0
07d2
07d3
07d5
07d6
07d7
07d9
07da
07dc
07dd
07df
07e0
07e1
07e3
07e4
07e6
07e7
07e8
07ea
07eb
07ed
07ee
07ef
07f1
07f2
07f4
07f5
07f6
07f8
07f9
07fa
07fc
07fd
07ff
0800
0801
0803
0804
0805
0807
0808
0809
080b
080c
080d
080f
0810
0811
0813
0814
0815
0817
0818
0819
081b
081c
081d
081f
0820
0821
0823
0824
0825
0827
0828
0829
082a
082c
082d
082e
0830
0831
0832
0834
0835
0836
0837
0839
083a
083b
083c
083e
083f
0840
0842
0843
0844
0845
0847
0848
0849
084a
084c
084d
084e
084f
0850
0852
0853
0854
0855
0857
0858
0859
085a
085c
085d
085e
085f
0860
0862
0863
0864
0865
0866
0868
0869
086a
086b
086c
086e
086f
0870
0871
0872
0873
0875
0876
0877
0878
0879
087a
087c
087d
087e
087f
0880
0881
0882
0884
0885
0886
0887
0888
0889
088a
088c
088d
088e
088f
0890
0891
0892
0893
0894
0896
0897
0898
0899
089a
089b
089c
089d
089e
089f
08a0
08a2
08a3
08a4
08a5
08a6
08a7
08a8
08a9
08aa
08ab
08ac
08ad
08ae
08af
08b0
08b2
08b3
08b4
08b5
08b6
08b7
08b8
08b9
08ba
08bb
08bc
08bd
08be
08bf
08c0
08c1
08c2
08c3
08c4
08c5
08c6
08c7
08c8
08c9
08ca
08cb
08cc
08cd
08ce
08cf
08d0
08d1
08d2
08d3
08d4
08d5
08d6
08d7
08d8
08d9
08da
08db
08dc
08dc
08dd
08de
08df
08e0
08e1
08e2
08e3
08e4
08e5
08e6
08e7
08e8
08e9
08ea
08ea
08eb
08ec
08ed
08ee
08ef
08f0
08f1
08f2
08f3
08f3
08f4
08f5
08f6
08f7
08f8
08f9
08fa
08fb
08fb
08fc
08fd
08fe
08ff
0900
0901
0901
0902
0903
0904
0905
0906
0907
0907
0908
0909
090a
090b
090c
090c
090d
090e
090f
0910
0910
0911
0912
0913
0914
0915
0915
0916
0917
0918
0918
0919
091a
091b
091c
091c
091d
091e
091f
091f
0920
0921
0922
0923
0923
0924
0925
0926
0926
0927
0928
0929
0929
092a
092b
092b
092c
092d
092e
092e
092f
0930
0931
0931
0932
0933
0933
0934
0935
0935
0936
0937
0938
0938
0939
093a
093a
093b
093c
093c
093d
093e
093e
093f
0940
0940
0941
0942
0942
0943
0944
0944
0945
0946
0946
0947
0947
0948
0949
0949
094a
094b
094b
094c
094c
094d
094e
094e
094f
094f
0950
0951
0951
0952
0952
0953
0954
0954
0955
0955
0956
0956
0957
0958
0958
0959
0959
095a
095a
095b
095c
095c
095d
095d
095e
095e
095f
095f
0960
0960
0961
0961
0962
0962
0963
0964
0964
0965
0965
0966
0966
0967
0967
0968
0968
0969
0969
096a
096a
096a
096b
096b
096c
096c
096d
096d
096e
096e
096f
096f
0970
0970
0971
0971
0971
0972
0972
0973
0973
0974
0974
0974
0975
0975
0976
0976
0977
0977
0977
0978
0978
0979
0979
0979
097a
097a
097b
097b
097b
097c
097c
097c
097d
097d
097e
097e
097e
097f
097f
097f
0980
0980
0980
0981
0981
0982
0982
0982
0983
0983
0983
0984
0984
0984
0985
0985
0985
0985
0986
0986
0986
0987
0987
0987
0988
0988
0988
0988
0989
0989
0989
098a
098a
098a
098a
098b
098b
098b
098b
098c
098c
098c
098d
098d
098d
098d
098e
098e
098e
098e
098e
098f
098f
098f
098f
0990
0990
0990
0990
0990
0991
0991
0991
0991
0991
0992
0992
0992
0992
0992
0993
0993
0993
0993
0993
0993
0994
0994
0994
0994
0994
0994
0995
0995
0995
0995
0995
0995
0995
0996
0996
0996
0996
0996
0996
0996
0996
0997
0997
0997
0997
0997
0997
0997
0997
0997
0998
0998
0998
0998
0998
0998
0998
0998
0998
0998
0998
0998
0998
0999
0999
0999
0999
0999
0999
0999
0999
0999
0999
0999
0999
0999
0999
0999
0999
0999
0999
0999
0999
0999
0999
0999
0999
0999
0999
0999
0999
0999
0999
0999
0999
0999
0999
0999
0999
0999
0999
0999
0999
0999
0999
0999
0999
0999
0999
0999
0999
0999
0999
0998
0998
0998
0998
0998
0998
0998
0998
0998
0998
0998
0998
0998
0997
0997
0997
0997
0997
0997
0997
0997
0997
0996
0996
0996
0996
0996
0996
0996
0996
0995
0995
0995
0995
0995
0995
0995
0994
0994
0994
0994
0994
0994
0993
0993
0993
0993
0993
0993
0992
0992
0992
0992
0992
0991
0991
0991
0991
0991
0990
0990
0990
0990
0990
098f
098f
098f
098f
098e
098e
098e
098e
098e
098d
098d
098d
098d
098c
098c
098c
098b
098b
098b
098b
098a
098a
098a
098a
0989
0989
0989
0988
0988
0988
0988
0987
0987
0987
0986
0986
0986
0985
0985
0985
0985
0984
0984
0984
0983
0983
0983
0982
0982
0982
0981
0981
0980
0980
0980
097f
097f
097f
097e
097e
097e
097d
097d
097c
097c
097c
097b
097b
097b
097a
097a
0979
0979
0979
0978
0978
0977
0977
0977
0976
0976
0975
0975
0974
0974
0974
0973
0973
0972
0972
0971
0971
0971
0970
0970
096f
096f
096e
096e
096d
096d
096c
096c
096b
096b
096a
096a
096a
0969
0969
0968
0968
0967
0967
0966
0966
0965
0965
0964
0964
0963
0962
0962
0961
0961
0960
0960
095f
095f
095e
095e
095d
095d
095c
095c
095b
095a
095a
0959
0959
0958
0958
0957
0956
0956
0955
0955
0954
0954
0953
0952
0952
0951
0951
0950
094f
094f
094e
094e
094d
094c
094c
094b
094b
094a
0949
0949
0948
0947
0947
0946
0946
0945
0944
0944
0943
0942
0942
0941
0940
0940
093f
093e
093e
093d
093c
093c
093b
093a
093a
0939
0938
0938
0937
0936
0935
0935
0934
0933
0933
0932
0931
0931
0930
092f
092e
092e
092d
092c
092b
092b
092a
0929
0929
0928
0927
0926
0926
0925
0924
0923
0923
0922
0921
0920
091f
091f
091e
091d
091c
091c
091b
091a
0919
0918
0918
0917
0916
0915
0915
0914
0913
0912
0911
0910
0910
090f
090e
090d
090c
090c
090b
090a
0909
0908
0907
0907
0906
0905
0904
0903
0902
0901
0901
0900
08ff
08fe
08fd
08fc
08fb
08fb
08fa
08f9
08f8
08f7
08f6
08f5
08f4
08f3
08f3
08f2
08f1
08f0
08ef
08ee
08ed
08ec
08eb
08ea
08ea
08e9
08e8
08e7
08e6
08e5
08e4
08e3
08e2
08e1
08e0
08df
08de
08dd
08dc
08dc
08db
08da
08d9
08d8
08d7
08d6
08d5
08d4
08d3
08d2
08d1
08d0
08cf
08ce
08cd
08cc
08cb
08ca
08c9
08c8
08c7
08c6
08c5
08c4
08c3
08c2
08c1
08c0
08bf
08be
08bd
08bc
08bb
08ba
08b9
08b8
08b7
08b6
08b5
08b4
08b3
08b2
08b0
08af
08ae
08ad
08ac
08ab
08aa
08a9
08a8
08a7
08a6
08a5
08a4
08a3
08a2
08a0
089f
089e
089d
089c
089b
089a
0899
0898
0897
0896
0894
0893
0892
0891
0890
088f
088e
088d
088c
088a
0889
0888
0887
0886
0885
0884
0882
0881
0880
087f
087e
087d
087c
087a
0879
0878
0877
0876
0875
0873
0872
0871
0870
086f
086e
086c
086b
086a
0869
0868
0866
0865
0864
0863
0862
0860
085f
085e
085d
085c
085a
0859
0858
0857
0855
0854
0853
0852
0850
084f
084e
084d
084c
084a
0849
0848
0847
0845
0844
0843
0842
0840
083f
083e
083c
083b
083a
0839
0837
0836
0835
0834
0832
0831
0830
082e
082d
082c
082a
0829
0828
0827
0825
0824
0823
0821
0820
081f
081d
081c
081b
0819
0818
0817
0815
0814
0813
0811
0810
080f
080d
080c
080b
0809
0808
0807
0805
0804
0803
0801
0800
07ff
07fd
07fc
07fa
07f9
07f8
07f6
07f5
07f4
07f2
07f1
07ef
07ee
07ed
07eb
07ea
07e8
07e7
07e6
07e4
07e3
07e1
07e0
07df
07dd
07dc
07da
07d9
07d7
07d6
07d5
07d3
07d2
07d0
07cf
07cd
07cc
07cb
07c9
07c8
07c6
07c5
07c3
07c2
07c0
07bf
07bd
07bc
07bb
07b9
07b8
07b6
07b5
07b3
07b2
07b0
07af
07ad
07ac
07aa
07a9
07a7
07a6
07a4
07a3
07a1
07a0
079e
079d
079b
079a
0798
0797
0795
0794
0792
0791
078f
078e
078c
078b
0789
0788
0786
0784
0783
0781
0780
077e
077d
077b
077a
0778
0777
0775
0773
0772
0770
076f
076d
076c
076a
0769
0767
0765
0764
0762
0761
075f
075d
075c
075a
0759
0757
0756
0754
0752
0751
074f
074e
074c
074a
0749
0747
0746
0744
0742
0741
073f
073d
073c
073a
0739
0737
0735
0734
0732
0730
072f
072d
072b
072a
0728
0727
0725
0723
0722
0720
071e
071d
071b
0719
0718
0716
0714
0713
0711
070f
070e
070c
070a
0709
0707
0705
0704
0702
0700
06fe
06fd
06fb
06f9
06f8
06f6
06f4
06f3
06f1
06ef
06ed
06ec
06ea
06e8
06e7
06e5
06e3
06e1
06e0
06de
06dc
06db
06d9
06d7
06d5
06d4
06d2
06d0
06ce
06cd
06cb
06c9
06c7
06c6
06c4
06c2
06c0
06bf
06bd
06bb
06b9
06b8
06b6
06b4
06b2
06b1
06af
06ad
06ab
06a9
06a8
06a6
06a4
06a2
06a0
069f
069d
069b
0699
0698
0696
0694
0692
0690
068f
068d
068b
0689
0687
0685
0684
0682
0680
067e
067c
067b
0679
0677
0675
0673
0671
0670
066e
066c
066a
0668
0666
0665
0663
0661
065f
065d
065b
065a
0658
0656
0654
0652
0650
064e
064c
064b
0649
0647
0645
0643
0641
063f
063e
063c
063a
0638
0636
0634
0632
0630
062e
062d
062b
0629
0627
0625
0623
0621
061f
061d
061b
061a
0618
0616
0614
0612
0610
060e
060c
060a
0608
0606
0605
0603
0601
05ff
05fd
05fb
05f9
05f7
05f5
05f3
05f1
05ef
05ed
05eb
05e9
05e7
05e6
05e4
05e2
05e0
05de
05dc
05da
05d8
05d6
05d4
05d2
05d0
05ce
05cc
05ca
05c8
05c6
05c4
05c2
05c0
05be
05bc
05ba
05b8
05b6
05b4
05b2
05b0
05ae
05ac
05aa
05a8
05a6
05a4
05a2
05a0
059e
059c
059a
0598
0596
0594
0592
0590
058e
058c
058a
0588
0586
0584
0582
0580
057e
057c
057a
0578
0576
0574
0572
0570
056e
056c
056a
0568
0566
0564
0562
0560
055e
055b
0559
0557
0555
0553
0551
054f
054d
054b
0549
0547
0545
0543
0541
053f
053d
053b
0538
0536
0534
0532
0530
052e
052c
052a
0528
0526
0524
0522
051f
051d
051b
0519
0517
0515
0513
0511
050f
050d
050b
0508
0506
0504
0502
0500
04fe
04fc
04fa
04f8
04f5
04f3
04f1
04ef
04ed
04eb
04e9
04e7
04e4
04e2
04e0
04de
04dc
04da
04d8
04d6
04d3
04d1
04cf
04cd
04cb
04c9
04c7
04c4
04c2
04c0
04be
04bc
04ba
04b8
04b5
04b3
04b1
04af
04ad
04ab
04a8
04a6
04a4
04a2
04a0
049e
049b
0499
0497
0495
0493
0491
048e
048c
048a
0488
0486
0484
0481
047f
047d
047b
0479
0476
0474
0472
0470
046e
046c
0469
0467
0465
0463
0461
045e
045c
045a
0458
0456
0453
0451
044f
044d
044a
0448
0446
0444
0442
043f
043d
043b
0439
0437
0434
0432
0430
042e
042b
0429
0427
0425
0423
0420
041e
041c
041a
0417
0415
0413
0411
040e
040c
040a
0408
0405
0403
0401
03ff
03fc
03fa
03f8
03f6
03f3
03f1
03ef
03ed
03ea
03e8
03e6
03e4
03e1
03df
03dd
03db
03d8
03d6
03d4
03d2
03cf
03cd
03cb
03c9
03c6
03c4
03c2
03bf
03bd
03bb
03b9
03b6
03b4
03b2
03b0
03ad
03ab
03a9
03a6
03a4
03a2
03a0
039d
039b
0399
0396
0394
0392
038f
038d
038b
0389
0386
0384
0382
037f
037d
037b
0378
0376
0374
0372
036f
036d
036b
0368
0366
0364
0361
035f
035d
035a
0358
0356
0354
0351
034f
034d
034a
0348
0346
0343
0341
033f
033c
033a
0338
0335
0333
0331
032e
032c
032a
0327
0325
0323
0320
031e
031c
0319
0317
0315
0312
0310
030e
030b
0309
0307
0304
0302
0300
02fd
02fb
02f9
02f6
02f4
02f1
02ef
02ed
02ea
02e8
02e6
02e3
02e1
02df
02dc
02da
02d8
02d5
02d3
02d0
02ce
02cc
02c9
02c7
02c5
02c2
02c0
02be
02bb
02b9
02b6
02b4
02b2
02af
02ad
02ab
02a8
02a6
02a3
02a1
029f
029c
029a
0298
0295
0293
0290
028e
028c
0289
0287
0285
0282
0280
027d
027b
0279
0276
0274
0271
026f
026d
026a
0268
0265
0263
0261
025e
025c
025a
0257
0255
0252
0250
024e
024b
0249
0246
0244
0242
023f
023d
023a
0238
0236
0233
0231
022e
022c
022a
0227
0225
0222
0220
021d
021b
0219
0216
0214
0211
020f
020d
020a
0208
0205
0203
0201
01fe
01fc
01f9
01f7
01f4
01f2
01f0
01ed
01eb
01e8
01e6
01e3
01e1
01df
01dc
01da
01d7
01d5
01d3
01d0
01ce
01cb
01c9
01c6
01c4
01c2
01bf
01bd
01ba
01b8
01b5
01b3
01b1
01ae
01ac
01a9
01a7
01a4
01a2
019f
019d
019b
0198
0196
0193
0191
018e
018c
018a
0187
0185
0182
0180
017d
017b
0178
0176
0174
0171
016f
016c
016a
0167
0165
0162
0160
015e
015b
0159
0156
0154
0151
014f
014c
014a
0148
0145
0143
0140
013e
013b
0139
0136
0134
0132
012f
012d
012a
0128
0125
0123
0120
011e
011b
0119
0117
0114
0112
010f
010d
010a
0108
0105
0103
0100
00fe
00fc
00f9
00f7
00f4
00f2
00ef
00ed
00ea
00e8
00e5
00e3
00e0
00de
00dc
00d9
00d7
00d4
00d2
00cf
00cd
00ca
00c8
00c5
00c3
00c0
00be
00bc
00b9
00b7
00b4
00b2
00af
00ad
00aa
00a8
00a5
00a3
00a0
009e
009c
0099
0097
0094
0092
008f
008d
008a
0088
0085
0083
0080
007e
007b
0079
0077
0074
0072
006f
006d
006a
0068
0065
0063
0060
005e
005b
0059
0056
0054
0052
004f
004d
004a
0048
0045
0043
0040
003e
003b
0039
0036
0034
0031
002f
002c
002a
0028
0025
0023
0020
001e
001b
0019
0016
0014
0011
000f
000c
000a
0007
0005
0002
0000
3ffe
3ffb
3ff9
3ff6
3ff4
3ff1
3fef
3fec
3fea
3fe7
3fe5
3fe2
3fe0
3fdd
3fdb
3fd8
3fd6
3fd4
3fd1
3fcf
3fcc
3fca
3fc7
3fc5
3fc2
3fc0
3fbd
3fbb
3fb8
3fb6
3fb3
3fb1
3fae
3fac
3faa
3fa7
3fa5
3fa2
3fa0
3f9d
3f9b
3f98
3f96
3f93
3f91
3f8e
3f8c
3f89
3f87
3f85
3f82
3f80
3f7d
3f7b
3f78
3f76
3f73
3f71
3f6e
3f6c
3f69
3f67
3f64
3f62
3f60
3f5d
3f5b
3f58
3f56
3f53
3f51
3f4e
3f4c
3f49
3f47
3f44
3f42
3f40
3f3d
3f3b
3f38
3f36
3f33
3f31
3f2e
3f2c
3f29
3f27
3f24
3f22
3f20
3f1d
3f1b
3f18
3f16
3f13
3f11
3f0e
3f0c
3f09
3f07
3f04
3f02
3f00
3efd
3efb
3ef8
3ef6
3ef3
3ef1
3eee
3eec
3ee9
3ee7
3ee5
3ee2
3ee0
3edd
3edb
3ed8
3ed6
3ed3
3ed1
3ece
3ecc
3eca
3ec7
3ec5
3ec2
3ec0
3ebd
3ebb
3eb8
3eb6
3eb4
3eb1
3eaf
3eac
3eaa
3ea7
3ea5
3ea2
3ea0
3e9e
3e9b
3e99
3e96
3e94
3e91
3e8f
3e8c
3e8a
3e88
3e85
3e83
3e80
3e7e
3e7b
3e79
3e76
3e74
3e72
3e6f
3e6d
3e6a
3e68
3e65
3e63
3e61
3e5e
3e5c
3e59
3e57
3e54
3e52
3e4f
3e4d
3e4b
3e48
3e46
3e43
3e41
3e3e
3e3c
3e3a
3e37
3e35
3e32
3e30
3e2d
3e2b
3e29
3e26
3e24
3e21
3e1f
3e1d
3e1a
3e18
3e15
3e13
3e10
3e0e
3e0c
3e09
3e07
3e04
3e02
3dff
3dfd
3dfb
3df8
3df6
3df3
3df1
3def
3dec
3dea
3de7
3de5
3de3
3de0
3dde
3ddb
3dd9
3dd6
3dd4
3dd2
3dcf
3dcd
3dca
3dc8
3dc6
3dc3
3dc1
3dbe
3dbc
3dba
3db7
3db5
3db2
3db0
3dae
3dab
3da9
3da6
3da4
3da2
3d9f
3d9d
3d9b
3d98
3d96
3d93
3d91
3d8f
3d8c
3d8a
3d87
3d85
3d83
3d80
3d7e
3d7b
3d79
3d77
3d74
3d72
3d70
3d6d
3d6b
3d68
3d66
3d64
3d61
3d5f
3d5d
3d5a
3d58
3d55
3d53
3d51
3d4e
3d4c
3d4a
3d47
3d45
3d42
3d40
3d3e
3d3b
3d39
3d37
3d34
3d32
3d30
3d2d
3d2b
3d28
3d26
3d24
3d21
3d1f
3d1d
3d1a
3d18
3d16
3d13
3d11
3d0f
3d0c
3d0a
3d07
3d05
3d03
3d00
3cfe
3cfc
3cf9
3cf7
3cf5
3cf2
3cf0
3cee
3ceb
3ce9
3ce7
3ce4
3ce2
3ce0
3cdd
3cdb
3cd9
3cd6
3cd4
3cd2
3ccf
3ccd
3ccb
3cc8
3cc6
3cc4
3cc1
3cbf
3cbd
3cba
3cb8
3cb6
3cb3
3cb1
3caf
3cac
3caa
3ca8
3ca6
3ca3
3ca1
3c9f
3c9c
3c9a
3c98
3c95
3c93
3c91
3c8e
3c8c
3c8a
3c88
3c85
3c83
3c81
3c7e
3c7c
3c7a
3c77
3c75
3c73
3c71
3c6e
3c6c
3c6a
3c67
3c65
3c63
3c60
3c5e
3c5c
3c5a
3c57
3c55
3c53
3c50
3c4e
3c4c
3c4a
3c47
3c45
3c43
3c41
3c3e
3c3c
3c3a
3c37
3c35
3c33
3c31
3c2e
3c2c
3c2a
3c28
3c25
3c23
3c21
3c1f
3c1c
3c1a
3c18
3c16
3c13
3c11
3c0f
3c0d
3c0a
3c08
3c06
3c04
3c01
3bff
3bfd
3bfb
3bf8
3bf6
3bf4
3bf2
3bef
3bed
3beb
3be9
3be6
3be4
3be2
3be0
3bdd
3bdb
3bd9
3bd7
3bd5
3bd2
3bd0
3bce
3bcc
3bc9
3bc7
3bc5
3bc3
3bc1
3bbe
3bbc
3bba
3bb8
3bb6
3bb3
3bb1
3baf
3bad
3baa
3ba8
3ba6
3ba4
3ba2
3b9f
3b9d
3b9b
3b99
3b97
3b94
3b92
3b90
3b8e
3b8c
3b8a
3b87
3b85
3b83
3b81
3b7f
3b7c
3b7a
3b78
3b76
3b74
3b72
3b6f
3b6d
3b6b
3b69
3b67
3b65
3b62
3b60
3b5e
3b5c
3b5a
3b58
3b55
3b53
3b51
3b4f
3b4d
3b4b
3b48
3b46
3b44
3b42
3b40
3b3e
3b3c
3b39
3b37
3b35
3b33
3b31
3b2f
3b2d
3b2a
3b28
3b26
3b24
3b22
3b20
3b1e
3b1c
3b19
3b17
3b15
3b13
3b11
3b0f
3b0d
3b0b
3b08
3b06
3b04
3b02
3b00
3afe
3afc
3afa
3af8
3af5
3af3
3af1
3aef
3aed
3aeb
3ae9
3ae7
3ae5
3ae3
3ae1
3ade
3adc
3ada
3ad8
3ad6
3ad4
3ad2
3ad0
3ace
3acc
3aca
3ac8
3ac5
3ac3
3ac1
3abf
3abd
3abb
3ab9
3ab7
3ab5
3ab3
3ab1
3aaf
3aad
3aab
3aa9
3aa7
3aa5
3aa2
3aa0
3a9e
3a9c
3a9a
3a98
3a96
3a94
3a92
3a90
3a8e
3a8c
3a8a
3a88
3a86
3a84
3a82
3a80
3a7e
3a7c
3a7a
3a78
3a76
3a74
3a72
3a70
3a6e
3a6c
3a6a
3a68
3a66
3a64
3a62
3a60
3a5e
3a5c
3a5a
3a58
3a56
3a54
3a52
3a50
3a4e
3a4c
3a4a
3a48
3a46
3a44
3a42
3a40
3a3e
3a3c
3a3a
3a38
3a36
3a34
3a32
3a30
3a2e
3a2c
3a2a
3a28
3a26
3a24
3a22
3a20
3a1e
3a1c
3a1a
3a19
3a17
3a15
3a13
3a11
3a0f
3a0d
3a0b
3a09
3a07
3a05
3a03
3a01
39ff
39fd
39fb
39fa
39f8
39f6
39f4
39f2
39f0
39ee
39ec
39ea
39e8
39e6
39e5
39e3
39e1
39df
39dd
39db
39d9
39d7
39d5
39d3
39d2
39d0
39ce
39cc
39ca
39c8
39c6
39c4
39c2
39c1
39bf
39bd
39bb
39b9
39b7
39b5
39b4
39b2
39b0
39ae
39ac
39aa
39a8
39a6
39a5
39a3
39a1
399f
399d
399b
399a
3998
3996
3994
3992
3990
398f
398d
398b
3989
3987
3985
3984
3982
3980
397e
397c
397b
3979
3977
3975
3973
3971
3970
396e
396c
396a
3968
3967
3965
3963
3961
3960
395e
395c
395a
3958
3957
3955
3953
3951
394f
394e
394c
394a
3948
3947
3945
3943
3941
3940
393e
393c
393a
3939
3937
3935
3933
3932
3930
392e
392c
392b
3929
3927
3925
3924
3922
3920
391f
391d
391b
3919
3918
3916
3914
3913
3911
390f
390d
390c
390a
3908
3907
3905
3903
3902
3900
38fe
38fc
38fb
38f9
38f7
38f6
38f4
38f2
38f1
38ef
38ed
38ec
38ea
38e8
38e7
38e5
38e3
38e2
38e0
38de
38dd
38db
38d9
38d8
38d6
38d5
38d3
38d1
38d0
38ce
38cc
38cb
38c9
38c7
38c6
38c4
38c3
38c1
38bf
38be
38bc
38ba
38b9
38b7
38b6
38b4
38b2
38b1
38af
38ae
38ac
38aa
38a9
38a7
38a6
38a4
38a3
38a1
389f
389e
389c
389b
3899
3897
3896
3894
3893
3891
3890
388e
388d
388b
3889
3888
3886
3885
3883
3882
3880
387f
387d
387c
387a
3878
3877
3875
3874
3872
3871
386f
386e
386c
386b
3869
3868
3866
3865
3863
3862
3860
385f
385d
385c
385a
3859
3857
3856
3854
3853
3851
3850
384e
384d
384b
384a
3848
3847
3845
3844
3843
3841
3840
383e
383d
383b
383a
3838
3837
3835
3834
3833
3831
3830
382e
382d
382b
382a
3829
3827
3826
3824
3823
3821
3820
381f
381d
381c
381a
3819
3818
3816
3815
3813
3812
3811
380f
380e
380c
380b
380a
3808
3807
3806
3804
3803
3801
3800
37ff
37fd
37fc
37fb
37f9
37f8
37f7
37f5
37f4
37f3
37f1
37f0
37ef
37ed
37ec
37eb
37e9
37e8
37e7
37e5
37e4
37e3
37e1
37e0
37df
37dd
37dc
37db
37d9
37d8
37d7
37d6
37d4
37d3
37d2
37d0
37cf
37ce
37cc
37cb
37ca
37c9
37c7
37c6
37c5
37c4
37c2
37c1
37c0
37be
37bd
37bc
37bb
37b9
37b8
37b7
37b6
37b4
37b3
37b2
37b1
37b0
37ae
37ad
37ac
37ab
37a9
37a8
37a7
37a6
37a4
37a3
37a2
37a1
37a0
379e
379d
379c
379b
379a
3798
3797
3796
3795
3794
3792
3791
3790
378f
378e
378d
378b
378a
3789
3788
3787
3786
3784
3783
3782
3781
3780
377f
377e
377c
377b
377a
3779
3778
3777
3776
3774
3773
3772
3771
3770
376f
376e
376d
376c
376a
3769
3768
3767
3766
3765
3764
3763
3762
3761
3760
375e
375d
375c
375b
375a
3759
3758
3757
3756
3755
3754
3753
3752
3751
3750
374e
374d
374c
374b
374a
3749
3748
3747
3746
3745
3744
3743
3742
3741
3740
373f
373e
373d
373c
373b
373a
3739
3738
3737
3736
3735
3734
3733
3732
3731
3730
372f
372e
372d
372c
372b
372a
3729
3728
3727
3726
3725
3724
3724
3723
3722
3721
3720
371f
371e
371d
371c
371b
371a
3719
3718
3717
3716
3716
3715
3714
3713
3712
3711
3710
370f
370e
370d
370d
370c
370b
370a
3709
3708
3707
3706
3705
3705
3704
3703
3702
3701
3700
36ff
36ff
36fe
36fd
36fc
36fb
36fa
36f9
36f9
36f8
36f7
36f6
36f5
36f4
36f4
36f3
36f2
36f1
36f0
36f0
36ef
36ee
36ed
36ec
36eb
36eb
36ea
36e9
36e8
36e8
36e7
36e6
36e5
36e4
36e4
36e3
36e2
36e1
36e1
36e0
36df
36de
36dd
36dd
36dc
36db
36da
36da
36d9
36d8
36d7
36d7
36d6
36d5
36d5
36d4
36d3
36d2
36d2
36d1
36d0
36cf
36cf
36ce
36cd
36cd
36cc
36cb
36cb
36ca
36c9
36c8
36c8
36c7
36c6
36c6
36c5
36c4
36c4
36c3
36c2
36c2
36c1
36c0
36c0
36bf
36be
36be
36bd
36bc
36bc
36bb
36ba
36ba
36b9
36b9
36b8
36b7
36b7
36b6
36b5
36b5
36b4
36b4
36b3
36b2
36b2
36b1
36b1
36b0
36af
36af
36ae
36ae
36ad
36ac
36ac
36ab
36ab
36aa
36aa
36a9
36a8
36a8
36a7
36a7
36a6
36a6
36a5
36a4
36a4
36a3
36a3
36a2
36a2
36a1
36a1
36a0
36a0
369f
369f
369e
369e
369d
369c
369c
369b
369b
369a
369a
3699
3699
3698
3698
3697
3697
3696
3696
3696
3695
3695
3694
3694
3693
3693
3692
3692
3691
3691
3690
3690
368f
368f
368f
368e
368e
368d
368d
368c
368c
368c
368b
368b
368a
368a
3689
3689
3689
3688
3688
3687
3687
3687
3686
3686
3685
3685
3685
3684
3684
3684
3683
3683
3682
3682
3682
3681
3681
3681
3680
3680
3680
367f
367f
367e
367e
367e
367d
367d
367d
367c
367c
367c
367b
367b
367b
367b
367a
367a
367a
3679
3679
3679
3678
3678
3678
3678
3677
3677
3677
3676
3676
3676
3676
3675
3675
3675
3675
3674
3674
3674
3673
3673
3673
3673
3672
3672
3672
3672
3672
3671
3671
3671
3671
3670
3670
3670
3670
3670
366f
366f
366f
366f
366f
366e
366e
366e
366e
366e
366d
366d
366d
366d
366d
366d
366c
366c
366c
366c
366c
366c
366b
366b
366b
366b
366b
366b
366b
366a
366a
366a
366a
366a
366a
366a
366a
3669
3669
3669
3669
3669
3669
3669
3669
3669
3668
3668
3668
3668
3668
3668
3668
3668
3668
3668
3668
3668
3668
3667
3667
3667
3667
3667
3667
3667
3667
3667
3667
3667
3667
3667
3667
3667
3667
3667
3667
3667
3667
3667
3667
3667
3667
3667
3667
3667
3667
3667
3667
3667
3667
3667
3667
3667
3667
3667
3667
3667
3667
3667
3667
3667
3667
3667
3667
3667
3667
3667
3667
3668
3668
3668
3668
3668
3668
3668
3668
3668
3668
3668
3668
3668
3669
3669
3669
3669
3669
3669
3669
3669
3669
366a
366a
366a
366a
366a
366a
366a
366a
366b
366b
366b
366b
366b
366b
366b
366c
366c
366c
366c
366c
366c
366d
366d
366d
366d
366d
366d
366e
366e
366e
366e
366e
366f
366f
366f
366f
366f
3670
3670
3670
3670
3670
3671
3671
3671
3671
3672
3672
3672
3672
3672
3673
3673
3673
3673
3674
3674
3674
3675
3675
3675
3675
3676
3676
3676
3676
3677
3677
3677
3678
3678
3678
3678
3679
3679
3679
367a
367a
367a
367b
367b
367b
367b
367c
367c
367c
367d
367d
367d
367e
367e
367e
367f
367f
3680
3680
3680
3681
3681
3681
3682
3682
3682
3683
3683
3684
3684
3684
3685
3685
3685
3686
3686
3687
3687
3687
3688
3688
3689
3689
3689
368a
368a
368b
368b
368c
368c
368c
368d
368d
368e
368e
368f
368f
368f
3690
3690
3691
3691
3692
3692
3693
3693
3694
3694
3695
3695
3696
3696
3696
3697
3697
3698
3698
3699
3699
369a
369a
369b
369b
369c
369c
369d
369e
369e
369f
369f
36a0
36a0
36a1
36a1
36a2
36a2
36a3
36a3
36a4
36a4
36a5
36a6
36a6
36a7
36a7
36a8
36a8
36a9
36aa
36aa
36ab
36ab
36ac
36ac
36ad
36ae
36ae
36af
36af
36b0
36b1
36b1
36b2
36b2
36b3
36b4
36b4
36b5
36b5
36b6
36b7
36b7
36b8
36b9
36b9
36ba
36ba
36bb
36bc
36bc
36bd
36be
36be
36bf
36c0
36c0
36c1
36c2
36c2
36c3
36c4
36c4
36c5
36c6
36c6
36c7
36c8
36c8
36c9
36ca
36cb
36cb
36cc
36cd
36cd
36ce
36cf
36cf
36d0
36d1
36d2
36d2
36d3
36d4
36d5
36d5
36d6
36d7
36d7
36d8
36d9
36da
36da
36db
36dc
36dd
36dd
36de
36df
36e0
36e1
36e1
36e2
36e3
36e4
36e4
36e5
36e6
36e7
36e8
36e8
36e9
36ea
36eb
36eb
36ec
36ed
36ee
36ef
36f0
36f0
36f1
36f2
36f3
36f4
36f4
36f5
36f6
36f7
36f8
36f9
36f9
36fa
36fb
36fc
36fd
36fe
36ff
36ff
3700
3701
3702
3703
3704
3705
3705
3706
3707
3708
3709
370a
370b
370c
370d
370d
370e
370f
3710
3711
3712
3713
3714
3715
3716
3716
3717
3718
3719
371a
371b
371c
371d
371e
371f
3720
3721
3722
3723
3724
3724
3725
3726
3727
3728
3729
372a
372b
372c
372d
372e
372f
3730
3731
3732
3733
3734
3735
3736
3737
3738
3739
373a
373b
373c
373d
373e
373f
3740
3741
3742
3743
3744
3745
3746
3747
3748
3749
374a
374b
374c
374d
374e
3750
3751
3752
3753
3754
3755
3756
3757
3758
3759
375a
375b
375c
375d
375e
3760
3761
3762
3763
3764
3765
3766
3767
3768
3769
376a
376c
376d
376e
376f
3770
3771
3772
3773
3774
3776
3777
3778
3779
377a
377b
377c
377e
377f
3780
3781
3782
3783
3784
3786
3787
3788
3789
378a
378b
378d
378e
378f
3790
3791
3792
3794
3795
3796
3797
3798
379a
379b
379c
379d
379e
37a0
37a1
37a2
37a3
37a4
37a6
37a7
37a8
37a9
37ab
37ac
37ad
37ae
37b0
37b1
37b2
37b3
37b4
37b6
37b7
37b8
37b9
37bb
37bc
37bd
37be
37c0
37c1
37c2
37c4
37c5
37c6
37c7
37c9
37ca
37cb
37cc
37ce
37cf
37d0
37d2
37d3
37d4
37d6
37d7
37d8
37d9
37db
37dc
37dd
37df
37e0
37e1
37e3
37e4
37e5
37e7
37e8
37e9
37eb
37ec
37ed
37ef
37f0
37f1
37f3
37f4
37f5
37f7
37f8
37f9
37fb
37fc
37fd
37ff
3800
3801
3803
3804
3806
3807
3808
380a
380b
380c
380e
380f
3811
3812
3813
3815
3816
3818
3819
381a
381c
381d
381f
3820
3821
3823
3824
3826
3827
3829
382a
382b
382d
382e
3830
3831
3833
3834
3835
3837
3838
383a
383b
383d
383e
3840
3841
3843
3844
3845
3847
3848
384a
384b
384d
384e
3850
3851
3853
3854
3856
3857
3859
385a
385c
385d
385f
3860
3862
3863
3865
3866
3868
3869
386b
386c
386e
386f
3871
3872
3874
3875
3877
3878
387a
387c
387d
387f
3880
3882
3883
3885
3886
3888
3889
388b
388d
388e
3890
3891
3893
3894
3896
3897
3899
389b
389c
389e
389f
38a1
38a3
38a4
38a6
38a7
38a9
38aa
38ac
38ae
38af
38b1
38b2
38b4
38b6
38b7
38b9
38ba
38bc
38be
38bf
38c1
38c3
38c4
38c6
38c7
38c9
38cb
38cc
38ce
38d0
38d1
38d3
38d5
38d6
38d8
38d9
38db
38dd
38de
38e0
38e2
38e3
38e5
38e7
38e8
38ea
38ec
38ed
38ef
38f1
38f2
38f4
38f6
38f7
38f9
38fb
38fc
38fe
3900
3902
3903
3905
3907
3908
390a
390c
390d
390f
3911
3913
3914
3916
3918
3919
391b
391d
391f
3920
3922
3924
3925
3927
3929
392b
392c
392e
3930
3932
3933
3935
3937
3939
393a
393c
393e
3940
3941
3943
3945
3947
3948
394a
394c
394e
394f
3951
3953
3955
3957
3958
395a
395c
395e
3960
3961
3963
3965
3967
3968
396a
396c
396e
3970
3971
3973
3975
3977
3979
397b
397c
397e
3980
3982
3984
3985
3987
3989
398b
398d
398f
3990
3992
3994
3996
3998
399a
399b
399d
399f
39a1
39a3
39a5
39a6
39a8
39aa
39ac
39ae
39b0
39b2
39b4
39b5
39b7
39b9
39bb
39bd
39bf
39c1
39c2
39c4
39c6
39c8
39ca
39cc
39ce
39d0
39d2
39d3
39d5
39d7
39d9
39db
39dd
39df
39e1
39e3
39e5
39e6
39e8
39ea
39ec
39ee
39f0
39f2
39f4
39f6
39f8
39fa
39fb
39fd
39ff
3a01
3a03
3a05
3a07
3a09
3a0b
3a0d
3a0f
3a11
3a13
3a15
3a17
3a19
3a1a
3a1c
3a1e
3a20
3a22
3a24
3a26
3a28
3a2a
3a2c
3a2e
3a30
3a32
3a34
3a36
3a38
3a3a
3a3c
3a3e
3a40
3a42
3a44
3a46
3a48
3a4a
3a4c
3a4e
3a50
3a52
3a54
3a56
3a58
3a5a
3a5c
3a5e
3a60
3a62
3a64
3a66
3a68
3a6a
3a6c
3a6e
3a70
3a72
3a74
3a76
3a78
3a7a
3a7c
3a7e
3a80
3a82
3a84
3a86
3a88
3a8a
3a8c
3a8e
3a90
3a92
3a94
3a96
3a98
3a9a
3a9c
3a9e
3aa0
3aa2
3aa5
3aa7
3aa9
3aab
3aad
3aaf
3ab1
3ab3
3ab5
3ab7
3ab9
3abb
3abd
3abf
3ac1
3ac3
3ac5
3ac8
3aca
3acc
3ace
3ad0
3ad2
3ad4
3ad6
3ad8
3ada
3adc
3ade
3ae1
3ae3
3ae5
3ae7
3ae9
3aeb
3aed
3aef
3af1
3af3
3af5
3af8
3afa
3afc
3afe
3b00
3b02
3b04
3b06
3b08
3b0b
3b0d
3b0f
3b11
3b13
3b15
3b17
3b19
3b1c
3b1e
3b20
3b22
3b24
3b26
3b28
3b2a
3b2d
3b2f
3b31
3b33
3b35
3b37
3b39
3b3c
3b3e
3b40
3b42
3b44
3b46
3b48
3b4b
3b4d
3b4f
3b51
3b53
3b55
3b58
3b5a
3b5c
3b5e
3b60
3b62
3b65
3b67
3b69
3b6b
3b6d
3b6f
3b72
3b74
3b76
3b78
3b7a
3b7c
3b7f
3b81
3b83
3b85
3b87
3b8a
3b8c
3b8e
3b90
3b92
3b94
3b97
3b99
3b9b
3b9d
3b9f
3ba2
3ba4
3ba6
3ba8
3baa
3bad
3baf
3bb1
3bb3
3bb6
3bb8
3bba
3bbc
3bbe
3bc1
3bc3
3bc5
3bc7
3bc9
3bcc
3bce
3bd0
3bd2
3bd5
3bd7
3bd9
3bdb
3bdd
3be0
3be2
3be4
3be6
3be9
3beb
3bed
3bef
3bf2
3bf4
3bf6
3bf8
3bfb
3bfd
3bff
3c01
3c04
3c06
3c08
3c0a
3c0d
3c0f
3c11
3c13
3c16
3c18
3c1a
3c1c
3c1f
3c21
3c23
3c25
3c28
3c2a
3c2c
3c2e
3c31
3c33
3c35
3c37
3c3a
3c3c
3c3e
3c41
3c43
3c45
3c47
3c4a
3c4c
3c4e
3c50
3c53
3c55
3c57
3c5a
3c5c
3c5e
3c60
3c63
3c65
3c67
3c6a
3c6c
3c6e
3c71
3c73
3c75
3c77
3c7a
3c7c
3c7e
3c81
3c83
3c85
3c88
3c8a
3c8c
3c8e
3c91
3c93
3c95
3c98
3c9a
3c9c
3c9f
3ca1
3ca3
3ca6
3ca8
3caa
3cac
3caf
3cb1
3cb3
3cb6
3cb8
3cba
3cbd
3cbf
3cc1
3cc4
3cc6
3cc8
3ccb
3ccd
3ccf
3cd2
3cd4
3cd6
3cd9
3cdb
3cdd
3ce0
3ce2
3ce4
3ce7
3ce9
3ceb
3cee
3cf0
3cf2
3cf5
3cf7
3cf9
3cfc
3cfe
3d00
3d03
3d05
3d07
3d0a
3d0c
3d0f
3d11
3d13
3d16
3d18
3d1a
3d1d
3d1f
3d21
3d24
3d26
3d28
3d2b
3d2d
3d30
3d32
3d34
3d37
3d39
3d3b
3d3e
3d40
3d42
3d45
3d47
3d4a
3d4c
3d4e
3d51
3d53
3d55
3d58
3d5a
3d5d
3d5f
3d61
3d64
3d66
3d68
3d6b
3d6d
3d70
3d72
3d74
3d77
3d79
3d7b
3d7e
3d80
3d83
3d85
3d87
3d8a
3d8c
3d8f
3d91
3d93
3d96
3d98
3d9b
3d9d
3d9f
3da2
3da4
3da6
3da9
3dab
3dae
3db0
3db2
3db5
3db7
3dba
3dbc
3dbe
3dc1
3dc3
3dc6
3dc8
3dca
3dcd
3dcf
3dd2
3dd4
3dd6
3dd9
3ddb
3dde
3de0
3de3
3de5
3de7
3dea
3dec
3def
3df1
3df3
3df6
3df8
3dfb
3dfd
3dff
3e02
3e04
3e07
3e09
3e0c
3e0e
3e10
3e13
3e15
3e18
3e1a
3e1d
3e1f
3e21
3e24
3e26
3e29
3e2b
3e2d
3e30
3e32
3e35
3e37
3e3a
3e3c
3e3e
3e41
3e43
3e46
3e48
3e4b
3e4d
3e4f
3e52
3e54
3e57
3e59
3e5c
3e5e
3e61
3e63
3e65
3e68
3e6a
3e6d
3e6f
3e72
3e74
3e76
3e79
3e7b
3e7e
3e80
3e83
3e85
3e88
3e8a
3e8c
3e8f
3e91
3e94
3e96
3e99
3e9b
3e9e
3ea0
3ea2
3ea5
3ea7
3eaa
3eac
3eaf
3eb1
3eb4
3eb6
3eb8
3ebb
3ebd
3ec0
3ec2
3ec5
3ec7
3eca
3ecc
3ece
3ed1
3ed3
3ed6
3ed8
3edb
3edd
3ee0
3ee2
3ee5
3ee7
3ee9
3eec
3eee
3ef1
3ef3
3ef6
3ef8
3efb
3efd
3f00
3f02
3f04
3f07
3f09
3f0c
3f0e
3f11
3f13
3f16
3f18
3f1b
3f1d
3f20
3f22
3f24
3f27
3f29
3f2c
3f2e
3f31
3f33
3f36
3f38
3f3b
3f3d
3f40
3f42
3f44
3f47
3f49
3f4c
3f4e
3f51
3f53
3f56
3f58
3f5b
3f5d
3f60
3f62
3f64
3f67
3f69
3f6c
3f6e
3f71
3f73
3f76
3f78
3f7b
3f7d
3f80
3f82
3f85
3f87
3f89
3f8c
3f8e
3f91
3f93
3f96
3f98
3f9b
3f9d
3fa0
3fa2
3fa5
3fa7
3faa
3fac
3fae
3fb1
3fb3
3fb6
3fb8
3fbb
3fbd
3fc0
3fc2
3fc5
3fc7
3fca
3fcc
3fcf
3fd1
3fd4
3fd6
3fd8
3fdb
3fdd
3fe0
3fe2
3fe5
3fe7
3fea
3fec
3fef
3ff1
3ff4
3ff6
3ff9
3ffb
3ffe
0000
0002
0005
0007
000a
000c
000f
0011
0014
0016
0019
001b
001e
0020
0023
0025
0028
002a
002c
002f
0031
0034
0036
0039
003b
003e
0040
0043
0045
0048
004a
004d
004f
0052
0054
0056
0059
005b
005e
0060
0063
0065
0068
006a
006d
006f
0072
0074
0077
0079
007b
007e
0080
0083
0085
0088
008a
008d
008f
0092
0094
0097
0099
009c
009e
00a0
00a3
00a5
00a8
00aa
00ad
00af
00b2
00b4
00b7
00b9
00bc
00be
00c0
00c3
00c5
00c8
00ca
00cd
00cf
00d2
00d4
00d7
00d9
00dc
00de
00e0
00e3
00e5
00e8
00ea
00ed
00ef
00f2
00f4
00f7
00f9
00fc
00fe
0100
0103
0105
0108
010a
010d
010f
0112
0114
0117
0119
011b
011e
0120
0123
0125
0128
012a
012d
012f
0132
0134
0136
0139
013b
013e
0140
0143
0145
0148
014a
014c
014f
0151
0154
0156
0159
015b
015e
0160
0162
0165
0167
016a
016c
016f
0171
0174
0176
0178
017b
017d
0180
0182
0185
0187
018a
018c
018e
0191
0193
0196
0198
019b
019d
019f
01a2
01a4
01a7
01a9
01ac
01ae
01b1
01b3
01b5
01b8
01ba
01bd
01bf
01c2
01c4
01c6
01c9
01cb
01ce
01d0
01d3
01d5
01d7
01da
01dc
01df
01e1
01e3
01e6
01e8
01eb
01ed
01f0
01f2
01f4
01f7
01f9
01fc
01fe
0201
0203
0205
0208
020a
020d
020f
0211
0214
0216
0219
021b
021d
0220
0222
0225
0227
022a
022c
022e
0231
0233
0236
0238
023a
023d
023f
0242
0244
0246
0249
024b
024e
0250
0252
0255
0257
025a
025c
025e
0261
0263
0265
0268
026a
026d
026f
0271
0274
0276
0279
027b
027d
0280
0282
0285
0287
0289
028c
028e
0290
0293
0295
0298
029a
029c
029f
02a1
02a3
02a6
02a8
02ab
02ad
02af
02b2
02b4
02b6
02b9
02bb
02be
02c0
02c2
02c5
02c7
02c9
02cc
02ce
02d0
02d3
02d5
02d8
02da
02dc
02df
02e1
02e3
02e6
02e8
02ea
02ed
02ef
02f1
02f4
02f6
02f9
02fb
02fd
0300
0302
0304
0307
0309
030b
030e
0310
0312
0315
0317
0319
031c
031e
0320
0323
0325
0327
032a
032c
032e
0331
0333
0335
0338
033a
033c
033f
0341
0343
0346
0348
034a
034d
034f
0351
0354
0356
0358
035a
035d
035f
0361
0364
0366
0368
036b
036d
036f
0372
0374
0376
0378
037b
037d
037f
0382
0384
0386
0389
038b
038d
038f
0392
0394
0396
0399
039b
039d
03a0
03a2
03a4
03a6
03a9
03ab
03ad
03b0
03b2
03b4
03b6
03b9
03bb
03bd
03bf
03c2
03c4
03c6
03c9
03cb
03cd
03cf
03d2
03d4
03d6
03d8
03db
03dd
03df
03e1
03e4
03e6
03e8
03ea
03ed
03ef
03f1
03f3
03f6
03f8
03fa
03fc
03ff
0401
0403
0405
0408
040a
040c
040e
0411
0413
0415
0417
041a
041c
041e
0420
0423
0425
0427
0429
042b
042e
0430
0432
0434
0437
0439
043b
043d
043f
0442
0444
0446
0448
044a
044d
044f
0451
0453
0456
0458
045a
045c
045e
0461
0463
0465
0467
0469
046c
046e
0470
0472
0474
0476
0479
047b
047d
047f
0481
0484
0486
0488
048a
048c
048e
0491
0493
0495
0497
0499
049b
049e
04a0
04a2
04a4
04a6
04a8
04ab
04ad
04af
04b1
04b3
04b5
04b8
04ba
04bc
04be
04c0
04c2
04c4
04c7
04c9
04cb
04cd
04cf
04d1
04d3
04d6
04d8
04da
04dc
04de
04e0
04e2
04e4
04e7
04e9
04eb
04ed
04ef
04f1
04f3
04f5
04f8
04fa
04fc
04fe
0500
0502
0504
0506
0508
050b
050d
050f
0511
0513
0515
0517
0519
051b
051d
051f
0522
0524
0526
0528
052a
052c
052e
0530
0532
0534
0536
0538
053b
053d
053f
0541
0543
0545
0547
0549
054b
054d
054f
0551
0553
0555
0557
0559
055b
055e
0560
0562
0564
0566
0568
056a
056c
056e
0570
0572
0574
0576
0578
057a
057c
057e
0580
0582
0584
0586
0588
058a
058c
058e
0590
0592
0594
0596
0598
059a
059c
059e
05a0
05a2
05a4
05a6
05a8
05aa
05ac
05ae
05b0
05b2
05b4
05b6
05b8
05ba
05bc
05be
05c0
05c2
05c4
05c6
05c8
05ca
05cc
05ce
05d0
05d2
05d4
05d6
05d8
05da
05dc
05de
05e0
05e2
05e4
05e6
05e7
05e9
05eb
05ed
05ef
05f1
05f3
05f5
05f7
05f9
05fb
05fd
05ff
0601
0603
0605
0606
0608
060a
060c
060e
0610
0612
0614
0616
0618
061a
061b
061d
061f
0621
0623
0625
0627
0629
062b
062d
062e
0630
0632
0634
0636
0638
063a
063c
063e
063f
0641
0643
0645
0647
0649
064b
064c
064e
0650
0652
0654
0656
0658
065a
065b
065d
065f
0661
0663
0665
0666
0668
066a
066c
066e
0670
0671
0673
0675
0677
0679
067b
067c
067e
0680
0682
0684
0685
0687
0689
068b
068d
068f
0690
0692
0694
0696
0698
0699
069b
069d
069f
06a0
06a2
06a4
06a6
06a8
06a9
06ab
06ad
06af
06b1
06b2
06b4
06b6
06b8
06b9
06bb
06bd
06bf
06c0
06c2
06c4
06c6
06c7
06c9
06cb
06cd
06ce
06d0
06d2
06d4
06d5
06d7
06d9
06db
06dc
06de
06e0
06e1
06e3
06e5
06e7
06e8
06ea
06ec
06ed
06ef
06f1
06f3
06f4
06f6
06f8
06f9
06fb
06fd
06fe
0700
0702
0704
0705
0707
0709
070a
070c
070e
070f
0711
0713
0714
0716
0718
0719
071b
071d
071e
0720
0722
0723
0725
0727
0728
072a
072b
072d
072f
0730
0732
0734
0735
0737
0739
073a
073c
073d
073f
0741
0742
0744
0746
0747
0749
074a
074c
074e
074f
0751
0752
0754
0756
0757
0759
075a
075c
075d
075f
0761
0762
0764
0765
0767
0769
076a
076c
076d
076f
0770
0772
0773
0775
0777
0778
077a
077b
077d
077e
0780
0781
0783
0784
0786
0788
0789
078b
078c
078e
078f
0791
0792
0794
0795
0797
0798
079a
079b
079d
079e
07a0
07a1
07a3
07a4
07a6
07a7
07a9
07aa
07ac
07ad
07af
07b0
07b2
07b3
07b5
07b6
07b8
07b9
07bb
07bc
07bd
07bf
07c0
07c2
07c3
07c5
07c6
07c8
07c9
07cb
07cc
07cd
07cf
07d0
07d2
07d3
07d5
07d6
07d7
07d9
07da
07dc
07dd
07df
07e0
07e1
07e3
07e4
07e6
07e7
07e8
07ea
07eb
07ed
07ee
07ef
07f1
07f2
07f4
07f5
07f6
07f8
07f9
07fa
07fc
07fd
07ff
0800
0801
0803
0804
0805
0807
0808
0809
080b
080c
080d
080f
0810
0811
0813
0814
0815
0817
0818
0819
081b
081c
081d
081f
0820
0821
0823
0824
0825
0827
0828
0829
082a
082c
082d
082e
0830
0831
0832
0834
0835
0836
0837
0839
083a
083b
083c
083e
083f
0840
0842
0843
0844
0845
0847
0848
0849
084a
084c
084d
084e
084f
0850
0852
0853
0854
0855
0857
0858
0859
085a
085c
085d
085e
085f
0860
0862
0863
0864
0865
0866
0868
0869
086a
086b
086c
086e
086f
0870
0871
0872
0873
0875
0876
0877
0878
0879
087a
087c
087d
087e
087f
0880
0881
0882
0884
0885
0886
0887
0888
0889
088a
088c
088d
088e
088f
0890
0891
0892
0893
0894
0896
0897
0898
0899
089a
089b
089c
089d
089e
089f
08a0
08a2
08a3
08a4
08a5
08a6
08a7
08a8
08a9
08aa
08ab
08ac
08ad
08ae
08af
08b0
08b2
08b3
08b4
08b5
08b6
08b7
08b8
08b9
08ba
08bb
08bc
08bd
08be
08bf
08c0
08c1
08c2
08c3
08c4
08c5
08c6
08c7
08c8
08c9
08ca
08cb
08cc
08cd
08ce
08cf
08d0
08d1
08d2
08d3
08d4
08d5
08d6
08d7
08d8
08d9
08da
08db
08dc
08dc
08dd
08de
08df
08e0
08e1
08e2
08e3
08e4
08e5
08e6
08e7
08e8
08e9
08ea
08ea
08eb
08ec
08ed
08ee
08ef
08f0
08f1
08f2
08f3
08f3
08f4
08f5
08f6
08f7
08f8
08f9
08fa
08fb
08fb
08fc
08fd
08fe
08ff
0900
0901
0901
0902
0903
0904
0905
0906
0907
0907
0908
0909
090a
090b
090c
090c
090d
090e
090f
0910
0910
0911
0912
0913
0914
0915
0915
0916
0917
0918
0918
0919
091a
091b
091c
091c
091d
091e
091f
091f
0920
0921
0922
0923
0923
0924
0925
0926
0926
0927
0928
0929
0929
092a
092b
092b
092c
092d
092e
092e
092f
0930
0931
0931
0932
0933
0933
0934
0935
0935
0936
0937
0938
0938
0939
093a
093a
093b
093c
093c
093d
093e
093e
093f
0940
0940
0941
0942
0942
0943
0944
0944
0945
0946
0946
0947
0947
0948
0949
0949
094a
094b
094b
094c
094c
094d
094e
094e
094f
094f
0950
0951
0951
0952
0952
0953
0954
0954
0955
0955
0956
0956
0957
0958
0958
0959
0959
095a
095a
095b
095c
095c
095d
095d
095e
095e
095f
095f
0960
0960
0961
0961
0962
0962
0963
0964
0964
0965
0965
0966
0966
0967
0967
0968
0968
0969
0969
096a
096a
096a
096b
096b
096c
096c
096d
096d
096e
096e
096f
096f
0970
0970
0971
0971
0971
0972
0972
0973
0973
0974
0974
0974
0975
0975
0976
0976
0977
0977
0977
0978
0978
0979
0979
0979
097a
097a
097b
097b
097b
097c
097c
097c
097d
097d
097e
097e
097e
097f
097f
097f
0980
0980
0980
0981
0981
0982
0982
0982
0983
0983
0983
0984
0984
0984
0985
0985
0985
0985
0986
0986
0986
0987
0987
0987
0988
0988
0988
0988
0989
0989
0989
098a
098a
098a
098a
098b
098b
098b
098b
098c
098c
098c
098d
098d
098d
098d
098e
098e
098e
098e
098e
098f
098f
098f
098f
0990
0990
0990
0990
0990
0991
0991
0991
0991
0991
0992
0992
0992
0992
0992
0993
0993
0993
0993
0993
0993
0994
0994
0994
0994
0994
0994
0995
0995
0995
0995
0995
0995
0995
0996
0996
0996
0996
0996
0996
0996
0996
0997
0997
0997
0997
0997
0997
0997
0997
0997
0998
0998
0998
0998
0998
0998
0998
0998
0998
0998
0998
0998
0998
0999
0999
0999
0999
0999
0999
0999
0999
0999
0999
0999
0999
0999
0999
0999
0999
0999
0999
0999
0999
0999
0999
0999
0999
0999
0999
0999
0999
0999
0999
0999
0999
0999
0999
0999
0999
0999
0999
0999
0999
0999
0999
0999
0999
0999
0999
0999
0999
0999
0999
0998
0998
0998
0998
0998
0998
0998
0998
0998
0998
0998
0998
0998
0997
0997
0997
0997
0997
0997
0997
0997
0997
0996
0996
0996
0996
0996
0996
0996
0996
0995
0995
0995
0995
0995
0995
0995
0994
0994
0994
0994
0994
0994
0993
0993
0993
0993
0993
0993
0992
0992
0992
0992
0992
0991
0991
0991
0991
0991
0990
0990
0990
0990
0990
098f
098f
098f
098f
098e
098e
098e
098e
098e
098d
098d
098d
098d
098c
098c
098c
098b
098b
098b
098b
098a
098a
098a
098a
0989
0989
0989
0988
0988
0988
0988
0987
0987
0987
0986
0986
0986
0985
0985
0985
0985
0984
0984
0984
0983
0983
0983
0982
0982
0982
0981
0981
0980
0980
0980
097f
097f
097f
097e
097e
097e
097d
097d
097c
097c
097c
097b
097b
097b
097a
097a
0979
0979
0979
0978
0978
0977
0977
0977
0976
0976
0975
0975
0974
0974
0974
0973
0973
0972
0972
0971
0971
0971
0970
0970
096f
096f
096e
096e
096d
096d
096c
096c
096b
096b
096a
096a
096a
0969
0969
0968
0968
0967
0967
0966
0966
0965
0965
0964
0964
0963
0962
0962
0961
0961
0960
0960
095f
095f
095e
095e
095d
095d
095c
095c
095b
095a
095a
0959
0959
0958
0958
0957
0956
0956
0955
0955
0954
0954
0953
0952
0952
0951
0951
0950
094f
094f
094e
094e
094d
094c
094c
094b
094b
094a
0949
0949
0948
0947
0947
0946
0946
0945
0944
0944
0943
0942
0942
0941
0940
0940
093f
093e
093e
093d
093c
093c
093b
093a
093a
0939
0938
0938
0937
0936
0935
0935
0934
0933
0933
0932
0931
0931
0930
092f
092e
092e
092d
092c
092b
092b
092a
0929
0929
0928
0927
0926
0926
0925
0924
0923
0923
0922
0921
0920
091f
091f
091e
091d
091c
091c
091b
091a
0919
0918
0918
0917
0916
0915
0915
0914
0913
0912
0911
0910
0910
090f
090e
090d
090c
090c
090b
090a
0909
0908
0907
0907
0906
0905
0904
0903
0902
0901
0901
0900
08ff
08fe
08fd
08fc
08fb
08fb
08fa
08f9
08f8
08f7
08f6
08f5
08f4
08f3
08f3
08f2
08f1
08f0
08ef
08ee
08ed
08ec
08eb
08ea
08ea
08e9
08e8
08e7
08e6
08e5
08e4
08e3
08e2
08e1
08e0
08df
08de
08dd
08dc
08dc
08db
08da
08d9
08d8
08d7
08d6
08d5
08d4
08d3
08d2
08d1
08d0
08cf
08ce
08cd
08cc
08cb
08ca
08c9
08c8
08c7
08c6
08c5
08c4
08c3
08c2
08c1
08c0
08bf
08be
08bd
08bc
08bb
08ba
08b9
08b8
08b7
08b6
08b5
08b4
08b3
08b2
08b0
08af
08ae
08ad
08ac
08ab
08aa
08a9
08a8
08a7
08a6
08a5
08a4
08a3
08a2
08a0
089f
089e
089d
089c
089b
089a
0899
0898
0897
0896
0894
0893
0892
0891
0890
088f
088e
088d
088c
088a
0889
0888
0887
0886
0885
0884
0882
0881
0880
087f
087e
087d
087c
087a
0879
0878
0877
0876
0875
0873
0872
0871
0870
086f
086e
086c
086b
086a
0869
0868
0866
0865
0864
0863
0862
0860
085f
085e
085d
085c
085a
0859
0858
0857
0855
0854
0853
0852
0850
084f
084e
084d
084c
084a
0849
0848
0847
0845
0844
0843
0842
0840
083f
083e
083c
083b
083a
0839
0837
0836
0835
0834
0832
0831
0830
082e
082d
082c
082a
0829
0828
0827
0825
0824
0823
0821
0820
081f
081d
081c
081b
0819
0818
0817
0815
0814
0813
0811
0810
080f
080d
080c
080b
0809
0808
0807
0805
0804
0803
0801
0800
07ff
07fd
07fc
07fa
07f9
07f8
07f6
07f5
07f4
07f2
07f1
07ef
07ee
07ed
07eb
07ea
07e8
07e7
07e6
07e4
07e3
07e1
07e0
07df
07dd
07dc
07da
07d9
07d7
07d6
07d5
07d3
07d2
07d0
07cf
07cd
07cc
07cb
07c9
07c8
07c6
07c5
07c3
07c2
07c0
07bf
07bd
07bc
07bb
07b9
07b8
07b6
07b5
07b3
07b2
07b0
07af
07ad
07ac
07aa
07a9
07a7
07a6
07a4
07a3
07a1
07a0
079e
079d
079b
079a
0798
0797
0795
0794
0792
0791
078f
078e
078c
078b
0789
0788
0786
0784
0783
0781
0780
077e
077d
077b
077a
0778
0777
0775
0773
0772
0770
076f
076d
076c
076a
0769
0767
0765
0764
0762
0761
075f
075d
075c
075a
0759
0757
0756
0754
0752
0751
074f
074e
074c
074a
0749
0747
0746
0744
0742
0741
073f
073d
073c
073a
0739
0737
0735
0734
0732
0730
072f
072d
072b
072a
0728
0727
0725
0723
0722
0720
071e
071d
071b
0719
0718
0716
0714
0713
0711
070f
070e
070c
070a
0709
0707
0705
0704
0702
0700
06fe
06fd
06fb
06f9
06f8
06f6
06f4
06f3
06f1
06ef
06ed
06ec
06ea
06e8
06e7
06e5
06e3
06e1
06e0
06de
06dc
06db
06d9
06d7
06d5
06d4
06d2
06d0
06ce
06cd
06cb
06c9
06c7
06c6
06c4
06c2
06c0
06bf
06bd
06bb
06b9
06b8
06b6
06b4
06b2
06b1
06af
06ad
06ab
06a9
06a8
06a6
06a4
06a2
06a0
069f
069d
069b
0699
0698
0696
0694
0692
0690
068f
068d
068b
0689
0687
0685
0684
0682
0680
067e
067c
067b
0679
0677
0675
0673
0671
0670
066e
066c
066a
0668
0666
0665
0663
0661
065f
065d
065b
065a
0658
0656
0654
0652
0650
064e
064c
064b
0649
0647
0645
0643
0641
063f
063e
063c
063a
0638
0636
0634
0632
0630
062e
062d
062b
0629
0627
0625
0623
0621
061f
061d
061b
061a
0618
0616
0614
0612
0610
060e
060c
060a
0608
0606
0605
0603
0601
05ff
05fd
05fb
05f9
05f7
05f5
05f3
05f1
05ef
05ed
05eb
05e9
05e7
05e6
05e4
05e2
05e0
05de
05dc
05da
05d8
05d6
05d4
05d2
05d0
05ce
05cc
05ca
05c8
05c6
05c4
05c2
05c0
05be
05bc
05ba
05b8
05b6
05b4
05b2
05b0
05ae
05ac
05aa
05a8
05a6
05a4
05a2
05a0
059e
059c
059a
0598
0596
0594
0592
0590
058e
058c
058a
0588
0586
0584
0582
0580
057e
057c
057a
0578
0576
0574
0572
0570
056e
056c
056a
0568
0566
0564
0562
0560
055e
055b
0559
0557
0555
0553
0551
054f
054d
054b
0549
0547
0545
0543
0541
053f
053d
053b
0538
0536
0534
0532
0530
052e
052c
052a
0528
0526
0524
0522
051f
051d
051b
0519
0517
0515
0513
0511
050f
050d
050b
0508
0506
0504
0502
0500
04fe
04fc
04fa
04f8
04f5
04f3
04f1
04ef
04ed
04eb
04e9
04e7
04e4
04e2
04e0
04de
04dc
04da
04d8
04d6
04d3
04d1
04cf
04cd
04cb
04c9
04c7
04c4
04c2
04c0
04be
04bc
04ba
04b8
04b5
04b3
04b1
04af
04ad
04ab
04a8
04a6
04a4
04a2
04a0
049e
049b
0499
0497
0495
0493
0491
048e
048c
048a
0488
0486
0484
0481
047f
047d
047b
0479
0476
0474
0472
0470
046e
046c
0469
0467
0465
0463
0461
045e
045c
045a
0458
0456
0453
0451
044f
044d
044a
0448
0446
0444
0442
043f
043d
043b
0439
0437
0434
0432
0430
042e
042b
0429
0427
0425
0423
0420
041e
041c
041a
0417
0415
0413
0411
040e
040c
040a
0408
0405
0403
0401
03ff
03fc
03fa
03f8
03f6
03f3
03f1
03ef
03ed
03ea
03e8
03e6
03e4
03e1
03df
03dd
03db
03d8
03d6
03d4
03d2
03cf
03cd
03cb
03c9
03c6
03c4
03c2
03bf
03bd
03bb
03b9
03b6
03b4
03b2
03b0
03ad
03ab
03a9
03a6
03a4
03a2
03a0
039d
039b
0399
0396
0394
0392
038f
038d
038b
0389
0386
0384
0382
037f
037d
037b
0378
0376
0374
0372
036f
036d
036b
0368
0366
0364
0361
035f
035d
035a
0358
0356
0354
0351
034f
034d
034a
0348
0346
0343
0341
033f
033c
033a
0338
0335
0333
0331
032e
032c
032a
0327
0325
0323
0320
031e
031c
0319
0317
0315
0312
0310
030e
030b
0309
0307
0304
0302
0300
02fd
02fb
02f9
02f6
02f4
02f1
02ef
02ed
02ea
02e8
02e6
02e3
02e1
02df
02dc
02da
02d8
02d5
02d3
02d0
02ce
02cc
02c9
02c7
02c5
02c2
02c0
02be
02bb
02b9
02b6
02b4
02b2
02af
02ad
02ab
02a8
02a6
02a3
02a1
029f
029c
029a
0298
0295
0293
0290
028e
028c
0289
0287
0285
0282
0280
027d
027b
0279
0276
0274
0271
026f
026d
026a
0268
0265
0263
0261
025e
025c
025a
0257
0255
0252
0250
024e
024b
0249
0246
0244
0242
023f
023d
023a
0238
0236
0233
0231
022e
022c
022a
0227
0225
0222
0220
021d
021b
0219
0216
0214
0211
020f
020d
020a
0208
0205
0203
0201
01fe
01fc
01f9
01f7
01f4
01f2
01f0
01ed
01eb
01e8
01e6
01e3
01e1
01df
01dc
01da
01d7
01d5
01d3
01d0
01ce
01cb
01c9
01c6
01c4
01c2
01bf
01bd
01ba
01b8
01b5
01b3
01b1
01ae
01ac
01a9
01a7
01a4
01a2
019f
019d
019b
0198
0196
0193
0191
018e
018c
018a
0187
0185
0182
0180
017d
017b
0178
0176
0174
0171
016f
016c
016a
0167
0165
0162
0160
015e
015b
0159
0156
0154
0151
014f
014c
014a
0148
0145
0143
0140
013e
013b
0139
0136
0134
0132
012f
012d
012a
0128
0125
0123
0120
011e
011b
0119
0117
0114
0112
010f
010d
010a
0108
0105
0103
0100
00fe
00fc
00f9
00f7
00f4
00f2
00ef
00ed
00ea
00e8
00e5
00e3
00e0
00de
00dc
00d9
00d7
00d4
00d2
00cf
00cd
00ca
00c8
00c5
00c3
00c0
00be
00bc
00b9
00b7
00b4
00b2
00af
00ad
00aa
00a8
00a5
00a3
00a0
009e
009c
0099
0097
0094
0092
008f
008d
008a
0088
0085
0083
0080
007e
007b
0079
0077
0074
0072
006f
006d
006a
0068
0065
0063
0060
005e
005b
0059
0056
0054
0052
004f
004d
004a
0048
0045
0043
0040
003e
003b
0039
0036
0034
0031
002f
002c
002a
0028
0025
0023
0020
001e
001b
0019
0016
0014
0011
000f
000c
000a
0007
0005
0002
0000
3ffe
3ffb
3ff9
3ff6
3ff4
3ff1
3fef
3fec
3fea
3fe7
3fe5
3fe2
3fe0
3fdd
3fdb
3fd8
3fd6
3fd4
3fd1
3fcf
3fcc
3fca
3fc7
3fc5
3fc2
3fc0
3fbd
3fbb
3fb8
3fb6
3fb3
3fb1
3fae
3fac
3faa
3fa7
3fa5
3fa2
3fa0
3f9d
3f9b
3f98
3f96
3f93
3f91
3f8e
3f8c
3f89
3f87
3f85
3f82
3f80
3f7d
3f7b
3f78
3f76
3f73
3f71
3f6e
3f6c
3f69
3f67
3f64
3f62
3f60
3f5d
3f5b
3f58
3f56
3f53
3f51
3f4e
3f4c
3f49
3f47
3f44
3f42
3f40
3f3d
3f3b
3f38
3f36
3f33
3f31
3f2e
3f2c
3f29
3f27
3f24
3f22
3f20
3f1d
3f1b
3f18
3f16
3f13
3f11
3f0e
3f0c
3f09
3f07
3f04
3f02
3f00
3efd
3efb
3ef8
3ef6
3ef3
3ef1
3eee
3eec
3ee9
3ee7
3ee5
3ee2
3ee0
3edd
3edb
3ed8
3ed6
3ed3
3ed1
3ece
3ecc
3eca
3ec7
3ec5
3ec2
3ec0
3ebd
3ebb
3eb8
3eb6
3eb4
3eb1
3eaf
3eac
3eaa
3ea7
3ea5
3ea2
3ea0
3e9e
3e9b
3e99
3e96
3e94
3e91
3e8f
3e8c
3e8a
3e88
3e85
3e83
3e80
3e7e
3e7b
3e79
3e76
3e74
3e72
3e6f
3e6d
3e6a
3e68
3e65
3e63
3e61
3e5e
3e5c
3e59
3e57
3e54
3e52
3e4f
3e4d
3e4b
3e48
3e46
3e43
3e41
3e3e
3e3c
3e3a
3e37
3e35
3e32
3e30
3e2d
3e2b
3e29
3e26
3e24
3e21
3e1f
3e1d
3e1a
3e18
3e15
3e13
3e10
3e0e
3e0c
3e09
3e07
3e04
3e02
3dff
3dfd
3dfb
3df8
3df6
3df3
3df1
3def
3dec
3dea
3de7
3de5
3de3
3de0
3dde
3ddb
3dd9
3dd6
3dd4
3dd2
3dcf
3dcd
3dca
3dc8
3dc6
3dc3
3dc1
3dbe
3dbc
3dba
3db7
3db5
3db2
3db0
3dae
3dab
3da9
3da6
3da4
3da2
3d9f
3d9d
3d9b
3d98
3d96
3d93
3d91
3d8f
3d8c
3d8a
3d87
3d85
3d83
3d80
3d7e
3d7b
3d79
3d77
3d74
3d72
3d70
3d6d
3d6b
3d68
3d66
3d64
3d61
3d5f
3d5d
3d5a
3d58
3d55
3d53
3d51
3d4e
3d4c
3d4a
3d47
3d45
3d42
3d40
3d3e
3d3b
3d39
3d37
3d34
3d32
3d30
3d2d
3d2b
3d28
3d26
3d24
3d21
3d1f
3d1d
3d1a
3d18
3d16
3d13
3d11
3d0f
3d0c
3d0a
3d07
3d05
3d03
3d00
3cfe
3cfc
3cf9
3cf7
3cf5
3cf2
3cf0
3cee
3ceb
3ce9
3ce7
3ce4
3ce2
3ce0
3cdd
3cdb
3cd9
3cd6
3cd4
3cd2
3ccf
3ccd
3ccb
3cc8
3cc6
3cc4
3cc1
3cbf
3cbd
3cba
3cb8
3cb6
3cb3
3cb1
3caf
3cac
3caa
3ca8
3ca6
3ca3
3ca1
3c9f
3c9c
3c9a
3c98
3c95
3c93
3c91
3c8e
3c8c
3c8a
3c88
3c85
3c83
3c81
3c7e
3c7c
3c7a
3c77
3c75
3c73
3c71
3c6e
3c6c
3c6a
3c67
3c65
3c63
3c60
3c5e
3c5c
3c5a
3c57
3c55
3c53
3c50
3c4e
3c4c
3c4a
3c47
3c45
3c43
3c41
3c3e
3c3c
3c3a
3c37
3c35
3c33
3c31
3c2e
3c2c
3c2a
3c28
3c25
3c23
3c21
3c1f
3c1c
3c1a
3c18
3c16
3c13
3c11
3c0f
3c0d
3c0a
3c08
3c06
3c04
3c01
3bff
3bfd
3bfb
3bf8
3bf6
3bf4
3bf2
3bef
3bed
3beb
3be9
3be6
3be4
3be2
3be0
3bdd
3bdb
3bd9
3bd7
3bd5
3bd2
3bd0
3bce
3bcc
3bc9
3bc7
3bc5
3bc3
3bc1
3bbe
3bbc
3bba
3bb8
3bb6
3bb3
3bb1
3baf
3bad
3baa
3ba8
3ba6
3ba4
3ba2
3b9f
3b9d
3b9b
3b99
3b97
3b94
3b92
3b90
3b8e
3b8c
3b8a
3b87
3b85
3b83
3b81
3b7f
3b7c
3b7a
3b78
3b76
3b74
3b72
3b6f
3b6d
3b6b
3b69
3b67
3b65
3b62
3b60
3b5e
3b5c
3b5a
3b58
3b55
3b53
3b51
3b4f
3b4d
3b4b
3b48
3b46
3b44
3b42
3b40
3b3e
3b3c
3b39
3b37
3b35
3b33
3b31
3b2f
3b2d
3b2a
3b28
3b26
3b24
3b22
3b20
3b1e
3b1c
3b19
3b17
3b15
3b13
3b11
3b0f
3b0d
3b0b
3b08
3b06
3b04
3b02
3b00
3afe
3afc
3afa
3af8
3af5
3af3
3af1
3aef
3aed
3aeb
3ae9
3ae7
3ae5
3ae3
3ae1
3ade
3adc
3ada
3ad8
3ad6
3ad4
3ad2
3ad0
3ace
3acc
3aca
3ac8
3ac5
3ac3
3ac1
3abf
3abd
3abb
3ab9
3ab7
3ab5
3ab3
3ab1
3aaf
3aad
3aab
3aa9
3aa7
3aa5
3aa2
3aa0
3a9e
3a9c
3a9a
3a98
3a96
3a94
3a92
3a90
3a8e
3a8c
3a8a
3a88
3a86
3a84
3a82
3a80
3a7e
3a7c
3a7a
3a78
3a76
3a74
3a72
3a70
3a6e
3a6c
3a6a
3a68
3a66
3a64
3a62
3a60
3a5e
3a5c
3a5a
3a58
3a56
3a54
3a52
3a50
3a4e
3a4c
3a4a
3a48
3a46
3a44
3a42
3a40
3a3e
3a3c
3a3a
3a38
3a36
3a34
3a32
3a30
3a2e
3a2c
3a2a
3a28
3a26
3a24
3a22
3a20
3a1e
3a1c
3a1a
3a19
3a17
3a15
3a13
3a11
3a0f
3a0d
3a0b
3a09
3a07
3a05
3a03
3a01
39ff
39fd
39fb
39fa
39f8
39f6
39f4
39f2
39f0
39ee
39ec
39ea
39e8
39e6
39e5
39e3
39e1
39df
39dd
39db
39d9
39d7
39d5
39d3
39d2
39d0
39ce
39cc
39ca
39c8
39c6
39c4
39c2
39c1
39bf
39bd
39bb
39b9
39b7
39b5
39b4
39b2
39b0
39ae
39ac
39aa
39a8
39a6
39a5
39a3
39a1
399f
399d
399b
399a
3998
3996
3994
3992
3990
398f
398d
398b
3989
3987
3985
3984
3982
3980
397e
397c
397b
3979
3977
3975
3973
3971
3970
396e
396c
396a
3968
3967
3965
3963
3961
3960
395e
395c
395a
3958
3957
3955
3953
3951
394f
394e
394c
394a
3948
3947
3945
3943
3941
3940
393e
393c
393a
3939
3937
3935
3933
3932
3930
392e
392c
392b
3929
3927
3925
3924
3922
3920
391f
391d
391b
3919
3918
3916
3914
3913
3911
390f
390d
390c
390a
3908
3907
3905
3903
3902
3900
38fe
38fc
38fb
38f9
38f7
38f6
38f4
38f2
38f1
38ef
38ed
38ec
38ea
38e8
38e7
38e5
38e3
38e2
38e0
38de
38dd
38db
38d9
38d8
38d6
38d5
38d3
38d1
38d0
38ce
38cc
38cb
38c9
38c7
38c6
38c4
38c3
38c1
38bf
38be
38bc
38ba
38b9
38b7
38b6
38b4
38b2
38b1
38af
38ae
38ac
38aa
38a9
38a7
38a6
38a4
38a3
38a1
389f
389e
389c
389b
3899
3897
3896
3894
3893
3891
3890
388e
388d
388b
3889
3888
3886
3885
3883
3882
3880
387f
387d
387c
387a
3878
3877
3875
3874
3872
3871
386f
386e
386c
386b
3869
3868
3866
3865
3863
3862
3860
385f
385d
385c
385a
3859
3857
3856
3854
3853
3851
3850
384e
384d
384b
384a
3848
3847
3845
3844
3843
3841
3840
383e
383d
383b
383a
3838
3837
3835
3834
3833
3831
3830
382e
382d
382b
382a
3829
3827
3826
3824
3823
3821
3820
381f
381d
381c
381a
3819
3818
3816
3815
3813
3812
3811
380f
380e
380c
380b
380a
3808
3807
3806
3804
3803
3801
3800
37ff
37fd
37fc
37fb
37f9
37f8
37f7
37f5
37f4
37f3
37f1
37f0
37ef
37ed
37ec
37eb
37e9
37e8
37e7
37e5
37e4
37e3
37e1
37e0
37df
37dd
37dc
37db
37d9
37d8
37d7
37d6
37d4
37d3
37d2
37d0
37cf
37ce
37cc
37cb
37ca
37c9
37c7
37c6
37c5
37c4
37c2
37c1
37c0
37be
37bd
37bc
37bb
37b9
37b8
37b7
37b6
37b4
37b3
37b2
37b1
37b0
37ae
37ad
37ac
37ab
37a9
37a8
37a7
37a6
37a4
37a3
37a2
37a1
37a0
379e
379d
379c
379b
379a
3798
3797
3796
3795
3794
3792
3791
3790
378f
378e
378d
378b
378a
3789
3788
3787
3786
3784
3783
3782
3781
3780
377f
377e
377c
377b
377a
3779
3778
3777
3776
3774
3773
3772
3771
3770
376f
376e
376d
376c
376a
3769
3768
3767
3766
3765
3764
3763
3762
3761
3760
375e
375d
375c
375b
375a
3759
3758
3757
3756
3755
3754
3753
3752
3751
3750
374e
374d
374c
374b
374a
3749
3748
3747
3746
3745
3744
3743
3742
3741
3740
373f
373e
373d
373c
373b
373a
3739
3738
3737
3736
3735
3734
3733
3732
3731
3730
372f
372e
372d
372c
372b
372a
3729
3728
3727
3726
3725
3724
3724
3723
3722
3721
3720
371f
371e
371d
371c
371b
371a
3719
3718
3717
3716
3716
3715
3714
3713
3712
3711
3710
370f
370e
370d
370d
370c
370b
370a
3709
3708
3707
3706
3705
3705
3704
3703
3702
3701
3700
36ff
36ff
36fe
36fd
36fc
36fb
36fa
36f9
36f9
36f8
36f7
36f6
36f5
36f4
36f4
36f3
36f2
36f1
36f0
36f0
36ef
36ee
36ed
36ec
36eb
36eb
36ea
36e9
36e8
36e8
36e7
36e6
36e5
36e4
36e4
36e3
36e2
36e1
36e1
36e0
36df
36de
36dd
36dd
36dc
36db
36da
36da
36d9
36d8
36d7
36d7
36d6
36d5
36d5
36d4
36d3
36d2
36d2
36d1
36d0
36cf
36cf
36ce
36cd
36cd
36cc
36cb
36cb
36ca
36c9
36c8
36c8
36c7
36c6
36c6
36c5
36c4
36c4
36c3
36c2
36c2
36c1
36c0
36c0
36bf
36be
36be
36bd
36bc
36bc
36bb
36ba
36ba
36b9
36b9
36b8
36b7
36b7
36b6
36b5
36b5
36b4
36b4
36b3
36b2
36b2
36b1
36b1
36b0
36af
36af
36ae
36ae
36ad
36ac
36ac
36ab
36ab
36aa
36aa
36a9
36a8
36a8
36a7
36a7
36a6
36a6
36a5
36a4
36a4
36a3
36a3
36a2
36a2
36a1
36a1
36a0
36a0
369f
369f
369e
369e
369d
369c
369c
369b
369b
369a
369a
3699
3699
3698
3698
3697
3697
3696
3696
3696
3695
3695
3694
3694
3693
3693
3692
3692
3691
3691
3690
3690
368f
368f
368f
368e
368e
368d
368d
368c
368c
368c
368b
368b
368a
368a
3689
3689
3689
3688
3688
3687
3687
3687
3686
3686
3685
3685
3685
3684
3684
3684
3683
3683
3682
3682
3682
3681
3681
3681
3680
3680
3680
367f
367f
367e
367e
367e
367d
367d
367d
367c
367c
367c
367b
367b
367b
367b
367a
367a
367a
3679
3679
3679
3678
3678
3678
3678
3677
3677
3677
3676
3676
3676
3676
3675
3675
3675
3675
3674
3674
3674
3673
3673
3673
3673
3672
3672
3672
3672
3672
3671
3671
3671
3671
3670
3670
3670
3670
3670
366f
366f
366f
366f
366f
366e
366e
366e
366e
366e
366d
366d
366d
366d
366d
366d
366c
366c
366c
366c
366c
366c
366b
366b
366b
366b
366b
366b
366b
366a
366a
366a
366a
366a
366a
366a
366a
3669
3669
3669
3669
3669
3669
3669
3669
3669
3668
3668
3668
3668
3668
3668
3668
3668
3668
3668
3668
3668
3668
3667
3667
3667
3667
3667
3667
3667
3667
3667
3667
3667
3667
3667
3667
3667
3667
3667
3667
3667
3667
3667
3667
3667
3667
3667
3667
3667
3667
3667
3667
3667
3667
3667
3667
3667
3667
3667
3667
3667
3667
3667
3667
3667
3667
3667
3667
3667
3667
3667
3667
3668
3668
3668
3668
3668
3668
3668
3668
3668
3668
3668
3668
3668
3669
3669
3669
3669
3669
3669
3669
3669
3669
366a
366a
366a
366a
366a
366a
366a
366a
366b
366b
366b
366b
366b
366b
366b
366c
366c
366c
366c
366c
366c
366d
366d
366d
366d
366d
366d
366e
366e
366e
366e
366e
366f
366f
366f
366f
366f
3670
3670
3670
3670
3670
3671
3671
3671
3671
3672
3672
3672
3672
3672
3673
3673
3673
3673
3674
3674
3674
3675
3675
3675
3675
3676
3676
3676
3676
3677
3677
3677
3678
3678
3678
3678
3679
3679
3679
367a
367a
367a
367b
367b
367b
367b
367c
367c
367c
367d
367d
367d
367e
367e
367e
367f
367f
3680
3680
3680
3681
3681
3681
3682
3682
3682
3683
3683
3684
3684
3684
3685
3685
3685
3686
3686
3687
3687
3687
3688
3688
3689
3689
3689
368a
368a
368b
368b
368c
368c
368c
368d
368d
368e
368e
368f
368f
368f
3690
3690
3691
3691
3692
3692
3693
3693
3694
3694
3695
3695
3696
3696
3696
3697
3697
3698
3698
3699
3699
369a
369a
369b
369b
369c
369c
369d
369e
369e
369f
369f
36a0
36a0
36a1
36a1
36a2
36a2
36a3
36a3
36a4
36a4
36a5
36a6
36a6
36a7
36a7
36a8
36a8
36a9
36aa
36aa
36ab
36ab
36ac
36ac
36ad
36ae
36ae
36af
36af
36b0
36b1
36b1
36b2
36b2
36b3
36b4
36b4
36b5
36b5
36b6
36b7
36b7
36b8
36b9
36b9
36ba
36ba
36bb
36bc
36bc
36bd
36be
36be
36bf
36c0
36c0
36c1
36c2
36c2
36c3
36c4
36c4
36c5
36c6
36c6
36c7
36c8
36c8
36c9
36ca
36cb
36cb
36cc
36cd
36cd
36ce
36cf
36cf
36d0
36d1
36d2
36d2
36d3
36d4
36d5
36d5
36d6
36d7
36d7
36d8
36d9
36da
36da
36db
36dc
36dd
36dd
36de
36df
36e0
36e1
36e1
36e2
36e3
36e4
36e4
36e5
36e6
36e7
36e8
36e8
36e9
36ea
36eb
36eb
36ec
36ed
36ee
36ef
36f0
36f0
36f1
36f2
36f3
36f4
36f4
36f5
36f6
36f7
36f8
36f9
36f9
36fa
36fb
36fc
36fd
36fe
36ff
36ff
3700
3701
3702
3703
3704
3705
3705
3706
3707
3708
3709
370a
370b
370c
370d
370d
370e
370f
3710
3711
3712
3713
3714
3715
3716
3716
3717
3718
3719
371a
371b
371c
371d
371e
371f
3720
3721
3722
3723
3724
3724
3725
3726
3727
3728
3729
372a
372b
372c
372d
372e
372f
3730
3731
3732
3733
3734
3735
3736
3737
3738
3739
373a
373b
373c
373d
373e
373f
3740
3741
3742
3743
3744
3745
3746
3747
3748
3749
374a
374b
374c
374d
374e
3750
3751
3752
3753
3754
3755
3756
3757
3758
3759
375a
375b
375c
375d
375e
3760
3761
3762
3763
3764
3765
3766
3767
3768
3769
376a
376c
376d
376e
376f
3770
3771
3772
3773
3774
3776
3777
3778
3779
377a
377b
377c
377e
377f
3780
3781
3782
3783
3784
3786
3787
3788
3789
378a
378b
378d
378e
378f
3790
3791
3792
3794
3795
3796
3797
3798
379a
379b
379c
379d
379e
37a0
37a1
37a2
37a3
37a4
37a6
37a7
37a8
37a9
37ab
37ac
37ad
37ae
37b0
37b1
37b2
37b3
37b4
37b6
37b7
37b8
37b9
37bb
37bc
37bd
37be
37c0
37c1
37c2
37c4
37c5
37c6
37c7
37c9
37ca
37cb
37cc
37ce
37cf
37d0
37d2
37d3
37d4
37d6
37d7
37d8
37d9
37db
37dc
37dd
37df
37e0
37e1
37e3
37e4
37e5
37e7
37e8
37e9
37eb
37ec
37ed
37ef
37f0
37f1
37f3
37f4
37f5
37f7
37f8
37f9
37fb
37fc
37fd
37ff
3800
3801
3803
3804
3806
3807
3808
380a
380b
380c
380e
380f
3811
3812
3813
3815
3816
3818
3819
381a
381c
381d
381f
3820
3821
3823
3824
3826
3827
3829
382a
382b
382d
382e
3830
3831
3833
3834
3835
3837
3838
383a
383b
383d
383e
3840
3841
3843
3844
3845
3847
3848
384a
384b
384d
384e
3850
3851
3853
3854
3856
3857
3859
385a
385c
385d
385f
3860
3862
3863
3865
3866
3868
3869
386b
386c
386e
386f
3871
3872
3874
3875
3877
3878
387a
387c
387d
387f
3880
3882
3883
3885
3886
3888
3889
388b
388d
388e
3890
3891
3893
3894
3896
3897
3899
389b
389c
389e
389f
38a1
38a3
38a4
38a6
38a7
38a9
38aa
38ac
38ae
38af
38b1
38b2
38b4
38b6
38b7
38b9
38ba
38bc
38be
38bf
38c1
38c3
38c4
38c6
38c7
38c9
38cb
38cc
38ce
38d0
38d1
38d3
38d5
38d6
38d8
38d9
38db
38dd
38de
38e0
38e2
38e3
38e5
38e7
38e8
38ea
38ec
38ed
38ef
38f1
38f2
38f4
38f6
38f7
38f9
38fb
38fc
38fe
3900
3902
3903
3905
3907
3908
390a
390c
390d
390f
3911
3913
3914
3916
3918
3919
391b
391d
391f
3920
3922
3924
3925
3927
3929
392b
392c
392e
3930
3932
3933
3935
3937
3939
393a
393c
393e
3940
3941
3943
3945
3947
3948
394a
394c
394e
394f
3951
3953
3955
3957
3958
395a
395c
395e
3960
3961
3963
3965
3967
3968
396a
396c
396e
3970
3971
3973
3975
3977
3979
397b
397c
397e
3980
3982
3984
3985
3987
3989
398b
398d
398f
3990
3992
3994
3996
3998
399a
399b
399d
399f
39a1
39a3
39a5
39a6
39a8
39aa
39ac
39ae
39b0
39b2
39b4
39b5
39b7
39b9
39bb
39bd
39bf
39c1
39c2
39c4
39c6
39c8
39ca
39cc
39ce
39d0
39d2
39d3
39d5
39d7
39d9
39db
39dd
39df
39e1
39e3
39e5
39e6
39e8
39ea
39ec
39ee
39f0
39f2
39f4
39f6
39f8
39fa
39fb
39fd
39ff
3a01
3a03
3a05
3a07
3a09
3a0b
3a0d
3a0f
3a11
3a13
3a15
3a17
3a19
3a1a
3a1c
3a1e
3a20
3a22
3a24
3a26
3a28
3a2a
3a2c
3a2e
3a30
3a32
3a34
3a36
3a38
3a3a
3a3c
3a3e
3a40
3a42
3a44
3a46
3a48
3a4a
3a4c
3a4e
3a50
3a52
3a54
3a56
3a58
3a5a
3a5c
3a5e
3a60
3a62
3a64
3a66
3a68
3a6a
3a6c
3a6e
3a70
3a72
3a74
3a76
3a78
3a7a
3a7c
3a7e
3a80
3a82
3a84
3a86
3a88
3a8a
3a8c
3a8e
3a90
3a92
3a94
3a96
3a98
3a9a
3a9c
3a9e
3aa0
3aa2
3aa5
3aa7
3aa9
3aab
3aad
3aaf
3ab1
3ab3
3ab5
3ab7
3ab9
3abb
3abd
3abf
3ac1
3ac3
3ac5
3ac8
3aca
3acc
3ace
3ad0
3ad2
3ad4
3ad6
3ad8
3ada
3adc
3ade
3ae1
3ae3
3ae5
3ae7
3ae9
3aeb
3aed
3aef
3af1
3af3
3af5
3af8
3afa
3afc
3afe
3b00
3b02
3b04
3b06
3b08
3b0b
3b0d
3b0f
3b11
3b13
3b15
3b17
3b19
3b1c
3b1e
3b20
3b22
3b24
3b26
3b28
3b2a
3b2d
3b2f
3b31
3b33
3b35
3b37
3b39
3b3c
3b3e
3b40
3b42
3b44
3b46
3b48
3b4b
3b4d
3b4f
3b51
3b53
3b55
3b58
3b5a
3b5c
3b5e
3b60
3b62
3b65
3b67
3b69
3b6b
3b6d
3b6f
3b72
3b74
3b76
3b78
3b7a
3b7c
3b7f
3b81
3b83
3b85
3b87
3b8a
3b8c
3b8e
3b90
3b92
3b94
3b97
3b99
3b9b
3b9d
3b9f
3ba2
3ba4
3ba6
3ba8
3baa
3bad
3baf
3bb1
3bb3
3bb6
3bb8
3bba
3bbc
3bbe
3bc1
3bc3
3bc5
3bc7
3bc9
3bcc
3bce
3bd0
3bd2
3bd5
3bd7
3bd9
3bdb
3bdd
3be0
3be2
3be4
3be6
3be9
3beb
3bed
3bef
3bf2
3bf4
3bf6
3bf8
3bfb
3bfd
3bff
3c01
3c04
3c06
3c08
3c0a
3c0d
3c0f
3c11
3c13
3c16
3c18
3c1a
3c1c
3c1f
3c21
3c23
3c25
3c28
3c2a
3c2c
3c2e
3c31
3c33
3c35
3c37
3c3a
3c3c
3c3e
3c41
3c43
3c45
3c47
3c4a
3c4c
3c4e
3c50
3c53
3c55
3c57
3c5a
3c5c
3c5e
3c60
3c63
3c65
3c67
3c6a
3c6c
3c6e
3c71
3c73
3c75
3c77
3c7a
3c7c
3c7e
3c81
3c83
3c85
3c88
3c8a
3c8c
3c8e
3c91
3c93
3c95
3c98
3c9a
3c9c
3c9f
3ca1
3ca3
3ca6
3ca8
3caa
3cac
3caf
3cb1
3cb3
3cb6
3cb8
3cba
3cbd
3cbf
3cc1
3cc4
3cc6
3cc8
3ccb
3ccd
3ccf
3cd2
3cd4
3cd6
3cd9
3cdb
3cdd
3ce0
3ce2
3ce4
3ce7
3ce9
3ceb
3cee
3cf0
3cf2
3cf5
3cf7
3cf9
3cfc
3cfe
3d00
3d03
3d05
3d07
3d0a
3d0c
3d0f
3d11
3d13
3d16
3d18
3d1a
3d1d
3d1f
3d21
3d24
3d26
3d28
3d2b
3d2d
3d30
3d32
3d34
3d37
3d39
3d3b
3d3e
3d40
3d42
3d45
3d47
3d4a
3d4c
3d4e
3d51
3d53
3d55
3d58
3d5a
3d5d
3d5f
3d61
3d64
3d66
3d68
3d6b
3d6d
3d70
3d72
3d74
3d77
3d79
3d7b
3d7e
3d80
3d83
3d85
3d87
3d8a
3d8c
3d8f
3d91
3d93
3d96
3d98
3d9b
3d9d
3d9f
3da2
3da4
3da6
3da9
3dab
3dae
3db0
3db2
3db5
3db7
3dba
3dbc
3dbe
3dc1
3dc3
3dc6
3dc8
3dca
3dcd
3dcf
3dd2
3dd4
3dd6
3dd9
3ddb
3dde
3de0
3de3
3de5
3de7
3dea
3dec
3def
3df1
3df3
3df6
3df8
3dfb
3dfd
3dff
3e02
3e04
3e07
3e09
3e0c
3e0e
3e10
3e13
3e15
3e18
3e1a
3e1d
3e1f
3e21
3e24
3e26
3e29
3e2b
3e2d
3e30
3e32
3e35
3e37
3e3a
3e3c
3e3e
3e41
3e43
3e46
3e48
3e4b
3e4d
3e4f
3e52
3e54
3e57
3e59
3e5c
3e5e
3e61
3e63
3e65
3e68
3e6a
3e6d
3e6f
3e72
3e74
3e76
3e79
3e7b
3e7e
3e80
3e83
3e85
3e88
3e8a
3e8c
3e8f
3e91
3e94
3e96
3e99
3e9b
3e9e
3ea0
3ea2
3ea5
3ea7
3eaa
3eac
3eaf
3eb1
3eb4
3eb6
3eb8
3ebb
3ebd
3ec0
3ec2
3ec5
3ec7
3eca
3ecc
3ece
3ed1
3ed3
3ed6
3ed8
3edb
3edd
3ee0
3ee2
3ee5
3ee7
3ee9
3eec
3eee
3ef1
3ef3
3ef6
3ef8
3efb
3efd
3f00
3f02
3f04
3f07
3f09
3f0c
3f0e
3f11
3f13
3f16
3f18
3f1b
3f1d
3f20
3f22
3f24
3f27
3f29
3f2c
3f2e
3f31
3f33
3f36
3f38
3f3b
3f3d
3f40
3f42
3f44
3f47
3f49
3f4c
3f4e
3f51
3f53
3f56
3f58
3f5b
3f5d
3f60
3f62
3f64
3f67
3f69
3f6c
3f6e
3f71
3f73
3f76
3f78
3f7b
3f7d
3f80
3f82
3f85
3f87
3f89
3f8c
3f8e
3f91
3f93
3f96
3f98
3f9b
3f9d
3fa0
3fa2
3fa5
3fa7
3faa
3fac
3fae
3fb1
3fb3
3fb6
3fb8
3fbb
3fbd
3fc0
3fc2
3fc5
3fc7
3fca
3fcc
3fcf
3fd1
3fd4
3fd6
3fd8
3fdb
3fdd
3fe0
3fe2
3fe5
3fe7
3fea
3fec
3fef
3ff1
3ff4
3ff6
3ff9
3ffb
3ffe
0000
0002
0005
0007
000a
000c
000f
0011
0014
0016
0019
001b
001e
0020
0023
0025
0028
002a
002c
002f
0031
0034
0036
0039
003b
003e
0040
0043
0045
0048
004a
004d
004f
0052
0054
0056
0059
005b
005e
0060
0063
0065
0068
006a
006d
006f
0072
0074
0077
0079
007b
007e
0080
0083
0085
0088
008a
008d
008f
0092
0094
0097
0099
009c
009e
00a0
00a3
00a5
00a8
00aa
00ad
00af
00b2
00b4
00b7
00b9
00bc
00be
00c0
00c3
00c5
00c8
00ca
00cd
00cf
00d2
00d4
00d7
00d9
00dc
00de
00e0
00e3
00e5
00e8
00ea
00ed
00ef
00f2
00f4
00f7
00f9
00fc
00fe
0100
0103
0105
0108
010a
010d
010f
0112
0114
0117
0119
011b
011e
0120
0123
0125
0128
012a
012d
012f
0132
0134
0136
0139
013b
013e
0140
0143
0145
0148
014a
014c
014f
0151
0154
0156
0159
015b
015e
0160
0162
0165
0167
016a
016c
016f
0171
0174
0176
0178
017b
017d
0180
0182
0185
0187
018a
018c
018e
0191
0193
0196
0198
019b
019d
019f
01a2
01a4
01a7
01a9
01ac
01ae
01b1
01b3
01b5
01b8
01ba
01bd
01bf
01c2
01c4
01c6
01c9
01cb
01ce
01d0
01d3
01d5
01d7
01da
01dc
01df
01e1
01e3
01e6
01e8
01eb
01ed
01f0
01f2
01f4
01f7
01f9
01fc
01fe
0201
0203
0205
0208
020a
020d
020f
0211
0214
0216
0219
021b
021d
0220
0222
0225
0227
022a
022c
022e
0231
0233
0236
0238
023a
023d
023f
0242
0244
0246
0249
024b
024e
0250
0252
0255
0257
025a
025c
025e
0261
0263
0265
0268
026a
026d
026f
0271
0274
0276
0279
027b
027d
0280
0282
0285
0287
0289
028c
028e
0290
0293
0295
0298
029a
029c
029f
02a1
02a3
02a6
02a8
02ab
02ad
02af
02b2
02b4
02b6
02b9
02bb
02be
02c0
02c2
02c5
02c7
02c9
02cc
02ce
02d0
02d3
02d5
02d8
02da
02dc
02df
02e1
02e3
02e6
02e8
02ea
02ed
02ef
02f1
02f4
02f6
02f9
02fb
02fd
0300
0302
0304
0307
0309
030b
030e
0310
0312
0315
0317
0319
031c
031e
0320
0323
0325
0327
032a
032c
032e
0331
0333
0335
0338
033a
033c
033f
0341
0343
0346
0348
034a
034d
034f
0351
0354
0356
0358
035a
035d
035f
0361
0364
0366
0368
036b
036d
036f
0372
0374
0376
0378
037b
037d
037f
0382
0384
0386
0389
038b
038d
038f
0392
0394
0396
0399
039b
039d
03a0
03a2
03a4
03a6
03a9
03ab
03ad
03b0
03b2
03b4
03b6
03b9
03bb
03bd
03bf
03c2
03c4
03c6
03c9
03cb
03cd
03cf
03d2
03d4
03d6
03d8
03db
03dd
03df
03e1
03e4
03e6
03e8
03ea
03ed
03ef
03f1
03f3
03f6
03f8
03fa
03fc
03ff
0401
0403
0405
0408
040a
040c
040e
0411
0413
0415
0417
041a
041c
041e
0420
0423
0425
0427
0429
042b
042e
0430
0432
0434
0437
0439
043b
043d
043f
0442
0444
0446
0448
044a
044d
044f
0451
0453
0456
0458
045a
045c
045e
0461
0463
0465
0467
0469
046c
046e
0470
0472
0474
0476
0479
047b
047d
047f
0481
0484
0486
0488
048a
048c
048e
0491
0493
0495
0497
0499
049b
049e
04a0
04a2
04a4
04a6
04a8
04ab
04ad
04af
04b1
04b3
04b5
04b8
04ba
04bc
04be
04c0
04c2
04c4
04c7
04c9
04cb
04cd
04cf
04d1
04d3
04d6
04d8
04da
04dc
04de
04e0
04e2
04e4
04e7
04e9
04eb
04ed
04ef
04f1
04f3
04f5
04f8
04fa
04fc
04fe
0500
0502
0504
0506
0508
050b
050d
050f
0511
0513
0515
0517
0519
051b
051d
051f
0522
0524
0526
0528
052a
052c
052e
0530
0532
0534
0536
0538
053b
053d
053f
0541
0543
0545
0547
0549
054b
054d
054f
0551
0553
0555
0557
0559
055b
055e
0560
0562
0564
0566
0568
056a
056c
056e
0570
0572
0574
0576
0578
057a
057c
057e
0580
0582
0584
0586
0588
058a
058c
058e
0590
0592
0594
0596
0598
059a
059c
059e
05a0
05a2
05a4
05a6
05a8
05aa
05ac
05ae
05b0
05b2
05b4
05b6
05b8
05ba
05bc
05be
05c0
05c2
05c4
05c6
05c8
05ca
05cc
05ce
05d0
05d2
05d4
05d6
05d8
05da
05dc
05de
05e0
05e2
05e4
05e6
05e7
05e9
05eb
05ed
05ef
05f1
05f3
05f5
05f7
05f9
05fb
05fd
05ff
0601
0603
0605
0606
0608
060a
060c
060e
0610
0612
0614
0616
0618
061a
061b
061d
061f
0621
0623
0625
0627
0629
062b
062d
062e
0630
0632
0634
0636
0638
063a
063c
063e
063f
0641
0643
0645
0647
0649
064b
064c
064e
0650
0652
0654
0656
0658
065a
065b
065d
065f
0661
0663
0665
0666
0668
066a
066c
066e
0670
0671
0673
0675
0677
0679
067b
067c
067e
0680
0682
0684
0685
0687
0689
068b
068d
068f
0690
0692
0694
0696
0698
0699
069b
069d
069f
06a0
06a2
06a4
06a6
06a8
06a9
06ab
06ad
06af
06b1
06b2
06b4
06b6
06b8
06b9
06bb
06bd
06bf
06c0
06c2
06c4
06c6
06c7
06c9
06cb
06cd
06ce
06d0
06d2
06d4
06d5
06d7
06d9
06db
06dc
06de
06e0
06e1
06e3
06e5
06e7
06e8
06ea
06ec
06ed
06ef
06f1
06f3
06f4
06f6
06f8
06f9
06fb
06fd
06fe
0700
0702
0704
0705
0707
0709
070a
070c
070e
070f
0711
0713
0714
0716
0718
0719
071b
071d
071e
0720
0722
0723
0725
0727
0728
072a
072b
072d
072f
0730
0732
0734
0735
0737
0739
073a
073c
073d
073f
0741
0742
0744
0746
0747
0749
074a
074c
074e
074f
0751
0752
0754
0756
0757
0759
075a
075c
075d
075f
0761
0762
0764
0765
0767
0769
076a
076c
076d
076f
0770
0772
0773
0775
0777
0778
077a
077b
077d
077e
0780
0781
0783
0784
0786
0788
0789
078b
078c
078e
078f
0791
0792
0794
0795
0797
0798
079a
079b
079d
079e
07a0
07a1
07a3
07a4
07a6
07a7
07a9
07aa
07ac
07ad
07af
07b0
07b2
07b3
07b5
07b6
07b8
07b9
07bb
07bc
07bd
07bf
07c0
07c2
07c3
07c5
07c6
07c8
07c9
07cb
07cc
07cd
07cf
07d0
07d2
07d3
07d5
07d6
07d7
07d9
07da
07dc
07dd
07df
07e0
07e1
07e3
07e4
07e6
07e7
07e8
07ea
07eb
07ed
07ee
07ef
07f1
07f2
07f4
07f5
07f6
07f8
07f9
07fa
07fc
07fd
07ff
0800
0801
0803
0804
0805
0807
0808
0809
080b
080c
080d
080f
0810
0811
0813
0814
0815
0817
0818
0819
081b
081c
081d
081f
0820
0821
0823
0824
0825
0827
0828
0829
082a
082c
082d
082e
0830
0831
0832
0834
0835
0836
0837
0839
083a
083b
083c
083e
083f
0840
0842
0843
0844
0845
0847
0848
0849
084a
084c
084d
084e
084f
0850
0852
0853
0854
0855
0857
0858
0859
085a
085c
085d
085e
085f
0860
0862
0863
0864
0865
0866
0868
0869
086a
086b
086c
086e
086f
0870
0871
0872
0873
0875
0876
0877
0878
0879
087a
087c
087d
087e
087f
0880
0881
0882
0884
0885
0886
0887
0888
0889
088a
088c
088d
088e
088f
0890
0891
0892
0893
0894
0896
0897
0898
0899
089a
089b
089c
089d
089e
089f
08a0
08a2
08a3
08a4
08a5
08a6
08a7
08a8
08a9
08aa
08ab
08ac
08ad
08ae
08af
08b0
08b2
08b3
08b4
08b5
08b6
08b7
08b8
08b9
08ba
08bb
08bc
08bd
08be
08bf
08c0
08c1
08c2
08c3
08c4
08c5
08c6
08c7
08c8
08c9
08ca
08cb
08cc
08cd
08ce
08cf
08d0
08d1
08d2
08d3
08d4
08d5
08d6
08d7
08d8
08d9
08da
08db
08dc
08dc
08dd
08de
08df
08e0
08e1
08e2
08e3
08e4
08e5
08e6
08e7
08e8
08e9
08ea
08ea
08eb
08ec
08ed
08ee
08ef
08f0
08f1
08f2
08f3
08f3
08f4
08f5
08f6
08f7
08f8
08f9
08fa
08fb
08fb
08fc
08fd
08fe
08ff
0900
0901
0901
0902
0903
0904
0905
0906
0907
0907
0908
0909
090a
090b
090c
090c
090d
090e
090f
0910
0910
0911
0912
0913
0914
0915
0915
0916
0917
0918
0918
0919
091a
091b
091c
091c
091d
091e
091f
091f
0920
0921
0922
0923
0923
0924
0925
0926
0926
0927
0928
0929
0929
092a
092b
092b
092c
092d
092e
092e
092f
0930
0931
0931
0932
0933
0933
0934
0935
0935
0936
0937
0938
0938
0939
093a
093a
093b
093c
093c
093d
093e
093e
093f
0940
0940
0941
0942
0942
0943
0944
0944
0945
0946
0946
0947
0947
0948
0949
0949
094a
094b
094b
094c
094c
094d
094e
094e
094f
094f
0950
0951
0951
0952
0952
0953
0954
0954
0955
0955
0956
0956
0957
0958
0958
0959
0959
095a
095a
095b
095c
095c
095d
095d
095e
095e
095f
095f
0960
0960
0961
0961
0962
0962
0963
0964
0964
0965
0965
0966
0966
0967
0967
0968
0968
0969
0969
096a
096a
096a
096b
096b
096c
096c
096d
096d
096e
096e
096f
096f
0970
0970
0971
0971
0971
0972
0972
0973
0973
0974
0974
0974
0975
0975
0976
0976
0977
0977
0977
0978
0978
0979
0979
0979
097a
097a
097b
097b
097b
097c
097c
097c
097d
097d
097e
097e
097e
097f
097f
097f
0980
0980
0980
0981
0981
0982
0982
0982
0983
0983
0983
0984
0984
0984
0985
0985
0985
0985
0986
0986
0986
0987
0987
0987
0988
0988
0988
0988
0989
0989
0989
098a
098a
098a
098a
098b
098b
098b
098b
098c
098c
098c
098d
098d
098d
098d
098e
098e
098e
098e
098e
098f
098f
098f
098f
0990
0990
0990
0990
0990
0991
0991
0991
0991
0991
0992
0992
0992
0992
0992
0993
0993
0993
0993
0993
0993
0994
0994
0994
0994
0994
0994
0995
0995
0995
0995
0995
0995
0995
0996
0996
0996
0996
0996
0996
0996
0996
0997
0997
0997
0997
0997
0997
0997
0997
0997
0998
0998
0998
0998
0998
0998
0998
0998
0998
0998
0998
0998
0998
0999
0999
0999
0999
0999
0999
0999
0999
0999
0999
0999
0999
0999
0999
0999
0999
0999
0999
0999
0999
0999
0999
0999
0999
0999
0999
0999
0999
0999
0999
0999
0999
0999
0999
0999
0999
0999
0999
0999
0999
0999
0999
0999
0999
0999
0999
0999
0999
0999
0999
0998
0998
0998
0998
0998
0998
0998
0998
0998
0998
0998
0998
0998
0997
0997
0997
0997
0997
0997
0997
0997
0997
0996
0996
0996
0996
0996
0996
0996
0996
0995
0995
0995
0995
0995
0995
0995
0994
0994
0994
0994
0994
0994
0993
0993
0993
0993
0993
0993
0992
0992
0992
0992
0992
0991
0991
0991
0991
0991
0990
0990
0990
0990
0990
098f
098f
098f
098f
098e
098e
098e
098e
098e
098d
098d
098d
098d
098c
098c
098c
098b
098b
098b
098b
098a
098a
098a
098a
0989
0989
0989
0988
0988
0988
0988
0987
0987
0987
0986
0986
0986
0985
0985
0985
0985
0984
0984
0984
0983
0983
0983
0982
0982
0982
0981
0981
0980
0980
0980
097f
097f
097f
097e
097e
097e
097d
097d
097c
097c
097c
097b
097b
097b
097a
097a
0979
0979
0979
0978
0978
0977
0977
0977
0976
0976
0975
0975
0974
0974
0974
0973
0973
0972
0972
0971
0971
0971
0970
0970
096f
096f
096e
096e
096d
096d
096c
096c
096b
096b
096a
096a
096a
0969
0969
0968
0968
0967
0967
0966
0966
0965
0965
0964
0964
0963
0962
0962
0961
0961
0960
0960
095f
095f
095e
095e
095d
095d
095c
095c
095b
095a
095a
0959
0959
0958
0958
0957
0956
0956
0955
0955
0954
0954
0953
0952
0952
0951
0951
0950
094f
094f
094e
094e
094d
094c
094c
094b
094b
094a
0949
0949
0948
0947
0947
0946
0946
0945
0944
0944
0943
0942
0942
0941
0940
0940
093f
093e
093e
093d
093c
093c
093b
093a
093a
0939
0938
0938
0937
0936
0935
0935
0934
0933
0933
0932
0931
0931
0930
092f
092e
092e
092d
092c
092b
092b
092a
0929
0929
0928
0927
0926
0926
0925
0924
0923
0923
0922
0921
0920
091f
091f
091e
091d
091c
091c
091b
091a
0919
0918
0918
0917
0916
0915
0915
0914
0913
0912
0911
0910
0910
090f
090e
090d
090c
090c
090b
090a
0909
0908
0907
0907
0906
0905
0904
0903
0902
0901
0901
0900
08ff
08fe
08fd
08fc
08fb
08fb
08fa
08f9
08f8
08f7
08f6
08f5
08f4
08f3
08f3
08f2
08f1
08f0
08ef
08ee
08ed
08ec
08eb
08ea
08ea
08e9
08e8
08e7
08e6
08e5
08e4
08e3
08e2
08e1
08e0
08df
08de
08dd
08dc
08dc
08db
08da
08d9
08d8
08d7
08d6
08d5
08d4
08d3
08d2
08d1
08d0
08cf
08ce
08cd
08cc
08cb
08ca
08c9
08c8
08c7
08c6
08c5
08c4
08c3
08c2
08c1
08c0
08bf
08be
08bd
08bc
08bb
08ba
08b9
08b8
08b7
08b6
08b5
08b4
08b3
08b2
08b0
08af
08ae
08ad
08ac
08ab
08aa
08a9
08a8
08a7
08a6
08a5
08a4
08a3
08a2
08a0
089f
089e
089d
089c
089b
089a
0899
0898
0897
0896
0894
0893
0892
0891
0890
088f
088e
088d
088c
088a
0889
0888
0887
0886
0885
0884
0882
0881
0880
087f
087e
087d
087c
087a
0879
0878
0877
0876
0875
0873
0872
0871
0870
086f
086e
086c
086b
086a
0869
0868
0866
0865
0864
0863
0862
0860
085f
085e
085d
085c
085a
0859
0858
0857
0855
0854
0853
0852
0850
084f
084e
084d
084c
084a
0849
0848
0847
0845
0844
0843
0842
0840
083f
083e
083c
083b
083a
0839
0837
0836
0835
0834
0832
0831
0830
082e
082d
082c
082a
0829
0828
0827
0825
0824
0823
0821
0820
081f
081d
081c
081b
0819
0818
0817
0815
0814
0813
0811
0810
080f
080d
080c
080b
0809
0808
0807
0805
0804
0803
0801
0800
07ff
07fd
07fc
07fa
07f9
07f8
07f6
07f5
07f4
07f2
07f1
07ef
07ee
07ed
07eb
07ea
07e8
07e7
07e6
07e4
07e3
07e1
07e0
07df
07dd
07dc
07da
07d9
07d7
07d6
07d5
07d3
07d2
07d0
07cf
07cd
07cc
07cb
07c9
07c8
07c6
07c5
07c3
07c2
07c0
07bf
07bd
07bc
07bb
07b9
07b8
07b6
07b5
07b3
07b2
07b0
07af
07ad
07ac
07aa
07a9
07a7
07a6
07a4
07a3
07a1
07a0
079e
079d
079b
079a
0798
0797
0795
0794
0792
0791
078f
078e
078c
078b
0789
0788
0786
0784
0783
0781
0780
077e
077d
077b
077a
0778
0777
0775
0773
0772
0770
076f
076d
076c
076a
0769
0767
0765
0764
0762
0761
075f
075d
075c
075a
0759
0757
0756
0754
0752
0751
074f
074e
074c
074a
0749
0747
0746
0744
0742
0741
073f
073d
073c
073a
0739
0737
0735
0734
0732
0730
072f
072d
072b
072a
0728
0727
0725
0723
0722
0720
071e
071d
071b
0719
0718
0716
0714
0713
0711
070f
070e
070c
070a
0709
0707
0705
0704
0702
0700
06fe
06fd
06fb
06f9
06f8
06f6
06f4
06f3
06f1
06ef
06ed
06ec
06ea
06e8
06e7
06e5
06e3
06e1
06e0
06de
06dc
06db
06d9
06d7
06d5
06d4
06d2
06d0
06ce
06cd
06cb
06c9
06c7
06c6
06c4
06c2
06c0
06bf
06bd
06bb
06b9
06b8
06b6
06b4
06b2
06b1
06af
06ad
06ab
06a9
06a8
06a6
06a4
06a2
06a0
069f
069d
069b
0699
0698
0696
0694
0692
0690
068f
068d
068b
0689
0687
0685
0684
0682
0680
067e
067c
067b
0679
0677
0675
0673
0671
0670
066e
066c
066a
0668
0666
0665
0663
0661
065f
065d
065b
065a
0658
0656
0654
0652
0650
064e
064c
064b
0649
0647
0645
0643
0641
063f
063e
063c
063a
0638
0636
0634
0632
0630
062e
062d
062b
0629
0627
0625
0623
0621
061f
061d
061b
061a
0618
0616
0614
0612
0610
060e
060c
060a
0608
0606
0605
0603
0601
05ff
05fd
05fb
05f9
05f7
05f5
05f3
05f1
05ef
05ed
05eb
05e9
05e7
05e6
05e4
05e2
05e0
05de
05dc
05da
05d8
05d6
05d4
05d2
05d0
05ce
05cc
05ca
05c8
05c6
05c4
05c2
05c0
05be
05bc
05ba
05b8
05b6
05b4
05b2
05b0
05ae
05ac
05aa
05a8
05a6
05a4
05a2
05a0
059e
059c
059a
0598
0596
0594
0592
0590
058e
058c
058a
0588
0586
0584
0582
0580
057e
057c
057a
0578
0576
0574
0572
0570
056e
056c
056a
0568
0566
0564
0562
0560
055e
055b
0559
0557
0555
0553
0551
054f
054d
054b
0549
0547
0545
0543
0541
053f
053d
053b
0538
0536
0534
0532
0530
052e
052c
052a
0528
0526
0524
0522
051f
051d
051b
0519
0517
0515
0513
0511
050f
050d
050b
0508
0506
0504
0502
0500
04fe
04fc
04fa
04f8
04f5
04f3
04f1
04ef
04ed
04eb
04e9
04e7
04e4
04e2
04e0
04de
04dc
04da
04d8
04d6
04d3
04d1
04cf
04cd
04cb
04c9
04c7
04c4
04c2
04c0
04be
04bc
04ba
04b8
04b5
04b3
04b1
04af
04ad
04ab
04a8
04a6
04a4
04a2
04a0
049e
049b
0499
0497
0495
0493
0491
048e
048c
048a
0488
0486
0484
0481
047f
047d
047b
0479
0476
0474
0472
0470
046e
046c
0469
0467
0465
0463
0461
045e
045c
045a
0458
0456
0453
0451
044f
044d
044a
0448
0446
0444
0442
043f
043d
043b
0439
0437
0434
0432
0430
042e
042b
0429
0427
0425
0423
0420
041e
041c
041a
0417
0415
0413
0411
040e
040c
040a
0408
0405
0403
0401
03ff
03fc
03fa
03f8
03f6
03f3
03f1
03ef
03ed
03ea
03e8
03e6
03e4
03e1
03df
03dd
03db
03d8
03d6
03d4
03d2
03cf
03cd
03cb
03c9
03c6
03c4
03c2
03bf
03bd
03bb
03b9
03b6
03b4
03b2
03b0
03ad
03ab
03a9
03a6
03a4
03a2
03a0
039d
039b
0399
0396
0394
0392
038f
038d
038b
0389
0386
0384
0382
037f
037d
037b
0378
0376
0374
0372
036f
036d
036b
0368
0366
0364
0361
035f
035d
035a
0358
0356
0354
0351
034f
034d
034a
0348
0346
0343
0341
033f
033c
033a
0338
0335
0333
0331
032e
032c
032a
0327
0325
0323
0320
031e
031c
0319
0317
0315
0312
0310
030e
030b
0309
0307
0304
0302
0300
02fd
02fb
02f9
02f6
02f4
02f1
02ef
02ed
02ea
02e8
02e6
02e3
02e1
02df
02dc
02da
02d8
02d5
02d3
02d0
02ce
02cc
02c9
02c7
02c5
02c2
02c0
02be
02bb
02b9
02b6
02b4
02b2
02af
02ad
02ab
02a8
02a6
02a3
02a1
029f
029c
029a
0298
0295
0293
0290
028e
028c
0289
0287
0285
0282
0280
027d
027b
0279
0276
0274
0271
026f
026d
026a
0268
0265
0263
0261
025e
025c
025a
0257
0255
0252
0250
024e
024b
0249
0246
0244
0242
023f
023d
023a
0238
0236
0233
0231
022e
022c
022a
0227
0225
0222
0220
021d
021b
0219
0216
0214
0211
020f
020d
020a
0208
0205
0203
0201
01fe
01fc
01f9
01f7
01f4
01f2
01f0
01ed
01eb
01e8
01e6
01e3
01e1
01df
01dc
01da
01d7
01d5
01d3
01d0
01ce
01cb
01c9
01c6
01c4
01c2
01bf
01bd
01ba
01b8
01b5
01b3
01b1
01ae
01ac
01a9
01a7
01a4
01a2
019f
019d
019b
0198
0196
0193
0191
018e
018c
018a
0187
0185
0182
0180
017d
017b
0178
0176
0174
0171
016f
016c
016a
0167
0165
0162
0160
015e
015b
0159
0156
0154
0151
014f
014c
014a
0148
0145
0143
0140
013e
013b
0139
0136
0134
0132
012f
012d
012a
0128
0125
0123
0120
011e
011b
0119
0117
0114
0112
010f
010d
010a
0108
0105
0103
0100
00fe
00fc
00f9
00f7
00f4
00f2
00ef
00ed
00ea
00e8
00e5
00e3
00e0
00de
00dc
00d9
00d7
00d4
00d2
00cf
00cd
00ca
00c8
00c5
00c3
00c0
00be
00bc
00b9
00b7
00b4
00b2
00af
00ad
00aa
00a8
00a5
00a3
00a0
009e
009c
0099
0097
0094
0092
008f
008d
008a
0088
0085
0083
0080
007e
007b
0079
0077
0074
0072
006f
006d
006a
0068
0065
0063
0060
005e
005b
0059
0056
0054
0052
004f
004d
004a
0048
0045
0043
0040
003e
003b
0039
0036
0034
0031
002f
002c
002a
0028
0025
0023
0020
001e
001b
0019
0016
0014
0011
000f
000c
000a
0007
0005
0002
0000
3ffe
3ffb
3ff9
3ff6
3ff4
3ff1
3fef
3fec
3fea
3fe7
3fe5
3fe2
3fe0
3fdd
3fdb
3fd8
3fd6
3fd4
3fd1
3fcf
3fcc
3fca
3fc7
3fc5
3fc2
3fc0
3fbd
3fbb
3fb8
3fb6
3fb3
3fb1
3fae
3fac
3faa
3fa7
3fa5
3fa2
3fa0
3f9d
3f9b
3f98
3f96
3f93
3f91
3f8e
3f8c
3f89
3f87
3f85
3f82
3f80
3f7d
3f7b
3f78
3f76
3f73
3f71
3f6e
3f6c
3f69
3f67
3f64
3f62
3f60
3f5d
3f5b
3f58
3f56
3f53
3f51
3f4e
3f4c
3f49
3f47
3f44
3f42
3f40
3f3d
3f3b
3f38
3f36
3f33
3f31
3f2e
3f2c
3f29
3f27
3f24
3f22
3f20
3f1d
3f1b
3f18
3f16
3f13
3f11
3f0e
3f0c
3f09
3f07
3f04
3f02
3f00
3efd
3efb
3ef8
3ef6
3ef3
3ef1
3eee
3eec
3ee9
3ee7
3ee5
3ee2
3ee0
3edd
3edb
3ed8
3ed6
3ed3
3ed1
3ece
3ecc
3eca
3ec7
3ec5
3ec2
3ec0
3ebd
3ebb
3eb8
3eb6
3eb4
3eb1
3eaf
3eac
3eaa
3ea7
3ea5
3ea2
3ea0
3e9e
3e9b
3e99
3e96
3e94
3e91
3e8f
3e8c
3e8a
3e88
3e85
3e83
3e80
3e7e
3e7b
3e79
3e76
3e74
3e72
3e6f
3e6d
3e6a
3e68
3e65
3e63
3e61
3e5e
3e5c
3e59
3e57
3e54
3e52
3e4f
3e4d
3e4b
3e48
3e46
3e43
3e41
3e3e
3e3c
3e3a
3e37
3e35
3e32
3e30
3e2d
3e2b
3e29
3e26
3e24
3e21
3e1f
3e1d
3e1a
3e18
3e15
3e13
3e10
3e0e
3e0c
3e09
3e07
3e04
3e02
3dff
3dfd
3dfb
3df8
3df6
3df3
3df1
3def
3dec
3dea
3de7
3de5
3de3
3de0
3dde
3ddb
3dd9
3dd6
3dd4
3dd2
3dcf
3dcd
3dca
3dc8
3dc6
3dc3
3dc1
3dbe
3dbc
3dba
3db7
3db5
3db2
3db0
3dae
3dab
3da9
3da6
3da4
3da2
3d9f
3d9d
3d9b
3d98
3d96
3d93
3d91
3d8f
3d8c
3d8a
3d87
3d85
3d83
3d80
3d7e
3d7b
3d79
3d77
3d74
3d72
3d70
3d6d
3d6b
3d68
3d66
3d64
3d61
3d5f
3d5d
3d5a
3d58
3d55
3d53
3d51
3d4e
3d4c
3d4a
3d47
3d45
3d42
3d40
3d3e
3d3b
3d39
3d37
3d34
3d32
3d30
3d2d
3d2b
3d28
3d26
3d24
3d21
3d1f
3d1d
3d1a
3d18
3d16
3d13
3d11
3d0f
3d0c
3d0a
3d07
3d05
3d03
3d00
3cfe
3cfc
3cf9
3cf7
3cf5
3cf2
3cf0
3cee
3ceb
3ce9
3ce7
3ce4
3ce2
3ce0
3cdd
3cdb
3cd9
3cd6
3cd4
3cd2
3ccf
3ccd
3ccb
3cc8
3cc6
3cc4
3cc1
3cbf
3cbd
3cba
3cb8
3cb6
3cb3
3cb1
3caf
3cac
3caa
3ca8
3ca6
3ca3
3ca1
3c9f
3c9c
3c9a
3c98
3c95
3c93
3c91
3c8e
3c8c
3c8a
3c88
3c85
3c83
3c81
3c7e
3c7c
3c7a
3c77
3c75
3c73
3c71
3c6e
3c6c
3c6a
3c67
3c65
3c63
3c60
3c5e
3c5c
3c5a
3c57
3c55
3c53
3c50
3c4e
3c4c
3c4a
3c47
3c45
3c43
3c41
3c3e
3c3c
3c3a
3c37
3c35
3c33
3c31
3c2e
3c2c
3c2a
3c28
3c25
3c23
3c21
3c1f
3c1c
3c1a
3c18
3c16
3c13
3c11
3c0f
3c0d
3c0a
3c08
3c06
3c04
3c01
3bff
3bfd
3bfb
3bf8
3bf6
3bf4
3bf2
3bef
3bed
3beb
3be9
3be6
3be4
3be2
3be0
3bdd
3bdb
3bd9
3bd7
3bd5
3bd2
3bd0
3bce
3bcc
3bc9
3bc7
3bc5
3bc3
3bc1
3bbe
3bbc
3bba
3bb8
3bb6
3bb3
3bb1
3baf
3bad
3baa
3ba8
3ba6
3ba4
3ba2
3b9f
3b9d
3b9b
3b99
3b97
3b94
3b92
3b90
3b8e
3b8c
3b8a
3b87
3b85
3b83
3b81
3b7f
3b7c
3b7a
3b78
3b76
3b74
3b72
3b6f
3b6d
3b6b
3b69
3b67
3b65
3b62
3b60
3b5e
3b5c
3b5a
3b58
3b55
3b53
3b51
3b4f
3b4d
3b4b
3b48
3b46
3b44
3b42
3b40
3b3e
3b3c
3b39
3b37
3b35
3b33
3b31
3b2f
3b2d
3b2a
3b28
3b26
3b24
3b22
3b20
3b1e
3b1c
3b19
3b17
3b15
3b13
3b11
3b0f
3b0d
3b0b
3b08
3b06
3b04
3b02
3b00
3afe
3afc
3afa
3af8
3af5
3af3
3af1
3aef
3aed
3aeb
3ae9
3ae7
3ae5
3ae3
3ae1
3ade
3adc
3ada
3ad8
3ad6
3ad4
3ad2
3ad0
3ace
3acc
3aca
3ac8
3ac5
3ac3
3ac1
3abf
3abd
3abb
3ab9
3ab7
3ab5
3ab3
3ab1
3aaf
3aad
3aab
3aa9
3aa7
3aa5
3aa2
3aa0
3a9e
3a9c
3a9a
3a98
3a96
3a94
3a92
3a90
3a8e
3a8c
3a8a
3a88
3a86
3a84
3a82
3a80
3a7e
3a7c
3a7a
3a78
3a76
3a74
3a72
3a70
3a6e
3a6c
3a6a
3a68
3a66
3a64
3a62
3a60
3a5e
3a5c
3a5a
3a58
3a56
3a54
3a52
3a50
3a4e
3a4c
3a4a
3a48
3a46
3a44
3a42
3a40
3a3e
3a3c
3a3a
3a38
3a36
3a34
3a32
3a30
3a2e
3a2c
3a2a
3a28
3a26
3a24
3a22
3a20
3a1e
3a1c
3a1a
3a19
3a17
3a15
3a13
3a11
3a0f
3a0d
3a0b
3a09
3a07
3a05
3a03
3a01
39ff
39fd
39fb
39fa
39f8
39f6
39f4
39f2
39f0
39ee
39ec
39ea
39e8
39e6
39e5
39e3
39e1
39df
39dd
39db
39d9
39d7
39d5
39d3
39d2
39d0
39ce
39cc
39ca
39c8
39c6
39c4
39c2
39c1
39bf
39bd
39bb
39b9
39b7
39b5
39b4
39b2
39b0
39ae
39ac
39aa
39a8
39a6
39a5
39a3
39a1
399f
399d
399b
399a
3998
3996
3994
3992
3990
398f
398d
398b
3989
3987
3985
3984
3982
3980
397e
397c
397b
3979
3977
3975
3973
3971
3970
396e
396c
396a
3968
3967
3965
3963
3961
3960
395e
395c
395a
3958
3957
3955
3953
3951
394f
394e
394c
394a
3948
3947
3945
3943
3941
3940
393e
393c
393a
3939
3937
3935
3933
3932
3930
392e
392c
392b
3929
3927
3925
3924
3922
3920
391f
391d
391b
3919
3918
3916
3914
3913
3911
390f
390d
390c
390a
3908
3907
3905
3903
3902
3900
38fe
38fc
38fb
38f9
38f7
38f6
38f4
38f2
38f1
38ef
38ed
38ec
38ea
38e8
38e7
38e5
38e3
38e2
38e0
38de
38dd
38db
38d9
38d8
38d6
38d5
38d3
38d1
38d0
38ce
38cc
38cb
38c9
38c7
38c6
38c4
38c3
38c1
38bf
38be
38bc
38ba
38b9
38b7
38b6
38b4
38b2
38b1
38af
38ae
38ac
38aa
38a9
38a7
38a6
38a4
38a3
38a1
389f
389e
389c
389b
3899
3897
3896
3894
3893
3891
3890
388e
388d
388b
3889
3888
3886
3885
3883
3882
3880
387f
387d
387c
387a
3878
3877
3875
3874
3872
3871
386f
386e
386c
386b
3869
3868
3866
3865
3863
3862
3860
385f
385d
385c
385a
3859
3857
3856
3854
3853
3851
3850
384e
384d
384b
384a
3848
3847
3845
3844
3843
3841
3840
383e
383d
383b
383a
3838
3837
3835
3834
3833
3831
3830
382e
382d
382b
382a
3829
3827
3826
3824
3823
3821
3820
381f
381d
381c
381a
3819
3818
3816
3815
3813
3812
3811
380f
380e
380c
380b
380a
3808
3807
3806
3804
3803
3801
3800
37ff
37fd
37fc
37fb
37f9
37f8
37f7
37f5
37f4
37f3
37f1
37f0
37ef
37ed
37ec
37eb
37e9
37e8
37e7
37e5
37e4
37e3
37e1
37e0
37df
37dd
37dc
37db
37d9
37d8
37d7
37d6
37d4
37d3
37d2
37d0
37cf
37ce
37cc
37cb
37ca
37c9
37c7
37c6
37c5
37c4
37c2
37c1
37c0
37be
37bd
37bc
37bb
37b9
37b8
37b7
37b6
37b4
37b3
37b2
37b1
37b0
37ae
37ad
37ac
37ab
37a9
37a8
37a7
37a6
37a4
37a3
37a2
37a1
37a0
379e
379d
379c
379b
379a
3798
3797
3796
3795
3794
3792
3791
3790
378f
378e
378d
378b
378a
3789
3788
3787
3786
3784
3783
3782
3781
3780
377f
377e
377c
377b
377a
3779
3778
3777
3776
3774
3773
3772
3771
3770
376f
376e
376d
376c
376a
3769
3768
3767
3766
3765
3764
3763
3762
3761
3760
375e
375d
375c
375b
375a
3759
3758
3757
3756
3755
3754
3753
3752
3751
3750
374e
374d
374c
374b
374a
3749
3748
3747
3746
3745
3744
3743
3742
3741
3740
373f
373e
373d
373c
373b
373a
3739
3738
3737
3736
3735
3734
3733
3732
3731
3730
372f
372e
372d
372c
372b
372a
3729
3728
3727
3726
3725
3724
3724
3723
3722
3721
3720
371f
371e
371d
371c
371b
371a
3719
3718
3717
3716
3716
3715
3714
3713
3712
3711
3710
370f
370e
370d
370d
370c
370b
370a
3709
3708
3707
3706
3705
3705
3704
3703
3702
3701
3700
36ff
36ff
36fe
36fd
36fc
36fb
36fa
36f9
36f9
36f8
36f7
36f6
36f5
36f4
36f4
36f3
36f2
36f1
36f0
36f0
36ef
36ee
36ed
36ec
36eb
36eb
36ea
36e9
36e8
36e8
36e7
36e6
36e5
36e4
36e4
36e3
36e2
36e1
36e1
36e0
36df
36de
36dd
36dd
36dc
36db
36da
36da
36d9
36d8
36d7
36d7
36d6
36d5
36d5
36d4
36d3
36d2
36d2
36d1
36d0
36cf
36cf
36ce
36cd
36cd
36cc
36cb
36cb
36ca
36c9
36c8
36c8
36c7
36c6
36c6
36c5
36c4
36c4
36c3
36c2
36c2
36c1
36c0
36c0
36bf
36be
36be
36bd
36bc
36bc
36bb
36ba
36ba
36b9
36b9
36b8
36b7
36b7
36b6
36b5
36b5
36b4
36b4
36b3
36b2
36b2
36b1
36b1
36b0
36af
36af
36ae
36ae
36ad
36ac
36ac
36ab
36ab
36aa
36aa
36a9
36a8
36a8
36a7
36a7
36a6
36a6
36a5
36a4
36a4
36a3
36a3
36a2
36a2
36a1
36a1
36a0
36a0
369f
369f
369e
369e
369d
369c
369c
369b
369b
369a
369a
3699
3699
3698
3698
3697
3697
3696
3696
3696
3695
3695
3694
3694
3693
3693
3692
3692
3691
3691
3690
3690
368f
368f
368f
368e
368e
368d
368d
368c
368c
368c
368b
368b
368a
368a
3689
3689
3689
3688
3688
3687
3687
3687
3686
3686
3685
3685
3685
3684
3684
3684
3683
3683
3682
3682
3682
3681
3681
3681
3680
3680
3680
367f
367f
367e
367e
367e
367d
367d
367d
367c
367c
367c
367b
367b
367b
367b
367a
367a
367a
3679
3679
3679
3678
3678
3678
3678
3677
3677
3677
3676
3676
3676
3676
3675
3675
3675
3675
3674
3674
3674
3673
3673
3673
3673
3672
3672
3672
3672
3672
3671
3671
3671
3671
3670
3670
3670
3670
3670
366f
366f
366f
366f
366f
366e
366e
366e
366e
366e
366d
366d
366d
366d
366d
366d
366c
366c
366c
366c
366c
366c
366b
366b
366b
366b
366b
366b
366b
366a
366a
366a
366a
366a
366a
366a
366a
3669
3669
3669
3669
3669
3669
3669
3669
3669
3668
3668
3668
3668
3668
3668
3668
3668
3668
3668
3668
3668
3668
3667
3667
3667
3667
3667
3667
3667
3667
3667
3667
3667
3667
3667
3667
3667
3667
3667
3667
3667
3667
3667
3667
3667
3667
3667
3667
3667
3667
3667
3667
3667
3667
3667
3667
3667
3667
3667
3667
3667
3667
3667
3667
3667
3667
3667
3667
3667
3667
3667
3667
3668
3668
3668
3668
3668
3668
3668
3668
3668
3668
3668
3668
3668
3669
3669
3669
3669
3669
3669
3669
3669
3669
366a
366a
366a
366a
366a
366a
366a
366a
366b
366b
366b
366b
366b
366b
366b
366c
366c
366c
366c
366c
366c
366d
366d
366d
366d
366d
366d
366e
366e
366e
366e
366e
366f
366f
366f
366f
366f
3670
3670
3670
3670
3670
3671
3671
3671
3671
3672
3672
3672
3672
3672
3673
3673
3673
3673
3674
3674
3674
3675
3675
3675
3675
3676
3676
3676
3676
3677
3677
3677
3678
3678
3678
3678
3679
3679
3679
367a
367a
367a
367b
367b
367b
367b
367c
367c
367c
367d
367d
367d
367e
367e
367e
367f
367f
3680
3680
3680
3681
3681
3681
3682
3682
3682
3683
3683
3684
3684
3684
3685
3685
3685
3686
3686
3687
3687
3687
3688
3688
3689
3689
3689
368a
368a
368b
368b
368c
368c
368c
368d
368d
368e
368e
368f
368f
368f
3690
3690
3691
3691
3692
3692
3693
3693
3694
3694
3695
3695
3696
3696
3696
3697
3697
3698
3698
3699
3699
369a
369a
369b
369b
369c
369c
369d
369e
369e
369f
369f
36a0
36a0
36a1
36a1
36a2
36a2
36a3
36a3
36a4
36a4
36a5
36a6
36a6
36a7
36a7
36a8
36a8
36a9
36aa
36aa
36ab
36ab
36ac
36ac
36ad
36ae
36ae
36af
36af
36b0
36b1
36b1
36b2
36b2
36b3
36b4
36b4
36b5
36b5
36b6
36b7
36b7
36b8
36b9
36b9
36ba
36ba
36bb
36bc
36bc
36bd
36be
36be
36bf
36c0
36c0
36c1
36c2
36c2
36c3
36c4
36c4
36c5
36c6
36c6
36c7
36c8
36c8
36c9
36ca
36cb
36cb
36cc
36cd
36cd
36ce
36cf
36cf
36d0
36d1
36d2
36d2
36d3
36d4
36d5
36d5
36d6
36d7
36d7
36d8
36d9
36da
36da
36db
36dc
36dd
36dd
36de
36df
36e0
36e1
36e1
36e2
36e3
36e4
36e4
36e5
36e6
36e7
36e8
36e8
36e9
36ea
36eb
36eb
36ec
36ed
36ee
36ef
36f0
36f0
36f1
36f2
36f3
36f4
36f4
36f5
36f6
36f7
36f8
36f9
36f9
36fa
36fb
36fc
36fd
36fe
36ff
36ff
3700
3701
3702
3703
3704
3705
3705
3706
3707
3708
3709
370a
370b
370c
370d
370d
370e
370f
3710
3711
3712
3713
3714
3715
3716
3716
3717
3718
3719
371a
371b
371c
371d
371e
371f
3720
3721
3722
3723
3724
3724
3725
3726
3727
3728
3729
372a
372b
372c
372d
372e
372f
3730
3731
3732
3733
3734
3735
3736
3737
3738
3739
373a
373b
373c
373d
373e
373f
3740
3741
3742
3743
3744
3745
3746
3747
3748
3749
374a
374b
374c
374d
374e
3750
3751
3752
3753
3754
3755
3756
3757
3758
3759
375a
375b
375c
375d
375e
3760
3761
3762
3763
3764
3765
3766
3767
3768
3769
376a
376c
376d
376e
376f
3770
3771
3772
3773
3774
3776
3777
3778
3779
377a
377b
377c
377e
377f
3780
3781
3782
3783
3784
3786
3787
3788
3789
378a
378b
378d
378e
378f
3790
3791
3792
3794
3795
3796
3797
3798
379a
379b
379c
379d
379e
37a0
37a1
37a2
37a3
37a4
37a6
37a7
37a8
37a9
37ab
37ac
37ad
37ae
37b0
37b1
37b2
37b3
37b4
37b6
37b7
37b8
37b9
37bb
37bc
37bd
37be
37c0
37c1
37c2
37c4
37c5
37c6
37c7
37c9
37ca
37cb
37cc
37ce
37cf
37d0
37d2
37d3
37d4
37d6
37d7
37d8
37d9
37db
37dc
37dd
37df
37e0
37e1
37e3
37e4
37e5
37e7
37e8
37e9
37eb
37ec
37ed
37ef
37f0
37f1
37f3
37f4
37f5
37f7
37f8
37f9
37fb
37fc
37fd
37ff
3800
3801
3803
3804
3806
3807
3808
380a
380b
380c
380e
380f
3811
3812
3813
3815
3816
3818
3819
381a
381c
381d
381f
3820
3821
3823
3824
3826
3827
3829
382a
382b
382d
382e
3830
3831
3833
3834
3835
3837
3838
383a
383b
383d
383e
3840
3841
3843
3844
3845
3847
3848
384a
384b
384d
384e
3850
3851
3853
3854
3856
3857
3859
385a
385c
385d
385f
3860
3862
3863
3865
3866
3868
3869
386b
386c
386e
386f
3871
3872
3874
3875
3877
3878
387a
387c
387d
387f
3880
3882
3883
3885
3886
3888
3889
388b
388d
388e
3890
3891
3893
3894
3896
3897
3899
389b
389c
389e
389f
38a1
38a3
38a4
38a6
38a7
38a9
38aa
38ac
38ae
38af
38b1
38b2
38b4
38b6
38b7
38b9
38ba
38bc
38be
38bf
38c1
38c3
38c4
38c6
38c7
38c9
38cb
38cc
38ce
38d0
38d1
38d3
38d5
38d6
38d8
38d9
38db
38dd
38de
38e0
38e2
38e3
38e5
38e7
38e8
38ea
38ec
38ed
38ef
38f1
38f2
38f4
38f6
38f7
38f9
38fb
38fc
38fe
3900
3902
3903
3905
3907
3908
390a
390c
390d
390f
3911
3913
3914
3916
3918
3919
391b
391d
391f
3920
3922
3924
3925
3927
3929
392b
392c
392e
3930
3932
3933
3935
3937
3939
393a
393c
393e
3940
3941
3943
3945
3947
3948
394a
394c
394e
394f
3951
3953
3955
3957
3958
395a
395c
395e
3960
3961
3963
3965
3967
3968
396a
396c
396e
3970
3971
3973
3975
3977
3979
397b
397c
397e
3980
3982
3984
3985
3987
3989
398b
398d
398f
3990
3992
3994
3996
3998
399a
399b
399d
399f
39a1
39a3
39a5
39a6
39a8
39aa
39ac
39ae
39b0
39b2
39b4
39b5
39b7
39b9
39bb
39bd
39bf
39c1
39c2
39c4
39c6
39c8
39ca
39cc
39ce
39d0
39d2
39d3
39d5
39d7
39d9
39db
39dd
39df
39e1
39e3
39e5
39e6
39e8
39ea
39ec
39ee
39f0
39f2
39f4
39f6
39f8
39fa
39fb
39fd
39ff
3a01
3a03
3a05
3a07
3a09
3a0b
3a0d
3a0f
3a11
3a13
3a15
3a17
3a19
3a1a
3a1c
3a1e
3a20
3a22
3a24
3a26
3a28
3a2a
3a2c
3a2e
3a30
3a32
3a34
3a36
3a38
3a3a
3a3c
3a3e
3a40
3a42
3a44
3a46
3a48
3a4a
3a4c
3a4e
3a50
3a52
3a54
3a56
3a58
3a5a
3a5c
3a5e
3a60
3a62
3a64
3a66
3a68
3a6a
3a6c
3a6e
3a70
3a72
3a74
3a76
3a78
3a7a
3a7c
3a7e
3a80
3a82
3a84
3a86
3a88
3a8a
3a8c
3a8e
3a90
3a92
3a94
3a96
3a98
3a9a
3a9c
3a9e
3aa0
3aa2
3aa5
3aa7
3aa9
3aab
3aad
3aaf
3ab1
3ab3
3ab5
3ab7
3ab9
3abb
3abd
3abf
3ac1
3ac3
3ac5
3ac8
3aca
3acc
3ace
3ad0
3ad2
3ad4
3ad6
3ad8
3ada
3adc
3ade
3ae1
3ae3
3ae5
3ae7
3ae9
3aeb
3aed
3aef
3af1
3af3
3af5
3af8
3afa
3afc
3afe
3b00
3b02
3b04
3b06
3b08
3b0b
3b0d
3b0f
3b11
3b13
3b15
3b17
3b19
3b1c
3b1e
3b20
3b22
3b24
3b26
3b28
3b2a
3b2d
3b2f
3b31
3b33
3b35
3b37
3b39
3b3c
3b3e
3b40
3b42
3b44
3b46
3b48
3b4b
3b4d
3b4f
3b51
3b53
3b55
3b58
3b5a
3b5c
3b5e
3b60
3b62
3b65
3b67
3b69
3b6b
3b6d
3b6f
3b72
3b74
3b76
3b78
3b7a
3b7c
3b7f
3b81
3b83
3b85
3b87
3b8a
3b8c
3b8e
3b90
3b92
3b94
3b97
3b99
3b9b
3b9d
3b9f
3ba2
3ba4
3ba6
3ba8
3baa
3bad
3baf
3bb1
3bb3
3bb6
3bb8
3bba
3bbc
3bbe
3bc1
3bc3
3bc5
3bc7
3bc9
3bcc
3bce
3bd0
3bd2
3bd5
3bd7
3bd9
3bdb
3bdd
3be0
3be2
3be4
3be6
3be9
3beb
3bed
3bef
3bf2
3bf4
3bf6
3bf8
3bfb
3bfd
3bff
3c01
3c04
3c06
3c08
3c0a
3c0d
3c0f
3c11
3c13
3c16
3c18
3c1a
3c1c
3c1f
3c21
3c23
3c25
3c28
3c2a
3c2c
3c2e
3c31
3c33
3c35
3c37
3c3a
3c3c
3c3e
3c41
3c43
3c45
3c47
3c4a
3c4c
3c4e
3c50
3c53
3c55
3c57
3c5a
3c5c
3c5e
3c60
3c63
3c65
3c67
3c6a
3c6c
3c6e
3c71
3c73
3c75
3c77
3c7a
3c7c
3c7e
3c81
3c83
3c85
3c88
3c8a
3c8c
3c8e
3c91
3c93
3c95
3c98
3c9a
3c9c
3c9f
3ca1
3ca3
3ca6
3ca8
3caa
3cac
3caf
3cb1
3cb3
3cb6
3cb8
3cba
3cbd
3cbf
3cc1
3cc4
3cc6
3cc8
3ccb
3ccd
3ccf
3cd2
3cd4
3cd6
3cd9
3cdb
3cdd
3ce0
3ce2
3ce4
3ce7
3ce9
3ceb
3cee
3cf0
3cf2
3cf5
3cf7
3cf9
3cfc
3cfe
3d00
3d03
3d05
3d07
3d0a
3d0c
3d0f
3d11
3d13
3d16
3d18
3d1a
3d1d
3d1f
3d21
3d24
3d26
3d28
3d2b
3d2d
3d30
3d32
3d34
3d37
3d39
3d3b
3d3e
3d40
3d42
3d45
3d47
3d4a
3d4c
3d4e
3d51
3d53
3d55
3d58
3d5a
3d5d
3d5f
3d61
3d64
3d66
3d68
3d6b
3d6d
3d70
3d72
3d74
3d77
3d79
3d7b
3d7e
3d80
3d83
3d85
3d87
3d8a
3d8c
3d8f
3d91
3d93
3d96
3d98
3d9b
3d9d
3d9f
3da2
3da4
3da6
3da9
3dab
3dae
3db0
3db2
3db5
3db7
3dba
3dbc
3dbe
3dc1
3dc3
3dc6
3dc8
3dca
3dcd
3dcf
3dd2
3dd4
3dd6
3dd9
3ddb
3dde
3de0
3de3
3de5
3de7
3dea
3dec
3def
3df1
3df3
3df6
3df8
3dfb
3dfd
3dff
3e02
3e04
3e07
3e09
3e0c
3e0e
3e10
3e13
3e15
3e18
3e1a
3e1d
3e1f
3e21
3e24
3e26
3e29
3e2b
3e2d
3e30
3e32
3e35
3e37
3e3a
3e3c
3e3e
3e41
3e43
3e46
3e48
3e4b
3e4d
3e4f
3e52
3e54
3e57
3e59
3e5c
3e5e
3e61
3e63
3e65
3e68
3e6a
3e6d
3e6f
3e72
3e74
3e76
3e79
3e7b
3e7e
3e80
3e83
3e85
3e88
3e8a
3e8c
3e8f
3e91
3e94
3e96
3e99
3e9b
3e9e
3ea0
3ea2
3ea5
3ea7
3eaa
3eac
3eaf
3eb1
3eb4
3eb6
3eb8
3ebb
3ebd
3ec0
3ec2
3ec5
3ec7
3eca
3ecc
3ece
3ed1
3ed3
3ed6
3ed8
3edb
3edd
3ee0
3ee2
3ee5
3ee7
3ee9
3eec
3eee
3ef1
3ef3
3ef6
3ef8
3efb
3efd
3f00
3f02
3f04
3f07
3f09
3f0c
3f0e
3f11
3f13
3f16
3f18
3f1b
3f1d
3f20
3f22
3f24
3f27
3f29
3f2c
3f2e
3f31
3f33
3f36
3f38
3f3b
3f3d
3f40
3f42
3f44
3f47
3f49
3f4c
3f4e
3f51
3f53
3f56
3f58
3f5b
3f5d
3f60
3f62
3f64
3f67
3f69
3f6c
3f6e
3f71
3f73
3f76
3f78
3f7b
3f7d
3f80
3f82
3f85
3f87
3f89
3f8c
3f8e
3f91
3f93
3f96
3f98
3f9b
3f9d
3fa0
3fa2
3fa5
3fa7
3faa
3fac
3fae
3fb1
3fb3
3fb6
3fb8
3fbb
3fbd
3fc0
3fc2
3fc5
3fc7
3fca
3fcc
3fcf
3fd1
3fd4
3fd6
3fd8
3fdb
3fdd
3fe0
3fe2
3fe5
3fe7
3fea
3fec
3fef
3ff1
3ff4
3ff6
3ff9
3ffb
3ffe
0000
0002
0005
0007
000a
000c
000f
0011
0014
0016
0019
001b
001e
0020
0023
0025
0028
002a
002c
002f
0031
0034
0036
0039
003b
003e
0040
0043
0045
0048
004a
004d
004f
0052
0054
0056
0059
005b
005e
0060
0063
0065
0068
006a
006d
006f
0072
0074
0077
0079
007b
007e
0080
0083
0085
0088
008a
008d
008f
0092
0094
0097
0099
009c
009e
00a0
00a3
00a5
00a8
00aa
00ad
00af
00b2
00b4
00b7
00b9
00bc
00be
00c0
00c3
00c5
00c8
00ca
00cd
00cf
00d2
00d4
00d7
00d9
00dc
00de
00e0
00e3
00e5
00e8
00ea
00ed
00ef
00f2
00f4
00f7
00f9
00fc
00fe
0100
0103
0105
0108
010a
010d
010f
0112
0114
0117
0119
011b
011e
0120
0123
0125
0128
012a
012d
012f
0132
0134
0136
0139
013b
013e
0140
0143
0145
0148
014a
014c
014f
0151
0154
0156
0159
015b
015e
0160
0162
0165
0167
016a
016c
016f
0171
0174
0176
0178
017b
017d
0180
0182
0185
0187
018a
018c
018e
0191
0193
0196
0198
019b
019d
019f
01a2
01a4
01a7
01a9
01ac
01ae
01b1
01b3
01b5
01b8
01ba
01bd
01bf
01c2
01c4
01c6
01c9
01cb
01ce
01d0
01d3
01d5
01d7
01da
01dc
01df
01e1
01e3
01e6
01e8
01eb
01ed
01f0
01f2
01f4
01f7
01f9
01fc
01fe
0201
0203
0205
0208
020a
020d
020f
0211
0214
0216
0219
021b
021d
0220
0222
0225
0227
022a
022c
022e
0231
0233
0236
0238
023a
023d
023f
0242
0244
0246
0249
024b
024e
0250
0252
0255
0257
025a
025c
025e
0261
0263
0265
0268
026a
026d
026f
0271
0274
0276
0279
027b
027d
0280
0282
0285
0287
0289
028c
028e
0290
0293
0295
0298
029a
029c
029f
02a1
02a3
02a6
02a8
02ab
02ad
02af
02b2
02b4
02b6
02b9
02bb
02be
02c0
02c2
02c5
02c7
02c9
02cc
02ce
02d0
02d3
02d5
02d8
02da
02dc
02df
02e1
02e3
02e6
02e8
02ea
02ed
02ef
02f1
02f4
02f6
02f9
02fb
02fd
0300
0302
0304
0307
0309
030b
030e
0310
0312
0315
0317
0319
031c
031e
0320
0323
0325
0327
032a
032c
032e
0331
0333
0335
0338
033a
033c
033f
0341
0343
0346
0348
034a
034d
034f
0351
0354
0356
0358
035a
035d
035f
0361
0364
0366
0368
036b
036d
036f
0372
0374
0376
0378
037b
037d
037f
0382
0384
0386
0389
038b
038d
038f
0392
0394
0396
0399
039b
039d
03a0
03a2
03a4
03a6
03a9
03ab
03ad
03b0
03b2
03b4
03b6
03b9
03bb
03bd
03bf
03c2
03c4
03c6
03c9
03cb
03cd
03cf
03d2
03d4
03d6
03d8
03db
03dd
03df
03e1
03e4
03e6
03e8
03ea
03ed
03ef
03f1
03f3
03f6
03f8
03fa
03fc
03ff
0401
0403
0405
0408
040a
040c
040e
0411
0413
0415
0417
041a
041c
041e
0420
0423
0425
0427
0429
042b
042e
0430
0432
0434
0437
0439
043b
043d
043f
0442
0444
0446
0448
044a
044d
044f
0451
0453
0456
0458
045a
045c
045e
0461
0463
0465
0467
0469
046c
046e
0470
0472
0474
0476
0479
047b
047d
047f
0481
0484
0486
0488
048a
048c
048e
0491
0493
0495
0497
0499
049b
049e
04a0
04a2
04a4
04a6
04a8
04ab
04ad
04af
04b1
04b3
04b5
04b8
04ba
04bc
04be
04c0
04c2
04c4
04c7
04c9
04cb
04cd
04cf
04d1
04d3
04d6
04d8
04da
04dc
04de
04e0
04e2
04e4
04e7
04e9
04eb
04ed
04ef
04f1
04f3
04f5
04f8
04fa
04fc
04fe
0500
0502
0504
0506
0508
050b
050d
050f
0511
0513
0515
0517
0519
051b
051d
051f
0522
0524
0526
0528
052a
052c
052e
0530
0532
0534
0536
0538
053b
053d
053f
0541
0543
0545
0547
0549
054b
054d
054f
0551
0553
0555
0557
0559
055b
055e
0560
0562
0564
0566
0568
056a
056c
056e
0570
0572
0574
0576
0578
057a
057c
057e
0580
0582
0584
0586
0588
058a
058c
058e
0590
0592
0594
0596
0598
059a
059c
059e
05a0
05a2
05a4
05a6
05a8
05aa
05ac
05ae
05b0
05b2
05b4
05b6
05b8
05ba
05bc
05be
05c0
05c2
05c4
05c6
05c8
05ca
05cc
05ce
05d0
05d2
05d4
05d6
05d8
05da
05dc
05de
05e0
05e2
05e4
05e6
05e7
05e9
05eb
05ed
05ef
05f1
05f3
05f5
05f7
05f9
05fb
05fd
05ff
0601
0603
0605
0606
0608
060a
060c
060e
0610
0612
0614
0616
0618
061a
061b
061d
061f
0621
0623
0625
0627
0629
062b
062d
062e
0630
0632
0634
0636
0638
063a
063c
063e
063f
0641
0643
0645
0647
0649
064b
064c
064e
0650
0652
0654
0656
0658
065a
065b
065d
065f
0661
0663
0665
0666
0668
066a
066c
066e
0670
0671
0673
0675
0677
0679
067b
067c
067e
0680
0682
0684
0685
0687
0689
068b
068d
068f
0690
0692
0694
0696
0698
0699
069b
069d
069f
06a0
06a2
06a4
06a6
06a8
06a9
06ab
06ad
06af
06b1
06b2
06b4
06b6
06b8
06b9
06bb
06bd
06bf
06c0
06c2
06c4
06c6
06c7
06c9
06cb
06cd
06ce
06d0
06d2
06d4
06d5
06d7
06d9
06db
06dc
06de
06e0
06e1
06e3
06e5
06e7
06e8
06ea
06ec
06ed
06ef
06f1
06f3
06f4
06f6
06f8
06f9
06fb
06fd
06fe
0700
0702
0704
0705
0707
0709
070a
070c
070e
070f
0711
0713
0714
0716
0718
0719
071b
071d
071e
0720
0722
0723
0725
0727
0728
072a
072b
072d
072f
0730
0732
0734
0735
0737
0739
073a
073c
073d
073f
0741
0742
0744
0746
0747
0749
074a
074c
074e
074f
0751
0752
0754
0756
0757
0759
075a
075c
075d
075f
0761
0762
0764
0765
0767
0769
076a
076c
076d
076f
0770
0772
0773
0775
0777
0778
077a
077b
077d
077e
0780
0781
0783
0784
0786
0788
0789
078b
078c
078e
078f
0791
0792
0794
0795
0797
0798
079a
079b
079d
079e
07a0
07a1
07a3
07a4
07a6
07a7
07a9
07aa
07ac
07ad
07af
07b0
07b2
07b3
07b5
07b6
07b8
07b9
07bb
07bc
07bd
07bf
07c0
07c2
07c3
07c5
07c6
07c8
07c9
07cb
07cc
07cd
07cf
07d0
07d2
07d3
07d5
07d6
07d7
07d9
07da
07dc
07dd
07df
07e0
07e1
07e3
07e4
07e6
07e7
07e8
07ea
07eb
07ed
07ee
07ef
07f1
07f2
07f4
07f5
07f6
07f8
07f9
07fa
07fc
07fd
07ff
0800
0801
0803
0804
0805
0807
0808
0809
080b
080c
080d
080f
0810
0811
0813
0814
0815
0817
0818
0819
081b
081c
081d
081f
0820
0821
0823
0824
0825
0827
0828
0829
082a
082c
082d
082e
0830
0831
0832
0834
0835
0836
0837
0839
083a
083b
083c
083e
083f
0840
0842
0843
0844
0845
0847
0848
0849
084a
084c
084d
084e
084f
0850
0852
0853
0854
0855
0857
0858
0859
085a
085c
085d
085e
085f
0860
0862
0863
0864
0865
0866
0868
0869
086a
086b
086c
086e
086f
0870
0871
0872
0873
0875
0876
0877
0878
0879
087a
087c
087d
087e
087f
0880
0881
0882
0884
0885
0886
0887
0888
0889
088a
088c
088d
088e
088f
0890
0891
0892
0893
0894
0896
0897
0898
0899
089a
089b
089c
089d
089e
089f
08a0
08a2
08a3
08a4
08a5
08a6
08a7
08a8
08a9
08aa
08ab
08ac
08ad
08ae
08af
08b0
08b2
08b3
08b4
08b5
08b6
08b7
08b8
08b9
08ba
08bb
08bc
08bd
08be
08bf
08c0
08c1
08c2
08c3
08c4
08c5
08c6
08c7
08c8
08c9
08ca
08cb
08cc
08cd
08ce
08cf
08d0
08d1
08d2
08d3
08d4
08d5
08d6
08d7
08d8
08d9
08da
08db
08dc
08dc
08dd
08de
08df
08e0
08e1
08e2
08e3
08e4
08e5
08e6
08e7
08e8
08e9
08ea
08ea
08eb
08ec
08ed
08ee
08ef
08f0
08f1
08f2
08f3
08f3
08f4
08f5
08f6
08f7
08f8
08f9
08fa
08fb
08fb
08fc
08fd
08fe
08ff
0900
0901
0901
0902
0903
0904
0905
0906
0907
0907
0908
0909
090a
090b
090c
090c
090d
090e
090f
0910
0910
0911
0912
0913
0914
0915
0915
0916
0917
0918
0918
0919
091a
091b
091c
091c
091d
091e
091f
091f
0920
0921
0922
0923
0923
0924
0925
0926
0926
0927
0928
0929
0929
092a
092b
092b
092c
092d
092e
092e
092f
0930
0931
0931
0932
0933
0933
0934
0935
0935
0936
0937
0938
0938
0939
093a
093a
093b
093c
093c
093d
093e
093e
093f
0940
0940
0941
0942
0942
0943
0944
0944
0945
0946
0946
0947
0947
0948
0949
0949
094a
094b
094b
094c
094c
094d
094e
094e
094f
094f
0950
0951
0951
0952
0952
0953
0954
0954
0955
0955
0956
0956
0957
0958
0958
0959
0959
095a
095a
095b
095c
095c
095d
095d
095e
095e
095f
095f
0960
0960
0961
0961
0962
0962
0963
0964
0964
0965
0965
0966
0966
0967
0967
0968
0968
0969
0969
096a
096a
096a
096b
096b
096c
096c
096d
096d
096e
096e
096f
096f
0970
0970
0971
0971
0971
0972
0972
0973
0973
0974
0974
0974
0975
0975
0976
0976
0977
0977
0977
0978
0978
0979
0979
0979
097a
097a
097b
097b
097b
097c
097c
097c
097d
097d
097e
097e
097e
097f
097f
097f
0980
0980
0980
0981
0981
0982
0982
0982
0983
0983
0983
0984
0984
0984
0985
0985
0985
0985
0986
0986
0986
0987
0987
0987
0988
0988
0988
0988
0989
0989
0989
098a
098a
098a
098a
098b
098b
098b
098b
098c
098c
098c
098d
098d
098d
098d
098e
098e
098e
098e
098e
098f
098f
098f
098f
0990
0990
0990
0990
0990
0991
0991
0991
0991
0991
0992
0992
0992
0992
0992
0993
0993
0993
0993
0993
0993
0994
0994
0994
0994
0994
0994
0995
0995
0995
0995
0995
0995
0995
0996
0996
0996
0996
0996
0996
0996
0996
0997
0997
0997
0997
0997
0997
0997
0997
0997
0998
0998
0998
0998
0998
0998
0998
0998
0998
0998
0998
0998
0998
0999
0999
0999
0999
0999
0999
0999
0999
0999
0999
0999
0999
0999
0999
0999
0999
0999
0999
0999
0999
0999
0999
0999
0999
0999
0999
0999
0999
0999
0999
0999
0999
0999
0999
0999
0999
0999
0999
0999
0999
0999
0999
0999
0999
0999
0999
0999
0999
0999
0999
0998
0998
0998
0998
0998
0998
0998
0998
0998
0998
0998
0998
0998
0997
0997
0997
0997
0997
0997
0997
0997
0997
0996
0996
0996
0996
0996
0996
0996
0996
0995
0995
0995
0995
0995
0995
0995
0994
0994
0994
0994
0994
0994
0993
0993
0993
0993
0993
0993
0992
0992
0992
0992
0992
0991
0991
0991
0991
0991
0990
0990
0990
0990
0990
098f
098f
098f
098f
098e
098e
098e
098e
098e
098d
098d
098d
098d
098c
098c
098c
098b
098b
098b
098b
098a
098a
098a
098a
0989
0989
0989
0988
0988
0988
0988
0987
0987
0987
0986
0986
0986
0985
0985
0985
0985
0984
0984
0984
0983
0983
0983
0982
0982
0982
0981
0981
0980
0980
0980
097f
097f
097f
097e
097e
097e
097d
097d
097c
097c
097c
097b
097b
097b
097a
097a
0979
0979
0979
0978
0978
0977
0977
0977
0976
0976
0975
0975
0974
0974
0974
0973
0973
0972
0972
0971
0971
0971
0970
0970
096f
096f
096e
096e
096d
096d
096c
096c
096b
096b
096a
096a
096a
0969
0969
0968
0968
0967
0967
0966
0966
0965
0965
0964
0964
0963
0962
0962
0961
0961
0960
0960
095f
095f
095e
095e
095d
095d
095c
095c
095b
095a
095a
0959
0959
0958
0958
0957
0956
0956
0955
0955
0954
0954
0953
0952
0952
0951
0951
0950
094f
094f
094e
094e
094d
094c
094c
094b
094b
094a
0949
0949
0948
0947
0947
0946
0946
0945
0944
0944
0943
0942
0942
0941
0940
0940
093f
093e
093e
093d
093c
093c
093b
093a
093a
0939
0938
0938
0937
0936
0935
0935
0934
0933
0933
0932
0931
0931
0930
092f
092e
092e
092d
092c
092b
092b
092a
0929
0929
0928
0927
0926
0926
0925
0924
0923
0923
0922
0921
0920
091f
091f
091e
091d
091c
091c
091b
091a
0919
0918
0918
0917
0916
0915
0915
0914
0913
0912
0911
0910
0910
090f
090e
090d
090c
090c
090b
090a
0909
0908
0907
0907
0906
0905
0904
0903
0902
0901
0901
0900
08ff
08fe
08fd
08fc
08fb
08fb
08fa
08f9
08f8
08f7
08f6
08f5
08f4
08f3
08f3
08f2
08f1
08f0
08ef
08ee
08ed
08ec
08eb
08ea
08ea
08e9
08e8
08e7
08e6
08e5
08e4
08e3
08e2
08e1
08e0
08df
08de
08dd
08dc
08dc
08db
08da
08d9
08d8
08d7
08d6
08d5
08d4
08d3
08d2
08d1
08d0
08cf
08ce
08cd
08cc
08cb
08ca
08c9
08c8
08c7
08c6
08c5
08c4
08c3
08c2
08c1
08c0
08bf
08be
08bd
08bc
08bb
08ba
08b9
08b8
08b7
08b6
08b5
08b4
08b3
08b2
08b0
08af
08ae
08ad
08ac
08ab
08aa
08a9
08a8
08a7
08a6
08a5
08a4
08a3
08a2
08a0
089f
089e
089d
089c
089b
089a
0899
0898
0897
0896
0894
0893
0892
0891
0890
088f
088e
088d
088c
088a
0889
0888
0887
0886
0885
0884
0882
0881
0880
087f
087e
087d
087c
087a
0879
0878
0877
0876
0875
0873
0872
0871
0870
086f
086e
086c
086b
086a
0869
0868
0866
0865
0864
0863
0862
0860
085f
085e
085d
085c
085a
0859
0858
0857
0855
0854
0853
0852
0850
084f
084e
084d
084c
084a
0849
0848
0847
0845
0844
0843
0842
0840
083f
083e
083c
083b
083a
0839
0837
0836
0835
0834
0832
0831
0830
082e
082d
082c
082a
0829
0828
0827
0825
0824
0823
0821
0820
081f
081d
081c
081b
0819
0818
0817
0815
0814
0813
0811
0810
080f
080d
080c
080b
0809
0808
0807
0805
0804
0803
0801
0800
07ff
07fd
07fc
07fa
07f9
07f8
07f6
07f5
07f4
07f2
07f1
07ef
07ee
07ed
07eb
07ea
07e8
07e7
07e6
07e4
07e3
07e1
07e0
07df
07dd
07dc
07da
07d9
07d7
07d6
07d5
07d3
07d2
07d0
07cf
07cd
07cc
07cb
07c9
07c8
07c6
07c5
07c3
07c2
07c0
07bf
07bd
07bc
07bb
07b9
07b8
07b6
07b5
07b3
07b2
07b0
07af
07ad
07ac
07aa
07a9
07a7
07a6
07a4
07a3
07a1
07a0
079e
079d
079b
079a
0798
0797
0795
0794
0792
0791
078f
078e
078c
078b
0789
0788
0786
0784
0783
0781
0780
077e
077d
077b
077a
0778
0777
0775
0773
0772
0770
076f
076d
076c
076a
0769
0767
0765
0764
0762
0761
075f
075d
075c
075a
0759
0757
0756
0754
0752
0751
074f
074e
074c
074a
0749
0747
0746
0744
0742
0741
073f
073d
073c
073a
0739
0737
0735
0734
0732
0730
072f
072d
072b
072a
0728
0727
0725
0723
0722
0720
071e
071d
071b
0719
0718
0716
0714
0713
0711
070f
070e
070c
070a
0709
0707
0705
0704
0702
0700
06fe
06fd
06fb
06f9
06f8
06f6
06f4
06f3
06f1
06ef
06ed
06ec
06ea
06e8
06e7
06e5
06e3
06e1
06e0
06de
06dc
06db
06d9
06d7
06d5
06d4
06d2
06d0
06ce
06cd
06cb
06c9
06c7
06c6
06c4
06c2
06c0
06bf
06bd
06bb
06b9
06b8
06b6
06b4
06b2
06b1
06af
06ad
06ab
06a9
06a8
06a6
06a4
06a2
06a0
069f
069d
069b
0699
0698
0696
0694
0692
0690
068f
068d
068b
0689
0687
0685
0684
0682
0680
067e
067c
067b
0679
0677
0675
0673
0671
0670
066e
066c
066a
0668
0666
0665
0663
0661
065f
065d
065b
065a
0658
0656
0654
0652
0650
064e
064c
064b
0649
0647
0645
0643
0641
063f
063e
063c
063a
0638
0636
0634
0632
0630
062e
062d
062b
0629
0627
0625
0623
0621
061f
061d
061b
061a
0618
0616
0614
0612
0610
060e
060c
060a
0608
0606
0605
0603
0601
05ff
05fd
05fb
05f9
05f7
05f5
05f3
05f1
05ef
05ed
05eb
05e9
05e7
05e6
05e4
05e2
05e0
05de
05dc
05da
05d8
05d6
05d4
05d2
05d0
05ce
05cc
05ca
05c8
05c6
05c4
05c2
05c0
05be
05bc
05ba
05b8
05b6
05b4
05b2
05b0
05ae
05ac
05aa
05a8
05a6
05a4
05a2
05a0
059e
059c
059a
0598
0596
0594
0592
0590
058e
058c
058a
0588
0586
0584
0582
0580
057e
057c
057a
0578
0576
0574
0572
0570
056e
056c
056a
0568
0566
0564
0562
0560
055e
055b
0559
0557
0555
0553
0551
054f
054d
054b
0549
0547
0545
0543
0541
053f
053d
053b
0538
0536
0534
0532
0530
052e
052c
052a
0528
0526
0524
0522
051f
051d
051b
0519
0517
0515
0513
0511
050f
050d
050b
0508
0506
0504
0502
0500
04fe
04fc
04fa
04f8
04f5
04f3
04f1
04ef
04ed
04eb
04e9
04e7
04e4
04e2
04e0
04de
04dc
04da
04d8
04d6
04d3
04d1
04cf
04cd
04cb
04c9
04c7
04c4
04c2
04c0
04be
04bc
04ba
04b8
04b5
04b3
04b1
04af
04ad
04ab
04a8
04a6
04a4
04a2
04a0
049e
049b
0499
0497
0495
0493
0491
048e
048c
048a
0488
0486
0484
0481
047f
047d
047b
0479
0476
0474
0472
0470
046e
046c
0469
0467
0465
0463
0461
045e
045c
045a
0458
0456
0453
0451
044f
044d
044a
0448
0446
0444
0442
043f
043d
043b
0439
0437
0434
0432
0430
042e
042b
0429
0427
0425
0423
0420
041e
041c
041a
0417
0415
0413
0411
040e
040c
040a
0408
0405
0403
0401
03ff
03fc
03fa
03f8
03f6
03f3
03f1
03ef
03ed
03ea
03e8
03e6
03e4
03e1
03df
03dd
03db
03d8
03d6
03d4
03d2
03cf
03cd
03cb
03c9
03c6
03c4
03c2
03bf
03bd
03bb
03b9
03b6
03b4
03b2
03b0
03ad
03ab
03a9
03a6
03a4
03a2
03a0
039d
039b
0399
0396
0394
0392
038f
038d
038b
0389
0386
0384
0382
037f
037d
037b
0378
0376
0374
0372
036f
036d
036b
0368
0366
0364
0361
035f
035d
035a
0358
0356
0354
0351
034f
034d
034a
0348
0346
0343
0341
033f
033c
033a
0338
0335
0333
0331
032e
032c
032a
0327
0325
0323
0320
031e
031c
0319
0317
0315
0312
0310
030e
030b
0309
0307
0304
0302
0300
02fd
02fb
02f9
02f6
02f4
02f1
02ef
02ed
02ea
02e8
02e6
02e3
02e1
02df
02dc
02da
02d8
02d5
02d3
02d0
02ce
02cc
02c9
02c7
02c5
02c2
02c0
02be
02bb
02b9
02b6
02b4
02b2
02af
02ad
02ab
02a8
02a6
02a3
02a1
029f
029c
029a
0298
0295
0293
0290
028e
028c
0289
0287
0285
0282
0280
027d
027b
0279
0276
0274
0271
026f
026d
026a
0268
0265
0263
0261
025e
025c
025a
0257
0255
0252
0250
024e
024b
0249
0246
0244
0242
023f
023d
023a
0238
0236
0233
0231
022e
022c
022a
0227
0225
0222
0220
021d
021b
0219
0216
0214
0211
020f
020d
020a
0208
0205
0203
0201
01fe
01fc
01f9
01f7
01f4
01f2
01f0
01ed
01eb
01e8
01e6
01e3
01e1
01df
01dc
01da
01d7
01d5
01d3
01d0
01ce
01cb
01c9
01c6
01c4
01c2
01bf
01bd
01ba
01b8
01b5
01b3
01b1
01ae
01ac
01a9
01a7
01a4
01a2
019f
019d
019b
0198
0196
0193
0191
018e
018c
018a
0187
0185
0182
0180
017d
017b
0178
0176
0174
0171
016f
016c
016a
0167
0165
0162
0160
015e
015b
0159
0156
0154
0151
014f
014c
014a
0148
0145
0143
0140
013e
013b
0139
0136
0134
0132
012f
012d
012a
0128
0125
0123
0120
011e
011b
0119
0117
0114
0112
010f
010d
010a
0108
0105
0103
0100
00fe
00fc
00f9
00f7
00f4
00f2
00ef
00ed
00ea
00e8
00e5
00e3
00e0
00de
00dc
00d9
00d7
00d4
00d2
00cf
00cd
00ca
00c8
00c5
00c3
00c0
00be
00bc
00b9
00b7
00b4
00b2
00af
00ad
00aa
00a8
00a5
00a3
00a0
009e
009c
0099
0097
0094
0092
008f
008d
008a
0088
0085
0083
0080
007e
007b
0079
0077
0074
0072
006f
006d
006a
0068
0065
0063
0060
005e
005b
0059
0056
0054
0052
004f
004d
004a
0048
0045
0043
0040
003e
003b
0039
0036
0034
0031
002f
002c
002a
0028
0025
0023
0020
001e
001b
0019
0016
0014
0011
000f
000c
000a
0007
0005
0002
0000
3ffe
3ffb
3ff9
3ff6
3ff4
3ff1
3fef
3fec
3fea
3fe7
3fe5
3fe2
3fe0
3fdd
3fdb
3fd8
3fd6
3fd4
3fd1
3fcf
3fcc
3fca
3fc7
3fc5
3fc2
3fc0
3fbd
3fbb
3fb8
3fb6
3fb3
3fb1
3fae
3fac
3faa
3fa7
3fa5
3fa2
3fa0
3f9d
3f9b
3f98
3f96
3f93
3f91
3f8e
3f8c
3f89
3f87
3f85
3f82
3f80
3f7d
3f7b
3f78
3f76
3f73
3f71
3f6e
3f6c
3f69
3f67
3f64
3f62
3f60
3f5d
3f5b
3f58
3f56
3f53
3f51
3f4e
3f4c
3f49
3f47
3f44
3f42
3f40
3f3d
3f3b
3f38
3f36
3f33
3f31
3f2e
3f2c
3f29
3f27
3f24
3f22
3f20
3f1d
3f1b
3f18
3f16
3f13
3f11
3f0e
3f0c
3f09
3f07
3f04
3f02
3f00
3efd
3efb
3ef8
3ef6
3ef3
3ef1
3eee
3eec
3ee9
3ee7
3ee5
3ee2
3ee0
3edd
3edb
3ed8
3ed6
3ed3
3ed1
3ece
3ecc
3eca
3ec7
3ec5
3ec2
3ec0
3ebd
3ebb
3eb8
3eb6
3eb4
3eb1
3eaf
3eac
3eaa
3ea7
3ea5
3ea2
3ea0
3e9e
3e9b
3e99
3e96
3e94
3e91
3e8f
3e8c
3e8a
3e88
3e85
3e83
3e80
3e7e
3e7b
3e79
3e76
3e74
3e72
3e6f
3e6d
3e6a
3e68
3e65
3e63
3e61
3e5e
3e5c
3e59
3e57
3e54
3e52
3e4f
3e4d
3e4b
3e48
3e46
3e43
3e41
3e3e
3e3c
3e3a
3e37
3e35
3e32
3e30
3e2d
3e2b
3e29
3e26
3e24
3e21
3e1f
3e1d
3e1a
3e18
3e15
3e13
3e10
3e0e
3e0c
3e09
3e07
3e04
3e02
3dff
3dfd
3dfb
3df8
3df6
3df3
3df1
3def
3dec
3dea
3de7
3de5
3de3
3de0
3dde
3ddb
3dd9
3dd6
3dd4
3dd2
3dcf
3dcd
3dca
3dc8
3dc6
3dc3
3dc1
3dbe
3dbc
3dba
3db7
3db5
3db2
3db0
3dae
3dab
3da9
3da6
3da4
3da2
3d9f
3d9d
3d9b
3d98
3d96
3d93
3d91
3d8f
3d8c
3d8a
3d87
3d85
3d83
3d80
3d7e
3d7b
3d79
3d77
3d74
3d72
3d70
3d6d
3d6b
3d68
3d66
3d64
3d61
3d5f
3d5d
3d5a
3d58
3d55
3d53
3d51
3d4e
3d4c
3d4a
3d47
3d45
3d42
3d40
3d3e
3d3b
3d39
3d37
3d34
3d32
3d30
3d2d
3d2b
3d28
3d26
3d24
3d21
3d1f
3d1d
3d1a
3d18
3d16
3d13
3d11
3d0f
3d0c
3d0a
3d07
3d05
3d03
3d00
3cfe
3cfc
3cf9
3cf7
3cf5
3cf2
3cf0
3cee
3ceb
3ce9
3ce7
3ce4
3ce2
3ce0
3cdd
3cdb
3cd9
3cd6
3cd4
3cd2
3ccf
3ccd
3ccb
3cc8
3cc6
3cc4
3cc1
3cbf
3cbd
3cba
3cb8
3cb6
3cb3
3cb1
3caf
3cac
3caa
3ca8
3ca6
3ca3
3ca1
3c9f
3c9c
3c9a
3c98
3c95
3c93
3c91
3c8e
3c8c
3c8a
3c88
3c85
3c83
3c81
3c7e
3c7c
3c7a
3c77
3c75
3c73
3c71
3c6e
3c6c
3c6a
3c67
3c65
3c63
3c60
3c5e
3c5c
3c5a
3c57
3c55
3c53
3c50
3c4e
3c4c
3c4a
3c47
3c45
3c43
3c41
3c3e
3c3c
3c3a
3c37
3c35
3c33
3c31
3c2e
3c2c
3c2a
3c28
3c25
3c23
3c21
3c1f
3c1c
3c1a
3c18
3c16
3c13
3c11
3c0f
3c0d
3c0a
3c08
3c06
3c04
3c01
3bff
3bfd
3bfb
3bf8
3bf6
3bf4
3bf2
3bef
3bed
3beb
3be9
3be6
3be4
3be2
3be0
3bdd
3bdb
3bd9
3bd7
3bd5
3bd2
3bd0
3bce
3bcc
3bc9
3bc7
3bc5
3bc3
3bc1
3bbe
3bbc
3bba
3bb8
3bb6
3bb3
3bb1
3baf
3bad
3baa
3ba8
3ba6
3ba4
3ba2
3b9f
3b9d
3b9b
3b99
3b97
3b94
3b92
3b90
3b8e
3b8c
3b8a
3b87
3b85
3b83
3b81
3b7f
3b7c
3b7a
3b78
3b76
3b74
3b72
3b6f
3b6d
3b6b
3b69
3b67
3b65
3b62
3b60
3b5e
3b5c
3b5a
3b58
3b55
3b53
3b51
3b4f
3b4d
3b4b
3b48
3b46
3b44
3b42
3b40
3b3e
3b3c
3b39
3b37
3b35
3b33
3b31
3b2f
3b2d
3b2a
3b28
3b26
3b24
3b22
3b20
3b1e
3b1c
3b19
3b17
3b15
3b13
3b11
3b0f
3b0d
3b0b
3b08
3b06
3b04
3b02
3b00
3afe
3afc
3afa
3af8
3af5
3af3
3af1
3aef
3aed
3aeb
3ae9
3ae7
3ae5
3ae3
3ae1
3ade
3adc
3ada
3ad8
3ad6
3ad4
3ad2
3ad0
3ace
3acc
3aca
3ac8
3ac5
3ac3
3ac1
3abf
3abd
3abb
3ab9
3ab7
3ab5
3ab3
3ab1
3aaf
3aad
3aab
3aa9
3aa7
3aa5
3aa2
3aa0
3a9e
3a9c
3a9a
3a98
3a96
3a94
3a92
3a90
3a8e
3a8c
3a8a
3a88
3a86
3a84
3a82
3a80
3a7e
3a7c
3a7a
3a78
3a76
3a74
3a72
3a70
3a6e
3a6c
3a6a
3a68
3a66
3a64
3a62
3a60
3a5e
3a5c
3a5a
3a58
3a56
3a54
3a52
3a50
3a4e
3a4c
3a4a
3a48
3a46
3a44
3a42
3a40
3a3e
3a3c
3a3a
3a38
3a36
3a34
3a32
3a30
3a2e
3a2c
3a2a
3a28
3a26
3a24
3a22
3a20
3a1e
3a1c
3a1a
3a19
3a17
3a15
3a13
3a11
3a0f
3a0d
3a0b
3a09
3a07
3a05
3a03
3a01
39ff
39fd
39fb
39fa
39f8
39f6
39f4
39f2
39f0
39ee
39ec
39ea
39e8
39e6
39e5
39e3
39e1
39df
39dd
39db
39d9
39d7
39d5
39d3
39d2
39d0
39ce
39cc
39ca
39c8
39c6
39c4
39c2
39c1
39bf
39bd
39bb
39b9
39b7
39b5
39b4
39b2
39b0
39ae
39ac
39aa
39a8
39a6
39a5
39a3
39a1
399f
399d
399b
399a
3998
3996
3994
3992
3990
398f
398d
398b
3989
3987
3985
3984
3982
3980
397e
397c
397b
3979
3977
3975
3973
3971
3970
396e
396c
396a
3968
3967
3965
3963
3961
3960
395e
395c
395a
3958
3957
3955
3953
3951
394f
394e
394c
394a
3948
3947
3945
3943
3941
3940
393e
393c
393a
3939
3937
3935
3933
3932
3930
392e
392c
392b
3929
3927
3925
3924
3922
3920
391f
391d
391b
3919
3918
3916
3914
3913
3911
390f
390d
390c
390a
3908
3907
3905
3903
3902
3900
38fe
38fc
38fb
38f9
38f7
38f6
38f4
38f2
38f1
38ef
38ed
38ec
38ea
38e8
38e7
38e5
38e3
38e2
38e0
38de
38dd
38db
38d9
38d8
38d6
38d5
38d3
38d1
38d0
38ce
38cc
38cb
38c9
38c7
38c6
38c4
38c3
38c1
38bf
38be
38bc
38ba
38b9
38b7
38b6
38b4
38b2
38b1
38af
38ae
38ac
38aa
38a9
38a7
38a6
38a4
38a3
38a1
389f
389e
389c
389b
3899
3897
3896
3894
3893
3891
3890
388e
388d
388b
3889
3888
3886
3885
3883
3882
3880
387f
387d
387c
387a
3878
3877
3875
3874
3872
3871
386f
386e
386c
386b
3869
3868
3866
3865
3863
3862
3860
385f
385d
385c
385a
3859
3857
3856
3854
3853
3851
3850
384e
384d
384b
384a
3848
3847
3845
3844
3843
3841
3840
383e
383d
383b
383a
3838
3837
3835
3834
3833
3831
3830
382e
382d
382b
382a
3829
3827
3826
3824
3823
3821
3820
381f
381d
381c
381a
3819
3818
3816
3815
3813
3812
3811
380f
380e
380c
380b
380a
3808
3807
3806
3804
3803
3801
3800
37ff
37fd
37fc
37fb
37f9
37f8
37f7
37f5
37f4
37f3
37f1
37f0
37ef
37ed
37ec
37eb
37e9
37e8
37e7
37e5
37e4
37e3
37e1
37e0
37df
37dd
37dc
37db
37d9
37d8
37d7
37d6
37d4
37d3
37d2
37d0
37cf
37ce
37cc
37cb
37ca
37c9
37c7
37c6
37c5
37c4
37c2
37c1
37c0
37be
37bd
37bc
37bb
37b9
37b8
37b7
37b6
37b4
37b3
37b2
37b1
37b0
37ae
37ad
37ac
37ab
37a9
37a8
37a7
37a6
37a4
37a3
37a2
37a1
37a0
379e
379d
379c
379b
379a
3798
3797
3796
3795
3794
3792
3791
3790
378f
378e
378d
378b
378a
3789
3788
3787
3786
3784
3783
3782
3781
3780
377f
377e
377c
377b
377a
3779
3778
3777
3776
3774
3773
3772
3771
3770
376f
376e
376d
376c
376a
3769
3768
3767
3766
3765
3764
3763
3762
3761
3760
375e
375d
375c
375b
375a
3759
3758
3757
3756
3755
3754
3753
3752
3751
3750
374e
374d
374c
374b
374a
3749
3748
3747
3746
3745
3744
3743
3742
3741
3740
373f
373e
373d
373c
373b
373a
3739
3738
3737
3736
3735
3734
3733
3732
3731
3730
372f
372e
372d
372c
372b
372a
3729
3728
3727
3726
3725
3724
3724
3723
3722
3721
3720
371f
371e
371d
371c
371b
371a
3719
3718
3717
3716
3716
3715
3714
3713
3712
3711
3710
370f
370e
370d
370d
370c
370b
370a
3709
3708
3707
3706
3705
3705
3704
3703
3702
3701
3700
36ff
36ff
36fe
36fd
36fc
36fb
36fa
36f9
36f9
36f8
36f7
36f6
36f5
36f4
36f4
36f3
36f2
36f1
36f0
36f0
36ef
36ee
36ed
36ec
36eb
36eb
36ea
36e9
36e8
36e8
36e7
36e6
36e5
36e4
36e4
36e3
36e2
36e1
36e1
36e0
36df
36de
36dd
36dd
36dc
36db
36da
36da
36d9
36d8
36d7
36d7
36d6
36d5
36d5
36d4
36d3
36d2
36d2
36d1
36d0
36cf
36cf
36ce
36cd
36cd
36cc
36cb
36cb
36ca
36c9
36c8
36c8
36c7
36c6
36c6
36c5
36c4
36c4
36c3
36c2
36c2
36c1
36c0
36c0
36bf
36be
36be
36bd
36bc
36bc
36bb
36ba
36ba
36b9
36b9
36b8
36b7
36b7
36b6
36b5
36b5
36b4
36b4
36b3
36b2
36b2
36b1
36b1
36b0
36af
36af
36ae
36ae
36ad
36ac
36ac
36ab
36ab
36aa
36aa
36a9
36a8
36a8
36a7
36a7
36a6
36a6
36a5
36a4
36a4
36a3
36a3
36a2
36a2
36a1
36a1
36a0
36a0
369f
369f
369e
369e
369d
369c
369c
369b
369b
369a
369a
3699
3699
3698
3698
3697
3697
3696
3696
3696
3695
3695
3694
3694
3693
3693
3692
3692
3691
3691
3690
3690
368f
368f
368f
368e
368e
368d
368d
368c
368c
368c
368b
368b
368a
368a
3689
3689
3689
3688
3688
3687
3687
3687
3686
3686
3685
3685
3685
3684
3684
3684
3683
3683
3682
3682
3682
3681
3681
3681
3680
3680
3680
367f
367f
367e
367e
367e
367d
367d
367d
367c
367c
367c
367b
367b
367b
367b
367a
367a
367a
3679
3679
3679
3678
3678
3678
3678
3677
3677
3677
3676
3676
3676
3676
3675
3675
3675
3675
3674
3674
3674
3673
3673
3673
3673
3672
3672
3672
3672
3672
3671
3671
3671
3671
3670
3670
3670
3670
3670
366f
366f
366f
366f
366f
366e
366e
366e
366e
366e
366d
366d
366d
366d
366d
366d
366c
366c
366c
366c
366c
366c
366b
366b
366b
366b
366b
366b
366b
366a
366a
366a
366a
366a
366a
366a
366a
3669
3669
3669
3669
3669
3669
3669
3669
3669
3668
3668
3668
3668
3668
3668
3668
3668
3668
3668
3668
3668
3668
3667
3667
3667
3667
3667
3667
3667
3667
3667
3667
3667
3667
3667
3667
3667
3667
3667
3667
3667
3667
3667
3667
3667
3667
3667
3667
3667
3667
3667
3667
3667
3667
3667
3667
3667
3667
3667
3667
3667
3667
3667
3667
3667
3667
3667
3667
3667
3667
3667
3667
3668
3668
3668
3668
3668
3668
3668
3668
3668
3668
3668
3668
3668
3669
3669
3669
3669
3669
3669
3669
3669
3669
366a
366a
366a
366a
366a
366a
366a
366a
366b
366b
366b
366b
366b
366b
366b
366c
366c
366c
366c
366c
366c
366d
366d
366d
366d
366d
366d
366e
366e
366e
366e
366e
366f
366f
366f
366f
366f
3670
3670
3670
3670
3670
3671
3671
3671
3671
3672
3672
3672
3672
3672
3673
3673
3673
3673
3674
3674
3674
3675
3675
3675
3675
3676
3676
3676
3676
3677
3677
3677
3678
3678
3678
3678
3679
3679
3679
367a
367a
367a
367b
367b
367b
367b
367c
367c
367c
367d
367d
367d
367e
367e
367e
367f
367f
3680
3680
3680
3681
3681
3681
3682
3682
3682
3683
3683
3684
3684
3684
3685
3685
3685
3686
3686
3687
3687
3687
3688
3688
3689
3689
3689
368a
368a
368b
368b
368c
368c
368c
368d
368d
368e
368e
368f
368f
368f
3690
3690
3691
3691
3692
3692
3693
3693
3694
3694
3695
3695
3696
3696
3696
3697
3697
3698
3698
3699
3699
369a
369a
369b
369b
369c
369c
369d
369e
369e
369f
369f
36a0
36a0
36a1
36a1
36a2
36a2
36a3
36a3
36a4
36a4
36a5
36a6
36a6
36a7
36a7
36a8
36a8
36a9
36aa
36aa
36ab
36ab
36ac
36ac
36ad
36ae
36ae
36af
36af
36b0
36b1
36b1
36b2
36b2
36b3
36b4
36b4
36b5
36b5
36b6
36b7
36b7
36b8
36b9
36b9
36ba
36ba
36bb
36bc
36bc
36bd
36be
36be
36bf
36c0
36c0
36c1
36c2
36c2
36c3
36c4
36c4
36c5
36c6
36c6
36c7
36c8
36c8
36c9
36ca
36cb
36cb
36cc
36cd
36cd
36ce
36cf
36cf
36d0
36d1
36d2
36d2
36d3
36d4
36d5
36d5
36d6
36d7
36d7
36d8
36d9
36da
36da
36db
36dc
36dd
36dd
36de
36df
36e0
36e1
36e1
36e2
36e3
36e4
36e4
36e5
36e6
36e7
36e8
36e8
36e9
36ea
36eb
36eb
36ec
36ed
36ee
36ef
36f0
36f0
36f1
36f2
36f3
36f4
36f4
36f5
36f6
36f7
36f8
36f9
36f9
36fa
36fb
36fc
36fd
36fe
36ff
36ff
3700
3701
3702
3703
3704
3705
3705
3706
3707
3708
3709
370a
370b
370c
370d
370d
370e
370f
3710
3711
3712
3713
3714
3715
3716
3716
3717
3718
3719
371a
371b
371c
371d
371e
371f
3720
3721
3722
3723
3724
3724
3725
3726
3727
3728
3729
372a
372b
372c
372d
372e
372f
3730
3731
3732
3733
3734
3735
3736
3737
3738
3739
373a
373b
373c
373d
373e
373f
3740
3741
3742
3743
3744
3745
3746
3747
3748
3749
374a
374b
374c
374d
374e
3750
3751
3752
3753
3754
3755
3756
3757
3758
3759
375a
375b
375c
375d
375e
3760
3761
3762
3763
3764
3765
3766
3767
3768
3769
376a
376c
376d
376e
376f
3770
3771
3772
3773
3774
3776
3777
3778
3779
377a
377b
377c
377e
377f
3780
3781
3782
3783
3784
3786
3787
3788
3789
378a
378b
378d
378e
378f
3790
3791
3792
3794
3795
3796
3797
3798
379a
379b
379c
379d
379e
37a0
37a1
37a2
37a3
37a4
37a6
37a7
37a8
37a9
37ab
37ac
37ad
37ae
37b0
37b1
37b2
37b3
37b4
37b6
37b7
37b8
37b9
37bb
37bc
37bd
37be
37c0
37c1
37c2
37c4
37c5
37c6
37c7
37c9
37ca
37cb
37cc
37ce
37cf
37d0
37d2
37d3
37d4
37d6
37d7
37d8
37d9
37db
37dc
37dd
37df
37e0
37e1
37e3
37e4
37e5
37e7
37e8
37e9
37eb
37ec
37ed
37ef
37f0
37f1
37f3
37f4
37f5
37f7
37f8
37f9
37fb
37fc
37fd
37ff
3800
3801
3803
3804
3806
3807
3808
380a
380b
380c
380e
380f
3811
3812
3813
3815
3816
3818
3819
381a
381c
381d
381f
3820
3821
3823
3824
3826
3827
3829
382a
382b
382d
382e
3830
3831
3833
3834
3835
3837
3838
383a
383b
383d
383e
3840
3841
3843
3844
3845
3847
3848
384a
384b
384d
384e
3850
3851
3853
3854
3856
3857
3859
385a
385c
385d
385f
3860
3862
3863
3865
3866
3868
3869
386b
386c
386e
386f
3871
3872
3874
3875
3877
3878
387a
387c
387d
387f
3880
3882
3883
3885
3886
3888
3889
388b
388d
388e
3890
3891
3893
3894
3896
3897
3899
389b
389c
389e
389f
38a1
38a3
38a4
38a6
38a7
38a9
38aa
38ac
38ae
38af
38b1
38b2
38b4
38b6
38b7
38b9
38ba
38bc
38be
38bf
38c1
38c3
38c4
38c6
38c7
38c9
38cb
38cc
38ce
38d0
38d1
38d3
38d5
38d6
38d8
38d9
38db
38dd
38de
38e0
38e2
38e3
38e5
38e7
38e8
38ea
38ec
38ed
38ef
38f1
38f2
38f4
38f6
38f7
38f9
38fb
38fc
38fe
3900
3902
3903
3905
3907
3908
390a
390c
390d
390f
3911
3913
3914
3916
3918
3919
391b
391d
391f
3920
3922
3924
3925
3927
3929
392b
392c
392e
3930
3932
3933
3935
3937
3939
393a
393c
393e
3940
3941
3943
3945
3947
3948
394a
394c
394e
394f
3951
3953
3955
3957
3958
395a
395c
395e
3960
3961
3963
3965
3967
3968
396a
396c
396e
3970
3971
3973
3975
3977
3979
397b
397c
397e
3980
3982
3984
3985
3987
3989
398b
398d
398f
3990
3992
3994
3996
3998
399a
399b
399d
399f
39a1
39a3
39a5
39a6
39a8
39aa
39ac
39ae
39b0
39b2
39b4
39b5
39b7
39b9
39bb
39bd
39bf
39c1
39c2
39c4
39c6
39c8
39ca
39cc
39ce
39d0
39d2
39d3
39d5
39d7
39d9
39db
39dd
39df
39e1
39e3
39e5
39e6
39e8
39ea
39ec
39ee
39f0
39f2
39f4
39f6
39f8
39fa
39fb
39fd
39ff
3a01
3a03
3a05
3a07
3a09
3a0b
3a0d
3a0f
3a11
3a13
3a15
3a17
3a19
3a1a
3a1c
3a1e
3a20
3a22
3a24
3a26
3a28
3a2a
3a2c
3a2e
3a30
3a32
3a34
3a36
3a38
3a3a
3a3c
3a3e
3a40
3a42
3a44
3a46
3a48
3a4a
3a4c
3a4e
3a50
3a52
3a54
3a56
3a58
3a5a
3a5c
3a5e
3a60
3a62
3a64
3a66
3a68
3a6a
3a6c
3a6e
3a70
3a72
3a74
3a76
3a78
3a7a
3a7c
3a7e
3a80
3a82
3a84
3a86
3a88
3a8a
3a8c
3a8e
3a90
3a92
3a94
3a96
3a98
3a9a
3a9c
3a9e
3aa0
3aa2
3aa5
3aa7
3aa9
3aab
3aad
3aaf
3ab1
3ab3
3ab5
3ab7
3ab9
3abb
3abd
3abf
3ac1
3ac3
3ac5
3ac8
3aca
3acc
3ace
3ad0
3ad2
3ad4
3ad6
3ad8
3ada
3adc
3ade
3ae1
3ae3
3ae5
3ae7
3ae9
3aeb
3aed
3aef
3af1
3af3
3af5
3af8
3afa
3afc
3afe
3b00
3b02
3b04
3b06
3b08
3b0b
3b0d
3b0f
3b11
3b13
3b15
3b17
3b19
3b1c
3b1e
3b20
3b22
3b24
3b26
3b28
3b2a
3b2d
3b2f
3b31
3b33
3b35
3b37
3b39
3b3c
3b3e
3b40
3b42
3b44
3b46
3b48
3b4b
3b4d
3b4f
3b51
3b53
3b55
3b58
3b5a
3b5c
3b5e
3b60
3b62
3b65
3b67
3b69
3b6b
3b6d
3b6f
3b72
3b74
3b76
3b78
3b7a
3b7c
3b7f
3b81
3b83
3b85
3b87
3b8a
3b8c
3b8e
3b90
3b92
3b94
3b97
3b99
3b9b
3b9d
3b9f
3ba2
3ba4
3ba6
3ba8
3baa
3bad
3baf
3bb1
3bb3
3bb6
3bb8
3bba
3bbc
3bbe
3bc1
3bc3
3bc5
3bc7
3bc9
3bcc
3bce
3bd0
3bd2
3bd5
3bd7
3bd9
3bdb
3bdd
3be0
3be2
3be4
3be6
3be9
3beb
3bed
3bef
3bf2
3bf4
3bf6
3bf8
3bfb
3bfd
3bff
3c01
3c04
3c06
3c08
3c0a
3c0d
3c0f
3c11
3c13
3c16
3c18
3c1a
3c1c
3c1f
3c21
3c23
3c25
3c28
3c2a
3c2c
3c2e
3c31
3c33
3c35
3c37
3c3a
3c3c
3c3e
3c41
3c43
3c45
3c47
3c4a
3c4c
3c4e
3c50
3c53
3c55
3c57
3c5a
3c5c
3c5e
3c60
3c63
3c65
3c67
3c6a
3c6c
3c6e
3c71
3c73
3c75
3c77
3c7a
3c7c
3c7e
3c81
3c83
3c85
3c88
3c8a
3c8c
3c8e
3c91
3c93
3c95
3c98
3c9a
3c9c
3c9f
3ca1
3ca3
3ca6
3ca8
3caa
3cac
3caf
3cb1
3cb3
3cb6
3cb8
3cba
3cbd
3cbf
3cc1
3cc4
3cc6
3cc8
3ccb
3ccd
3ccf
3cd2
3cd4
3cd6
3cd9
3cdb
3cdd
3ce0
3ce2
3ce4
3ce7
3ce9
3ceb
3cee
3cf0
3cf2
3cf5
3cf7
3cf9
3cfc
3cfe
3d00
3d03
3d05
3d07
3d0a
3d0c
3d0f
3d11
3d13
3d16
3d18
3d1a
3d1d
3d1f
3d21
3d24
3d26
3d28
3d2b
3d2d
3d30
3d32
3d34
3d37
3d39
3d3b
3d3e
3d40
3d42
3d45
3d47
3d4a
3d4c
3d4e
3d51
3d53
3d55
3d58
3d5a
3d5d
3d5f
3d61
3d64
3d66
3d68
3d6b
3d6d
3d70
3d72
3d74
3d77
3d79
3d7b
3d7e
3d80
3d83
3d85
3d87
3d8a
3d8c
3d8f
3d91
3d93
3d96
3d98
3d9b
3d9d
3d9f
3da2
3da4
3da6
3da9
3dab
3dae
3db0
3db2
3db5
3db7
3dba
3dbc
3dbe
3dc1
3dc3
3dc6
3dc8
3dca
3dcd
3dcf
3dd2
3dd4
3dd6
3dd9
3ddb
3dde
3de0
3de3
3de5
3de7
3dea
3dec
3def
3df1
3df3
3df6
3df8
3dfb
3dfd
3dff
3e02
3e04
3e07
3e09
3e0c
3e0e
3e10
3e13
3e15
3e18
3e1a
3e1d
3e1f
3e21
3e24
3e26
3e29
3e2b
3e2d
3e30
3e32
3e35
3e37
3e3a
3e3c
3e3e
3e41
3e43
3e46
3e48
3e4b
3e4d
3e4f
3e52
3e54
3e57
3e59
3e5c
3e5e
3e61
3e63
3e65
3e68
3e6a
3e6d
3e6f
3e72
3e74
3e76
3e79
3e7b
3e7e
3e80
3e83
3e85
3e88
3e8a
3e8c
3e8f
3e91
3e94
3e96
3e99
3e9b
3e9e
3ea0
3ea2
3ea5
3ea7
3eaa
3eac
3eaf
3eb1
3eb4
3eb6
3eb8
3ebb
3ebd
3ec0
3ec2
3ec5
3ec7
3eca
3ecc
3ece
3ed1
3ed3
3ed6
3ed8
3edb
3edd
3ee0
3ee2
3ee5
3ee7
3ee9
3eec
3eee
3ef1
3ef3
3ef6
3ef8
3efb
3efd
3f00
3f02
3f04
3f07
3f09
3f0c
3f0e
3f11
3f13
3f16
3f18
3f1b
3f1d
3f20
3f22
3f24
3f27
3f29
3f2c
3f2e
3f31
3f33
3f36
3f38
3f3b
3f3d
3f40
3f42
3f44
3f47
3f49
3f4c
3f4e
3f51
3f53
3f56
3f58
3f5b
3f5d
3f60
3f62
3f64
3f67
3f69
3f6c
3f6e
3f71
3f73
3f76
3f78
3f7b
3f7d
3f80
3f82
3f85
3f87
3f89
3f8c
3f8e
3f91
3f93
3f96
3f98
3f9b
3f9d
3fa0
3fa2
3fa5
3fa7
3faa
3fac
3fae
3fb1
3fb3
3fb6
3fb8
3fbb
3fbd
3fc0
3fc2
3fc5
3fc7
3fca
3fcc
3fcf
3fd1
3fd4
3fd6
3fd8
3fdb
3fdd
3fe0
3fe2
3fe5
3fe7
3fea
3fec
3fef
3ff1
3ff4
3ff6
3ff9
3ffb
3ffe
0000
0002
0005
0007
000a
000c
000f
0011
0014
0016
0019
001b
001e
0020
0023
0025
0028
002a
002c
002f
0031
0034
0036
0039
003b
003e
0040
0043
0045
0048
004a
004d
004f
0052
0054
0056
0059
005b
005e
0060
0063
0065
0068
006a
006d
006f
0072
0074
0077
0079
007b
007e
0080
0083
0085
0088
008a
008d
008f
0092
0094
0097
0099
009c
009e
00a0
00a3
00a5
00a8
00aa
00ad
00af
00b2
00b4
00b7
00b9
00bc
00be
00c0
00c3
00c5
00c8
00ca
00cd
00cf
00d2
00d4
00d7
00d9
00dc
00de
00e0
00e3
00e5
00e8
00ea
00ed
00ef
00f2
00f4
00f7
00f9
00fc
00fe
0100
0103
0105
0108
010a
010d
010f
0112
0114
0117
0119
011b
011e
0120
0123
0125
0128
012a
012d
012f
0132
0134
0136
0139
013b
013e
0140
0143
0145
0148
014a
014c
014f
0151
0154
0156
0159
015b
015e
0160
0162
0165
0167
016a
016c
016f
0171
0174
0176
0178
017b
017d
0180
0182
0185
0187
018a
018c
018e
0191
0193
0196
0198
019b
019d
019f
01a2
01a4
01a7
01a9
01ac
01ae
01b1
01b3
01b5
01b8
01ba
01bd
01bf
01c2
01c4
01c6
01c9
01cb
01ce
01d0
01d3
01d5
01d7
01da
01dc
01df
01e1
01e3
01e6
01e8
01eb
01ed
01f0
01f2
01f4
01f7
01f9
01fc
01fe
0201
0203
0205
0208
020a
020d
020f
0211
0214
0216
0219
021b
021d
0220
0222
0225
0227
022a
022c
022e
0231
0233
0236
0238
023a
023d
023f
0242
0244
0246
0249
024b
024e
0250
0252
0255
0257
025a
025c
025e
0261
0263
0265
0268
026a
026d
026f
0271
0274
0276
0279
027b
027d
0280
0282
0285
0287
0289
028c
028e
0290
0293
0295
0298
029a
029c
029f
02a1
02a3
02a6
02a8
02ab
02ad
02af
02b2
02b4
02b6
02b9
02bb
02be
02c0
02c2
02c5
02c7
02c9
02cc
02ce
02d0
02d3
02d5
02d8
02da
02dc
02df
02e1
02e3
02e6
02e8
02ea
02ed
02ef
02f1
02f4
02f6
02f9
02fb
02fd
0300
0302
0304
0307
0309
030b
030e
0310
0312
0315
0317
0319
031c
031e
0320
0323
0325
0327
032a
032c
032e
0331
0333
0335
0338
033a
033c
033f
0341
0343
0346
0348
034a
034d
034f
0351
0354
0356
0358
035a
035d
035f
0361
0364
0366
0368
036b
036d
036f
0372
0374
0376
0378
037b
037d
037f
0382
0384
0386
0389
038b
038d
038f
0392
0394
0396
0399
039b
039d
03a0
03a2
03a4
03a6
03a9
03ab
03ad
03b0
03b2
03b4
03b6
03b9
03bb
03bd
03bf
03c2
03c4
03c6
03c9
03cb
03cd
03cf
03d2
03d4
03d6
03d8
03db
03dd
03df
03e1
03e4
03e6
03e8
03ea
03ed
03ef
03f1
03f3
03f6
03f8
03fa
03fc
03ff
0401
0403
0405
0408
040a
040c
040e
0411
0413
0415
0417
041a
041c
041e
0420
0423
0425
0427
0429
042b
042e
0430
0432
0434
0437
0439
043b
043d
043f
0442
0444
0446
0448
044a
044d
044f
0451
0453
0456
0458
045a
045c
045e
0461
0463
0465
0467
0469
046c
046e
0470
0472
0474
0476
0479
047b
047d
047f
0481
0484
0486
0488
048a
048c
048e
0491
0493
0495
0497
0499
049b
049e
04a0
04a2
04a4
04a6
04a8
04ab
04ad
04af
04b1
04b3
04b5
04b8
04ba
04bc
04be
04c0
04c2
04c4
04c7
04c9
04cb
04cd
04cf
04d1
04d3
04d6
04d8
04da
04dc
04de
04e0
04e2
04e4
04e7
04e9
04eb
04ed
04ef
04f1
04f3
04f5
04f8
04fa
04fc
04fe
0500
0502
0504
0506
0508
050b
050d
050f
0511
0513
0515
0517
0519
051b
051d
051f
0522
0524
0526
0528
052a
052c
052e
0530
0532
0534
0536
0538
053b
053d
053f
0541
0543
0545
0547
0549
054b
054d
054f
0551
0553
0555
0557
0559
055b
055e
0560
0562
0564
0566
0568
056a
056c
056e
0570
0572
0574
0576
0578
057a
057c
057e
0580
0582
0584
0586
0588
058a
058c
058e
0590
0592
0594
0596
0598
059a
059c
059e
05a0
05a2
05a4
05a6
05a8
05aa
05ac
05ae
05b0
05b2
05b4
05b6
05b8
05ba
05bc
05be
05c0
05c2
05c4
05c6
05c8
05ca
05cc
05ce
05d0
05d2
05d4
05d6
05d8
05da
05dc
05de
05e0
05e2
05e4
05e6
05e7
05e9
05eb
05ed
05ef
05f1
05f3
05f5
05f7
05f9
05fb
05fd
05ff
0601
0603
0605
0606
0608
060a
060c
060e
0610
0612
0614
0616
0618
061a
061b
061d
061f
0621
0623
0625
0627
0629
062b
062d
062e
0630
0632
0634
0636
0638
063a
063c
063e
063f
0641
0643
0645
0647
0649
064b
064c
064e
0650
0652
0654
0656
0658
065a
065b
065d
065f
0661
0663
0665
0666
0668
066a
066c
066e
0670
0671
0673
0675
0677
0679
067b
067c
067e
0680
0682
0684
0685
0687
0689
068b
068d
068f
0690
0692
0694
0696
0698
0699
069b
069d
069f
06a0
06a2
06a4
06a6
06a8
06a9
06ab
06ad
06af
06b1
06b2
06b4
06b6
06b8
06b9
06bb
06bd
06bf
06c0
06c2
06c4
06c6
06c7
06c9
06cb
06cd
06ce
06d0
06d2
06d4
06d5
06d7
06d9
06db
06dc
06de
06e0
06e1
06e3
06e5
06e7
06e8
06ea
06ec
06ed
06ef
06f1
06f3
06f4
06f6
06f8
06f9
06fb
06fd
06fe
0700
0702
0704
0705
0707
0709
070a
070c
070e
070f
0711
0713
0714
0716
0718
0719
071b
071d
071e
0720
0722
0723
0725
0727
0728
072a
072b
072d
072f
0730
0732
0734
0735
0737
0739
073a
073c
073d
073f
0741
0742
0744
0746
0747
0749
074a
074c
074e
074f
0751
0752
0754
0756
0757
0759
075a
075c
075d
075f
0761
0762
0764
0765
0767
0769
076a
076c
076d
076f
0770
0772
0773
0775
0777
0778
077a
077b
077d
077e
0780
0781
0783
0784
0786
0788
0789
078b
078c
078e
078f
0791
0792
0794
0795
0797
0798
079a
079b
079d
079e
07a0
07a1
07a3
07a4
07a6
07a7
07a9
07aa
07ac
07ad
07af
07b0
07b2
07b3
07b5
07b6
07b8
07b9
07bb
07bc
07bd
07bf
07c0
07c2
07c3
07c5
07c6
07c8
07c9
07cb
07cc
07cd
07cf
07d0
07d2
07d3
07d5
07d6
07d7
07d9
07da
07dc
07dd
07df
07e0
07e1
07e3
07e4
07e6
07e7
07e8
07ea
07eb
07ed
07ee
07ef
07f1
07f2
07f4
07f5
07f6
07f8
07f9
07fa
07fc
07fd
07ff
0800
0801
0803
0804
0805
0807
0808
0809
080b
080c
080d
080f
0810
0811
0813
0814
0815
0817
0818
0819
081b
081c
081d
081f
0820
0821
0823
0824
0825
0827
0828
0829
082a
082c
082d
082e
0830
0831
0832
0834
0835
0836
0837
0839
083a
083b
083c
083e
083f
0840
0842
0843
0844
0845
0847
0848
0849
084a
084c
084d
084e
084f
0850
0852
0853
0854
0855
0857
0858
0859
085a
085c
085d
085e
085f
0860
0862
0863
0864
0865
0866
0868
0869
086a
086b
086c
086e
086f
0870
0871
0872
0873
0875
0876
0877
0878
0879
087a
087c
087d
087e
087f
0880
0881
0882
0884
0885
0886
0887
0888
0889
088a
088c
088d
088e
088f
0890
0891
0892
0893
0894
0896
0897
0898
0899
089a
089b
089c
089d
089e
089f
08a0
08a2
08a3
08a4
08a5
08a6
08a7
08a8
08a9
08aa
08ab
08ac
08ad
08ae
08af
08b0
08b2
08b3
08b4
08b5
08b6
08b7
08b8
08b9
08ba
08bb
08bc
08bd
08be
08bf
08c0
08c1
08c2
08c3
08c4
08c5
08c6
08c7
08c8
08c9
08ca
08cb
08cc
08cd
08ce
08cf
08d0
08d1
08d2
08d3
08d4
08d5
08d6
08d7
08d8
08d9
08da
08db
08dc
08dc
08dd
08de
08df
08e0
08e1
08e2
08e3
08e4
08e5
08e6
08e7
08e8
08e9
08ea
08ea
08eb
08ec
08ed
08ee
08ef
08f0
08f1
08f2
08f3
08f3
08f4
08f5
08f6
08f7
08f8
08f9
08fa
08fb
08fb
08fc
08fd
08fe
08ff
0900
0901
0901
0902
0903
0904
0905
0906
0907
0907
0908
0909
090a
090b
090c
090c
090d
090e
090f
0910
0910
0911
0912
0913
0914
0915
0915
0916
0917
0918
0918
0919
091a
091b
091c
091c
091d
091e
091f
091f
0920
0921
0922
0923
0923
0924
0925
0926
0926
0927
0928
0929
0929
092a
092b
092b
092c
092d
092e
092e
092f
0930
0931
0931
0932
0933
0933
0934
0935
0935
0936
0937
0938
0938
0939
093a
093a
093b
093c
093c
093d
093e
093e
093f
0940
0940
0941
0942
0942
0943
0944
0944
0945
0946
0946
0947
0947
0948
0949
0949
094a
094b
094b
094c
094c
094d
094e
094e
094f
094f
0950
0951
0951
0952
0952
0953
0954
0954
0955
0955
0956
0956
0957
0958
0958
0959
0959
095a
095a
095b
095c
095c
095d
095d
095e
095e
095f
095f
0960
0960
0961
0961
0962
0962
0963
0964
0964
0965
0965
0966
0966
0967
0967
0968
0968
0969
0969
096a
096a
096a
096b
096b
096c
096c
096d
096d
096e
096e
096f
096f
0970
0970
0971
0971
0971
0972
0972
0973
0973
0974
0974
0974
0975
0975
0976
0976
0977
0977
0977
0978
0978
0979
0979
0979
097a
097a
097b
097b
097b
097c
097c
097c
097d
097d
097e
097e
097e
097f
097f
097f
0980
0980
0980
0981
0981
0982
0982
0982
0983
0983
0983
0984
0984
0984
0985
0985
0985
0985
0986
0986
0986
0987
0987
0987
0988
0988
0988
0988
0989
0989
0989
098a
098a
098a
098a
098b
098b
098b
098b
098c
098c
098c
098d
098d
098d
098d
098e
098e
098e
098e
098e
098f
098f
098f
098f
0990
0990
0990
0990
0990
0991
0991
0991
0991
0991
0992
0992
0992
0992
0992
0993
0993
0993
0993
0993
0993
0994
0994
0994
0994
0994
0994
0995
0995
0995
0995
0995
0995
0995
0996
0996
0996
0996
0996
0996
0996
0996
0997
0997
0997
0997
0997
0997
0997
0997
0997
0998
0998
0998
0998
0998
0998
0998
0998
0998
0998
0998
0998
0998
0999
0999
0999
0999
0999
0999
0999
0999
0999
0999
0999
0999
0999
0999
0999
0999
0999
0999
0999
0999
0999
0999
0999
0999
0999
0999
0999
0999
0999
0999
0999
0999
0999
0999
0999
0999
0999
0999
0999
0999
0999
0999
0999
0999
0999
0999
0999
0999
0999
0999
0998
0998
0998
0998
0998
0998
0998
0998
0998
0998
0998
0998
0998
0997
0997
0997
0997
0997
0997
0997
0997
0997
0996
0996
0996
0996
0996
0996
0996
0996
0995
0995
0995
0995
0995
0995
0995
0994
0994
0994
0994
0994
0994
0993
0993
0993
0993
0993
0993
0992
0992
0992
0992
0992
0991
0991
0991
0991
0991
0990
0990
0990
0990
0990
098f
098f
098f
098f
098e
098e
098e
098e
098e
098d
098d
098d
098d
098c
098c
098c
098b
098b
098b
098b
098a
098a
098a
098a
0989
0989
0989
0988
0988
0988
0988
0987
0987
0987
0986
0986
0986
0985
0985
0985
0985
0984
0984
0984
0983
0983
0983
0982
0982
0982
0981
0981
0980
0980
0980
097f
097f
097f
097e
097e
097e
097d
097d
097c
097c
097c
097b
097b
097b
097a
097a
0979
0979
0979
0978
0978
0977
0977
0977
0976
0976
0975
0975
0974
0974
0974
0973
0973
0972
0972
0971
0971
0971
0970
0970
096f
096f
096e
096e
096d
096d
096c
096c
096b
096b
096a
096a
096a
0969
0969
0968
0968
0967
0967
0966
0966
0965
0965
0964
0964
0963
0962
0962
0961
0961
0960
0960
095f
095f
095e
095e
095d
095d
095c
095c
095b
095a
095a
0959
0959
0958
0958
0957
0956
0956
0955
0955
0954
0954
0953
0952
0952
0951
0951
0950
094f
094f
094e
094e
094d
094c
094c
094b
094b
094a
0949
0949
0948
0947
0947
0946
0946
0945
0944
0944
0943
0942
0942
0941
0940
0940
093f
093e
093e
093d
093c
093c
093b
093a
093a
0939
0938
0938
0937
0936
0935
0935
0934
0933
0933
0932
0931
0931
0930
092f
092e
092e
092d
092c
092b
092b
092a
0929
0929
0928
0927
0926
0926
0925
0924
0923
0923
0922
0921
0920
091f
091f
091e
091d
091c
091c
091b
091a
0919
0918
0918
0917
0916
0915
0915
0914
0913
0912
0911
0910
0910
090f
090e
090d
090c
090c
090b
090a
0909
0908
0907
0907
0906
0905
0904
0903
0902
0901
0901
0900
08ff
08fe
08fd
08fc
08fb
08fb
08fa
08f9
08f8
08f7
08f6
08f5
08f4
08f3
08f3
08f2
08f1
08f0
08ef
08ee
08ed
08ec
08eb
08ea
08ea
08e9
08e8
08e7
08e6
08e5
08e4
08e3
08e2
08e1
08e0
08df
08de
08dd
08dc
08dc
08db
08da
08d9
08d8
08d7
08d6
08d5
08d4
08d3
08d2
08d1
08d0
08cf
08ce
08cd
08cc
08cb
08ca
08c9
08c8
08c7
08c6
08c5
08c4
08c3
08c2
08c1
08c0
08bf
08be
08bd
08bc
08bb
08ba
08b9
08b8
08b7
08b6
08b5
08b4
08b3
08b2
08b0
08af
08ae
08ad
08ac
08ab
08aa
08a9
08a8
08a7
08a6
08a5
08a4
08a3
08a2
08a0
089f
089e
089d
089c
089b
089a
0899
0898
0897
0896
0894
0893
0892
0891
0890
088f
088e
088d
088c
088a
0889
0888
0887
0886
0885
0884
0882
0881
0880
087f
087e
087d
087c
087a
0879
0878
0877
0876
0875
0873
0872
0871
0870
086f
086e
086c
086b
086a
0869
0868
0866
0865
0864
0863
0862
0860
085f
085e
085d
085c
085a
0859
0858
0857
0855
0854
0853
0852
0850
084f
084e
084d
084c
084a
0849
0848
0847
0845
0844
0843
0842
0840
083f
083e
083c
083b
083a
0839
0837
0836
0835
0834
0832
0831
0830
082e
082d
082c
082a
0829
0828
0827
0825
0824
0823
0821
0820
081f
081d
081c
081b
0819
0818
0817
0815
0814
0813
0811
0810
080f
080d
080c
080b
0809
0808
0807
0805
0804
0803
0801
0800
07ff
07fd
07fc
07fa
07f9
07f8
07f6
07f5
07f4
07f2
07f1
07ef
07ee
07ed
07eb
07ea
07e8
07e7
07e6
07e4
07e3
07e1
07e0
07df
07dd
07dc
07da
07d9
07d7
07d6
07d5
07d3
07d2
07d0
07cf
07cd
07cc
07cb
07c9
07c8
07c6
07c5
07c3
07c2
07c0
07bf
07bd
07bc
07bb
07b9
07b8
07b6
07b5
07b3
07b2
07b0
07af
07ad
07ac
07aa
07a9
07a7
07a6
07a4
07a3
07a1
07a0
079e
079d
079b
079a
0798
0797
0795
0794
0792
0791
078f
078e
078c
078b
0789
0788
0786
0784
0783
0781
0780
077e
077d
077b
077a
0778
0777
0775
0773
0772
0770
076f
076d
076c
076a
0769
0767
0765
0764
0762
0761
075f
075d
075c
075a
0759
0757
0756
0754
0752
0751
074f
074e
074c
074a
0749
0747
0746
0744
0742
0741
073f
073d
073c
073a
0739
0737
0735
0734
0732
0730
072f
072d
072b
072a
0728
0727
0725
0723
0722
0720
071e
071d
071b
0719
0718
0716
0714
0713
0711
070f
070e
070c
070a
0709
0707
0705
0704
0702
0700
06fe
06fd
06fb
06f9
06f8
06f6
06f4
06f3
06f1
06ef
06ed
06ec
06ea
06e8
06e7
06e5
06e3
06e1
06e0
06de
06dc
06db
06d9
06d7
06d5
06d4
06d2
06d0
06ce
06cd
06cb
06c9
06c7
06c6
06c4
06c2
06c0
06bf
06bd
06bb
06b9
06b8
06b6
06b4
06b2
06b1
06af
06ad
06ab
06a9
06a8
06a6
06a4
06a2
06a0
069f
069d
069b
0699
0698
0696
0694
0692
0690
068f
068d
068b
0689
0687
0685
0684
0682
0680
067e
067c
067b
0679
0677
0675
0673
0671
0670
066e
066c
066a
0668
0666
0665
0663
0661
065f
065d
065b
065a
0658
0656
0654
0652
0650
064e
064c
064b
0649
0647
0645
0643
0641
063f
063e
063c
063a
0638
0636
0634
0632
0630
062e
062d
062b
0629
0627
0625
0623
0621
061f
061d
061b
061a
0618
0616
0614
0612
0610
060e
060c
060a
0608
0606
0605
0603
0601
05ff
05fd
05fb
05f9
05f7
05f5
05f3
05f1
05ef
05ed
05eb
05e9
05e7
05e6
05e4
05e2
05e0
05de
05dc
05da
05d8
05d6
05d4
05d2
05d0
05ce
05cc
05ca
05c8
05c6
05c4
05c2
05c0
05be
05bc
05ba
05b8
05b6
05b4
05b2
05b0
05ae
05ac
05aa
05a8
05a6
05a4
05a2
05a0
059e
059c
059a
0598
0596
0594
0592
0590
058e
058c
058a
0588
0586
0584
0582
0580
057e
057c
057a
0578
0576
0574
0572
0570
056e
056c
056a
0568
0566
0564
0562
0560
055e
055b
0559
0557
0555
0553
0551
054f
054d
054b
0549
0547
0545
0543
0541
053f
053d
053b
0538
0536
0534
0532
0530
052e
052c
052a
0528
0526
0524
0522
051f
051d
051b
0519
0517
0515
0513
0511
050f
050d
050b
0508
0506
0504
0502
0500
04fe
04fc
04fa
04f8
04f5
04f3
04f1
04ef
04ed
04eb
04e9
04e7
04e4
04e2
04e0
04de
04dc
04da
04d8
04d6
04d3
04d1
04cf
04cd
04cb
04c9
04c7
04c4
04c2
04c0
04be
04bc
04ba
04b8
04b5
04b3
04b1
04af
04ad
04ab
04a8
04a6
04a4
04a2
04a0
049e
049b
0499
0497
0495
0493
0491
048e
048c
048a
0488
0486
0484
0481
047f
047d
047b
0479
0476
0474
0472
0470
046e
046c
0469
0467
0465
0463
0461
045e
045c
045a
0458
0456
0453
0451
044f
044d
044a
0448
0446
0444
0442
043f
043d
043b
0439
0437
0434
0432
0430
042e
042b
0429
0427
0425
0423
0420
041e
041c
041a
0417
0415
0413
0411
040e
040c
040a
0408
0405
0403
0401
03ff
03fc
03fa
03f8
03f6
03f3
03f1
03ef
03ed
03ea
03e8
03e6
03e4
03e1
03df
03dd
03db
03d8
03d6
03d4
03d2
03cf
03cd
03cb
03c9
03c6
03c4
03c2
03bf
03bd
03bb
03b9
03b6
03b4
03b2
03b0
03ad
03ab
03a9
03a6
03a4
03a2
03a0
039d
039b
0399
0396
0394
0392
038f
038d
038b
0389
0386
0384
0382
037f
037d
037b
0378
0376
0374
0372
036f
036d
036b
0368
0366
0364
0361
035f
035d
035a
0358
0356
0354
0351
034f
034d
034a
0348
0346
0343
0341
033f
033c
033a
0338
0335
0333
0331
032e
032c
032a
0327
0325
0323
0320
031e
031c
0319
0317
0315
0312
0310
030e
030b
0309
0307
0304
0302
0300
02fd
02fb
02f9
02f6
02f4
02f1
02ef
02ed
02ea
02e8
02e6
02e3
02e1
02df
02dc
02da
02d8
02d5
02d3
02d0
02ce
02cc
02c9
02c7
02c5
02c2
02c0
02be
02bb
02b9
02b6
02b4
02b2
02af
02ad
02ab
02a8
02a6
02a3
02a1
029f
029c
029a
0298
0295
0293
0290
028e
028c
0289
0287
0285
0282
0280
027d
027b
0279
0276
0274
0271
026f
026d
026a
0268
0265
0263
0261
025e
025c
025a
0257
0255
0252
0250
024e
024b
0249
0246
0244
0242
023f
023d
023a
0238
0236
0233
0231
022e
022c
022a
0227
0225
0222
0220
021d
021b
0219
0216
0214
0211
020f
020d
020a
0208
0205
0203
0201
01fe
01fc
01f9
01f7
01f4
01f2
01f0
01ed
01eb
01e8
01e6
01e3
01e1
01df
01dc
01da
01d7
01d5
01d3
01d0
01ce
01cb
01c9
01c6
01c4
01c2
01bf
01bd
01ba
01b8
01b5
01b3
01b1
01ae
01ac
01a9
01a7
01a4
01a2
019f
019d
019b
0198
0196
0193
0191
018e
018c
018a
0187
0185
0182
0180
017d
017b
0178
0176
0174
0171
016f
016c
016a
0167
0165
0162
0160
015e
015b
0159
0156
0154
0151
014f
014c
014a
0148
0145
0143
0140
013e
013b
0139
0136
0134
0132
012f
012d
012a
0128
0125
0123
0120
011e
011b
0119
0117
0114
0112
010f
010d
010a
0108
0105
0103
0100
00fe
00fc
00f9
00f7
00f4
00f2
00ef
00ed
00ea
00e8
00e5
00e3
00e0
00de
00dc
00d9
00d7
00d4
00d2
00cf
00cd
00ca
00c8
00c5
00c3
00c0
00be
00bc
00b9
00b7
00b4
00b2
00af
00ad
00aa
00a8
00a5
00a3
00a0
009e
009c
0099
0097
0094
0092
008f
008d
008a
0088
0085
0083
0080
007e
007b
0079
0077
0074
0072
006f
006d
006a
0068
0065
0063
0060
005e
005b
0059
0056
0054
0052
004f
004d
004a
0048
0045
0043
0040
003e
003b
0039
0036
0034
0031
002f
002c
002a
0028
0025
0023
0020
001e
001b
0019
0016
0014
0011
000f
000c
000a
0007
0005
0002
0000
3ffe
3ffb
3ff9
3ff6
3ff4
3ff1
3fef
3fec
3fea
3fe7
3fe5
3fe2
3fe0
3fdd
3fdb
3fd8
3fd6
3fd4
3fd1
3fcf
3fcc
3fca
3fc7
3fc5
3fc2
3fc0
3fbd
3fbb
3fb8
3fb6
3fb3
3fb1
3fae
3fac
3faa
3fa7
3fa5
3fa2
3fa0
3f9d
3f9b
3f98
3f96
3f93
3f91
3f8e
3f8c
3f89
3f87
3f85
3f82
3f80
3f7d
3f7b
3f78
3f76
3f73
3f71
3f6e
3f6c
3f69
3f67
3f64
3f62
3f60
3f5d
3f5b
3f58
3f56
3f53
3f51
3f4e
3f4c
3f49
3f47
3f44
3f42
3f40
3f3d
3f3b
3f38
3f36
3f33
3f31
3f2e
3f2c
3f29
3f27
3f24
3f22
3f20
3f1d
3f1b
3f18
3f16
3f13
3f11
3f0e
3f0c
3f09
3f07
3f04
3f02
3f00
3efd
3efb
3ef8
3ef6
3ef3
3ef1
3eee
3eec
3ee9
3ee7
3ee5
3ee2
3ee0
3edd
3edb
3ed8
3ed6
3ed3
3ed1
3ece
3ecc
3eca
3ec7
3ec5
3ec2
3ec0
3ebd
3ebb
3eb8
3eb6
3eb4
3eb1
3eaf
3eac
3eaa
3ea7
3ea5
3ea2
3ea0
3e9e
3e9b
3e99
3e96
3e94
3e91
3e8f
3e8c
3e8a
3e88
3e85
3e83
3e80
3e7e
3e7b
3e79
3e76
3e74
3e72
3e6f
3e6d
3e6a
3e68
3e65
3e63
3e61
3e5e
3e5c
3e59
3e57
3e54
3e52
3e4f
3e4d
3e4b
3e48
3e46
3e43
3e41
3e3e
3e3c
3e3a
3e37
3e35
3e32
3e30
3e2d
3e2b
3e29
3e26
3e24
3e21
3e1f
3e1d
3e1a
3e18
3e15
3e13
3e10
3e0e
3e0c
3e09
3e07
3e04
3e02
3dff
3dfd
3dfb
3df8
3df6
3df3
3df1
3def
3dec
3dea
3de7
3de5
3de3
3de0
3dde
3ddb
3dd9
3dd6
3dd4
3dd2
3dcf
3dcd
3dca
3dc8
3dc6
3dc3
3dc1
3dbe
3dbc
3dba
3db7
3db5
3db2
3db0
3dae
3dab
3da9
3da6
3da4
3da2
3d9f
3d9d
3d9b
3d98
3d96
3d93
3d91
3d8f
3d8c
3d8a
3d87
3d85
3d83
3d80
3d7e
3d7b
3d79
3d77
3d74
3d72
3d70
3d6d
3d6b
3d68
3d66
3d64
3d61
3d5f
3d5d
3d5a
3d58
3d55
3d53
3d51
3d4e
3d4c
3d4a
3d47
3d45
3d42
3d40
3d3e
3d3b
3d39
3d37
3d34
3d32
3d30
3d2d
3d2b
3d28
3d26
3d24
3d21
3d1f
3d1d
3d1a
3d18
3d16
3d13
3d11
3d0f
3d0c
3d0a
3d07
3d05
3d03
3d00
3cfe
3cfc
3cf9
3cf7
3cf5
3cf2
3cf0
3cee
3ceb
3ce9
3ce7
3ce4
3ce2
3ce0
3cdd
3cdb
3cd9
3cd6
3cd4
3cd2
3ccf
3ccd
3ccb
3cc8
3cc6
3cc4
3cc1
3cbf
3cbd
3cba
3cb8
3cb6
3cb3
3cb1
3caf
3cac
3caa
3ca8
3ca6
3ca3
3ca1
3c9f
3c9c
3c9a
3c98
3c95
3c93
3c91
3c8e
3c8c
3c8a
3c88
3c85
3c83
3c81
3c7e
3c7c
3c7a
3c77
3c75
3c73
3c71
3c6e
3c6c
3c6a
3c67
3c65
3c63
3c60
3c5e
3c5c
3c5a
3c57
3c55
3c53
3c50
3c4e
3c4c
3c4a
3c47
3c45
3c43
3c41
3c3e
3c3c
3c3a
3c37
3c35
3c33
3c31
3c2e
3c2c
3c2a
3c28
3c25
3c23
3c21
3c1f
3c1c
3c1a
3c18
3c16
3c13
3c11
3c0f
3c0d
3c0a
3c08
3c06
3c04
3c01
3bff
3bfd
3bfb
3bf8
3bf6
3bf4
3bf2
3bef
3bed
3beb
3be9
3be6
3be4
3be2
3be0
3bdd
3bdb
3bd9
3bd7
3bd5
3bd2
3bd0
3bce
3bcc
3bc9
3bc7
3bc5
3bc3
3bc1
3bbe
3bbc
3bba
3bb8
3bb6
3bb3
3bb1
3baf
3bad
3baa
3ba8
3ba6
3ba4
3ba2
3b9f
3b9d
3b9b
3b99
3b97
3b94
3b92
3b90
3b8e
3b8c
3b8a
3b87
3b85
3b83
3b81
3b7f
3b7c
3b7a
3b78
3b76
3b74
3b72
3b6f
3b6d
3b6b
3b69
3b67
3b65
3b62
3b60
3b5e
3b5c
3b5a
3b58
3b55
3b53
3b51
3b4f
3b4d
3b4b
3b48
3b46
3b44
3b42
3b40
3b3e
3b3c
3b39
3b37
3b35
3b33
3b31
3b2f
3b2d
3b2a
3b28
3b26
3b24
3b22
3b20
3b1e
3b1c
3b19
3b17
3b15
3b13
3b11
3b0f
3b0d
3b0b
3b08
3b06
3b04
3b02
3b00
3afe
3afc
3afa
3af8
3af5
3af3
3af1
3aef
3aed
3aeb
3ae9
3ae7
3ae5
3ae3
3ae1
3ade
3adc
3ada
3ad8
3ad6
3ad4
3ad2
3ad0
3ace
3acc
3aca
3ac8
3ac5
3ac3
3ac1
3abf
3abd
3abb
3ab9
3ab7
3ab5
3ab3
3ab1
3aaf
3aad
3aab
3aa9
3aa7
3aa5
3aa2
3aa0
3a9e
3a9c
3a9a
3a98
3a96
3a94
3a92
3a90
3a8e
3a8c
3a8a
3a88
3a86
3a84
3a82
3a80
3a7e
3a7c
3a7a
3a78
3a76
3a74
3a72
3a70
3a6e
3a6c
3a6a
3a68
3a66
3a64
3a62
3a60
3a5e
3a5c
3a5a
3a58
3a56
3a54
3a52
3a50
3a4e
3a4c
3a4a
3a48
3a46
3a44
3a42
3a40
3a3e
3a3c
3a3a
3a38
3a36
3a34
3a32
3a30
3a2e
3a2c
3a2a
3a28
3a26
3a24
3a22
3a20
3a1e
3a1c
3a1a
3a19
3a17
3a15
3a13
3a11
3a0f
3a0d
3a0b
3a09
3a07
3a05
3a03
3a01
39ff
39fd
39fb
39fa
39f8
39f6
39f4
39f2
39f0
39ee
39ec
39ea
39e8
39e6
39e5
39e3
39e1
39df
39dd
39db
39d9
39d7
39d5
39d3
39d2
39d0
39ce
39cc
39ca
39c8
39c6
39c4
39c2
39c1
39bf
39bd
39bb
39b9
39b7
39b5
39b4
39b2
39b0
39ae
39ac
39aa
39a8
39a6
39a5
39a3
39a1
399f
399d
399b
399a
3998
3996
3994
3992
3990
398f
398d
398b
3989
3987
3985
3984
3982
3980
397e
397c
397b
3979
3977
3975
3973
3971
3970
396e
396c
396a
3968
3967
3965
3963
3961
3960
395e
395c
395a
3958
3957
3955
3953
3951
394f
394e
394c
394a
3948
3947
3945
3943
3941
3940
393e
393c
393a
3939
3937
3935
3933
3932
3930
392e
392c
392b
3929
3927
3925
3924
3922
3920
391f
391d
391b
3919
3918
3916
3914
3913
3911
390f
390d
390c
390a
3908
3907
3905
3903
3902
3900
38fe
38fc
38fb
38f9
38f7
38f6
38f4
38f2
38f1
38ef
38ed
38ec
38ea
38e8
38e7
38e5
38e3
38e2
38e0
38de
38dd
38db
38d9
38d8
38d6
38d5
38d3
38d1
38d0
38ce
38cc
38cb
38c9
38c7
38c6
38c4
38c3
38c1
38bf
38be
38bc
38ba
38b9
38b7
38b6
38b4
38b2
38b1
38af
38ae
38ac
38aa
38a9
38a7
38a6
38a4
38a3
38a1
389f
389e
389c
389b
3899
3897
3896
3894
3893
3891
3890
388e
388d
388b
3889
3888
3886
3885
3883
3882
3880
387f
387d
387c
387a
3878
3877
3875
3874
3872
3871
386f
386e
386c
386b
3869
3868
3866
3865
3863
3862
3860
385f
385d
385c
385a
3859
3857
3856
3854
3853
3851
3850
384e
384d
384b
384a
3848
3847
3845
3844
3843
3841
3840
383e
383d
383b
383a
3838
3837
3835
3834
3833
3831
3830
382e
382d
382b
382a
3829
3827
3826
3824
3823
3821
3820
381f
381d
381c
381a
3819
3818
3816
3815
3813
3812
3811
380f
380e
380c
380b
380a
3808
3807
3806
3804
3803
3801
3800
37ff
37fd
37fc
37fb
37f9
37f8
37f7
37f5
37f4
37f3
37f1
37f0
37ef
37ed
37ec
37eb
37e9
37e8
37e7
37e5
37e4
37e3
37e1
37e0
37df
37dd
37dc
37db
37d9
37d8
37d7
37d6
37d4
37d3
37d2
37d0
37cf
37ce
37cc
37cb
37ca
37c9
37c7
37c6
37c5
37c4
37c2
37c1
37c0
37be
37bd
37bc
37bb
37b9
37b8
37b7
37b6
37b4
37b3
37b2
37b1
37b0
37ae
37ad
37ac
37ab
37a9
37a8
37a7
37a6
37a4
37a3
37a2
37a1
37a0
379e
379d
379c
379b
379a
3798
3797
3796
3795
3794
3792
3791
3790
378f
378e
378d
378b
378a
3789
3788
3787
3786
3784
3783
3782
3781
3780
377f
377e
377c
377b
377a
3779
3778
3777
3776
3774
3773
3772
3771
3770
376f
376e
376d
376c
376a
3769
3768
3767
3766
3765
3764
3763
3762
3761
3760
375e
375d
375c
375b
375a
3759
3758
3757
3756
3755
3754
3753
3752
3751
3750
374e
374d
374c
374b
374a
3749
3748
3747
3746
3745
3744
3743
3742
3741
3740
373f
373e
373d
373c
373b
373a
3739
3738
3737
3736
3735
3734
3733
3732
3731
3730
372f
372e
372d
372c
372b
372a
3729
3728
3727
3726
3725
3724
3724
3723
3722
3721
3720
371f
371e
371d
371c
371b
371a
3719
3718
3717
3716
3716
3715
3714
3713
3712
3711
3710
370f
370e
370d
370d
370c
370b
370a
3709
3708
3707
3706
3705
3705
3704
3703
3702
3701
3700
36ff
36ff
36fe
36fd
36fc
36fb
36fa
36f9
36f9
36f8
36f7
36f6
36f5
36f4
36f4
36f3
36f2
36f1
36f0
36f0
36ef
36ee
36ed
36ec
36eb
36eb
36ea
36e9
36e8
36e8
36e7
36e6
36e5
36e4
36e4
36e3
36e2
36e1
36e1
36e0
36df
36de
36dd
36dd
36dc
36db
36da
36da
36d9
36d8
36d7
36d7
36d6
36d5
36d5
36d4
36d3
36d2
36d2
36d1
36d0
36cf
36cf
36ce
36cd
36cd
36cc
36cb
36cb
36ca
36c9
36c8
36c8
36c7
36c6
36c6
36c5
36c4
36c4
36c3
36c2
36c2
36c1
36c0
36c0
36bf
36be
36be
36bd
36bc
36bc
36bb
36ba
36ba
36b9
36b9
36b8
36b7
36b7
36b6
36b5
36b5
36b4
36b4
36b3
36b2
36b2
36b1
36b1
36b0
36af
36af
36ae
36ae
36ad
36ac
36ac
36ab
36ab
36aa
36aa
36a9
36a8
36a8
36a7
36a7
36a6
36a6
36a5
36a4
36a4
36a3
36a3
36a2
36a2
36a1
36a1
36a0
36a0
369f
369f
369e
369e
369d
369c
369c
369b
369b
369a
369a
3699
3699
3698
3698
3697
3697
3696
3696
3696
3695
3695
3694
3694
3693
3693
3692
3692
3691
3691
3690
3690
368f
368f
368f
368e
368e
368d
368d
368c
368c
368c
368b
368b
368a
368a
3689
3689
3689
3688
3688
3687
3687
3687
3686
3686
3685
3685
3685
3684
3684
3684
3683
3683
3682
3682
3682
3681
3681
3681
3680
3680
3680
367f
367f
367e
367e
367e
367d
367d
367d
367c
367c
367c
367b
367b
367b
367b
367a
367a
367a
3679
3679
3679
3678
3678
3678
3678
3677
3677
3677
3676
3676
3676
3676
3675
3675
3675
3675
3674
3674
3674
3673
3673
3673
3673
3672
3672
3672
3672
3672
3671
3671
3671
3671
3670
3670
3670
3670
3670
366f
366f
366f
366f
366f
366e
366e
366e
366e
366e
366d
366d
366d
366d
366d
366d
366c
366c
366c
366c
366c
366c
366b
366b
366b
366b
366b
366b
366b
366a
366a
366a
366a
366a
366a
366a
366a
3669
3669
3669
3669
3669
3669
3669
3669
3669
3668
3668
3668
3668
3668
3668
3668
3668
3668
3668
3668
3668
3668
3667
3667
3667
3667
3667
3667
3667
3667
3667
3667
3667
3667
3667
3667
3667
3667
3667
3667
3667
3667
3667
3667
3667
3667
3667
3667
3667
3667
3667
3667
3667
3667
3667
3667
3667
3667
3667
3667
3667
3667
3667
3667
3667
3667
3667
3667
3667
3667
3667
3667
3668
3668
3668
3668
3668
3668
3668
3668
3668
3668
3668
3668
3668
3669
3669
3669
3669
3669
3669
3669
3669
3669
366a
366a
366a
366a
366a
366a
366a
366a
366b
366b
366b
366b
366b
366b
366b
366c
366c
366c
366c
366c
366c
366d
366d
366d
366d
366d
366d
366e
366e
366e
366e
366e
366f
366f
366f
366f
366f
3670
3670
3670
3670
3670
3671
3671
3671
3671
3672
3672
3672
3672
3672
3673
3673
3673
3673
3674
3674
3674
3675
3675
3675
3675
3676
3676
3676
3676
3677
3677
3677
3678
3678
3678
3678
3679
3679
3679
367a
367a
367a
367b
367b
367b
367b
367c
367c
367c
367d
367d
367d
367e
367e
367e
367f
367f
3680
3680
3680
3681
3681
3681
3682
3682
3682
3683
3683
3684
3684
3684
3685
3685
3685
3686
3686
3687
3687
3687
3688
3688
3689
3689
3689
368a
368a
368b
368b
368c
368c
368c
368d
368d
368e
368e
368f
368f
368f
3690
3690
3691
3691
3692
3692
3693
3693
3694
3694
3695
3695
3696
3696
3696
3697
3697
3698
3698
3699
3699
369a
369a
369b
369b
369c
369c
369d
369e
369e
369f
369f
36a0
36a0
36a1
36a1
36a2
36a2
36a3
36a3
36a4
36a4
36a5
36a6
36a6
36a7
36a7
36a8
36a8
36a9
36aa
36aa
36ab
36ab
36ac
36ac
36ad
36ae
36ae
36af
36af
36b0
36b1
36b1
36b2
36b2
36b3
36b4
36b4
36b5
36b5
36b6
36b7
36b7
36b8
36b9
36b9
36ba
36ba
36bb
36bc
36bc
36bd
36be
36be
36bf
36c0
36c0
36c1
36c2
36c2
36c3
36c4
36c4
36c5
36c6
36c6
36c7
36c8
36c8
36c9
36ca
36cb
36cb
36cc
36cd
36cd
36ce
36cf
36cf
36d0
36d1
36d2
36d2
36d3
36d4
36d5
36d5
36d6
36d7
36d7
36d8
36d9
36da
36da
36db
36dc
36dd
36dd
36de
36df
36e0
36e1
36e1
36e2
36e3
36e4
36e4
36e5
36e6
36e7
36e8
36e8
36e9
36ea
36eb
36eb
36ec
36ed
36ee
36ef
36f0
36f0
36f1
36f2
36f3
36f4
36f4
36f5
36f6
36f7
36f8
36f9
36f9
36fa
36fb
36fc
36fd
36fe
36ff
36ff
3700
3701
3702
3703
3704
3705
3705
3706
3707
3708
3709
370a
370b
370c
370d
370d
370e
370f
3710
3711
3712
3713
3714
3715
3716
3716
3717
3718
3719
371a
371b
371c
371d
371e
371f
3720
3721
3722
3723
3724
3724
3725
3726
3727
3728
3729
372a
372b
372c
372d
372e
372f
3730
3731
3732
3733
3734
3735
3736
3737
3738
3739
373a
373b
373c
373d
373e
373f
3740
3741
3742
3743
3744
3745
3746
3747
3748
3749
374a
374b
374c
374d
374e
3750
3751
3752
3753
3754
3755
3756
3757
3758
3759
375a
375b
375c
375d
375e
3760
3761
3762
3763
3764
3765
3766
3767
3768
3769
376a
376c
376d
376e
376f
3770
3771
3772
3773
3774
3776
3777
3778
3779
377a
377b
377c
377e
377f
3780
3781
3782
3783
3784
3786
3787
3788
3789
378a
378b
378d
378e
378f
3790
3791
3792
3794
3795
3796
3797
3798
379a
379b
379c
379d
379e
37a0
37a1
37a2
37a3
37a4
37a6
37a7
37a8
37a9
37ab
37ac
37ad
37ae
37b0
37b1
37b2
37b3
37b4
37b6
37b7
37b8
37b9
37bb
37bc
37bd
37be
37c0
37c1
37c2
37c4
37c5
37c6
37c7
37c9
37ca
37cb
37cc
37ce
37cf
37d0
37d2
37d3
37d4
37d6
37d7
37d8
37d9
37db
37dc
37dd
37df
37e0
37e1
37e3
37e4
37e5
37e7
37e8
37e9
37eb
37ec
37ed
37ef
37f0
37f1
37f3
37f4
37f5
37f7
37f8
37f9
37fb
37fc
37fd
37ff
3800
3801
3803
3804
3806
3807
3808
380a
380b
380c
380e
380f
3811
3812
3813
3815
3816
3818
3819
381a
381c
381d
381f
3820
3821
3823
3824
3826
3827
3829
382a
382b
382d
382e
3830
3831
3833
3834
3835
3837
3838
383a
383b
383d
383e
3840
3841
3843
3844
3845
3847
3848
384a
384b
384d
384e
3850
3851
3853
3854
3856
3857
3859
385a
385c
385d
385f
3860
3862
3863
3865
3866
3868
3869
386b
386c
386e
386f
3871
3872
3874
3875
3877
3878
387a
387c
387d
387f
3880
3882
3883
3885
3886
3888
3889
388b
388d
388e
3890
3891
3893
3894
3896
3897
3899
389b
389c
389e
389f
38a1
38a3
38a4
38a6
38a7
38a9
38aa
38ac
38ae
38af
38b1
38b2
38b4
38b6
38b7
38b9
38ba
38bc
38be
38bf
38c1
38c3
38c4
38c6
38c7
38c9
38cb
38cc
38ce
38d0
38d1
38d3
38d5
38d6
38d8
38d9
38db
38dd
38de
38e0
38e2
38e3
38e5
38e7
38e8
38ea
38ec
38ed
38ef
38f1
38f2
38f4
38f6
38f7
38f9
38fb
38fc
38fe
3900
3902
3903
3905
3907
3908
390a
390c
390d
390f
3911
3913
3914
3916
3918
3919
391b
391d
391f
3920
3922
3924
3925
3927
3929
392b
392c
392e
3930
3932
3933
3935
3937
3939
393a
393c
393e
3940
3941
3943
3945
3947
3948
394a
394c
394e
394f
3951
3953
3955
3957
3958
395a
395c
395e
3960
3961
3963
3965
3967
3968
396a
396c
396e
3970
3971
3973
3975
3977
3979
397b
397c
397e
3980
3982
3984
3985
3987
3989
398b
398d
398f
3990
3992
3994
3996
3998
399a
399b
399d
399f
39a1
39a3
39a5
39a6
39a8
39aa
39ac
39ae
39b0
39b2
39b4
39b5
39b7
39b9
39bb
39bd
39bf
39c1
39c2
39c4
39c6
39c8
39ca
39cc
39ce
39d0
39d2
39d3
39d5
39d7
39d9
39db
39dd
39df
39e1
39e3
39e5
39e6
39e8
39ea
39ec
39ee
39f0
39f2
39f4
39f6
39f8
39fa
39fb
39fd
39ff
3a01
3a03
3a05
3a07
3a09
3a0b
3a0d
3a0f
3a11
3a13
3a15
3a17
3a19
3a1a
3a1c
3a1e
3a20
3a22
3a24
3a26
3a28
3a2a
3a2c
3a2e
3a30
3a32
3a34
3a36
3a38
3a3a
3a3c
3a3e
3a40
3a42
3a44
3a46
3a48
3a4a
3a4c
3a4e
3a50
3a52
3a54
3a56
3a58
3a5a
3a5c
3a5e
3a60
3a62
3a64
3a66
3a68
3a6a
3a6c
3a6e
3a70
3a72
3a74
3a76
3a78
3a7a
3a7c
3a7e
3a80
3a82
3a84
3a86
3a88
3a8a
3a8c
3a8e
3a90
3a92
3a94
3a96
3a98
3a9a
3a9c
3a9e
3aa0
3aa2
3aa5
3aa7
3aa9
3aab
3aad
3aaf
3ab1
3ab3
3ab5
3ab7
3ab9
3abb
3abd
3abf
3ac1
3ac3
3ac5
3ac8
3aca
3acc
3ace
3ad0
3ad2
3ad4
3ad6
3ad8
3ada
3adc
3ade
3ae1
3ae3
3ae5
3ae7
3ae9
3aeb
3aed
3aef
3af1
3af3
3af5
3af8
3afa
3afc
3afe
3b00
3b02
3b04
3b06
3b08
3b0b
3b0d
3b0f
3b11
3b13
3b15
3b17
3b19
3b1c
3b1e
3b20
3b22
3b24
3b26
3b28
3b2a
3b2d
3b2f
3b31
3b33
3b35
3b37
3b39
3b3c
3b3e
3b40
3b42
3b44
3b46
3b48
3b4b
3b4d
3b4f
3b51
3b53
3b55
3b58
3b5a
3b5c
3b5e
3b60
3b62
3b65
3b67
3b69
3b6b
3b6d
3b6f
3b72
3b74
3b76
3b78
3b7a
3b7c
3b7f
3b81
3b83
3b85
3b87
3b8a
3b8c
3b8e
3b90
3b92
3b94
3b97
3b99
3b9b
3b9d
3b9f
3ba2
3ba4
3ba6
3ba8
3baa
3bad
3baf
3bb1
3bb3
3bb6
3bb8
3bba
3bbc
3bbe
3bc1
3bc3
3bc5
3bc7
3bc9
3bcc
3bce
3bd0
3bd2
3bd5
3bd7
3bd9
3bdb
3bdd
3be0
3be2
3be4
3be6
3be9
3beb
3bed
3bef
3bf2
3bf4
3bf6
3bf8
3bfb
3bfd
3bff
3c01
3c04
3c06
3c08
3c0a
3c0d
3c0f
3c11
3c13
3c16
3c18
3c1a
3c1c
3c1f
3c21
3c23
3c25
3c28
3c2a
3c2c
3c2e
3c31
3c33
3c35
3c37
3c3a
3c3c
3c3e
3c41
3c43
3c45
3c47
3c4a
3c4c
3c4e
3c50
3c53
3c55
3c57
3c5a
3c5c
3c5e
3c60
3c63
3c65
3c67
3c6a
3c6c
3c6e
3c71
3c73
3c75
3c77
3c7a
3c7c
3c7e
3c81
3c83
3c85
3c88
3c8a
3c8c
3c8e
3c91
3c93
3c95
3c98
3c9a
3c9c
3c9f
3ca1
3ca3
3ca6
3ca8
3caa
3cac
3caf
3cb1
3cb3
3cb6
3cb8
3cba
3cbd
3cbf
3cc1
3cc4
3cc6
3cc8
3ccb
3ccd
3ccf
3cd2
3cd4
3cd6
3cd9
3cdb
3cdd
3ce0
3ce2
3ce4
3ce7
3ce9
3ceb
3cee
3cf0
3cf2
3cf5
3cf7
3cf9
3cfc
3cfe
3d00
3d03
3d05
3d07
3d0a
3d0c
3d0f
3d11
3d13
3d16
3d18
3d1a
3d1d
3d1f
3d21
3d24
3d26
3d28
3d2b
3d2d
3d30
3d32
3d34
3d37
3d39
3d3b
3d3e
3d40
3d42
3d45
3d47
3d4a
3d4c
3d4e
3d51
3d53
3d55
3d58
3d5a
3d5d
3d5f
3d61
3d64
3d66
3d68
3d6b
3d6d
3d70
3d72
3d74
3d77
3d79
3d7b
3d7e
3d80
3d83
3d85
3d87
3d8a
3d8c
3d8f
3d91
3d93
3d96
3d98
3d9b
3d9d
3d9f
3da2
3da4
3da6
3da9
3dab
3dae
3db0
3db2
3db5
3db7
3dba
3dbc
3dbe
3dc1
3dc3
3dc6
3dc8
3dca
3dcd
3dcf
3dd2
3dd4
3dd6
3dd9
3ddb
3dde
3de0
3de3
3de5
3de7
3dea
3dec
3def
3df1
3df3
3df6
3df8
3dfb
3dfd
3dff
3e02
3e04
3e07
3e09
3e0c
3e0e
3e10
3e13
3e15
3e18
3e1a
3e1d
3e1f
3e21
3e24
3e26
3e29
3e2b
3e2d
3e30
3e32
3e35
3e37
3e3a
3e3c
3e3e
3e41
3e43
3e46
3e48
3e4b
3e4d
3e4f
3e52
3e54
3e57
3e59
3e5c
3e5e
3e61
3e63
3e65
3e68
3e6a
3e6d
3e6f
3e72
3e74
3e76
3e79
3e7b
3e7e
3e80
3e83
3e85
3e88
3e8a
3e8c
3e8f
3e91
3e94
3e96
3e99
3e9b
3e9e
3ea0
3ea2
3ea5
3ea7
3eaa
3eac
3eaf
3eb1
3eb4
3eb6
3eb8
3ebb
3ebd
3ec0
3ec2
3ec5
3ec7
3eca
3ecc
3ece
3ed1
3ed3
3ed6
3ed8
3edb
3edd
3ee0
3ee2
3ee5
3ee7
3ee9
3eec
3eee
3ef1
3ef3
3ef6
3ef8
3efb
3efd
3f00
3f02
3f04
3f07
3f09
3f0c
3f0e
3f11
3f13
3f16
3f18
3f1b
3f1d
3f20
3f22
3f24
3f27
3f29
3f2c
3f2e
3f31
3f33
3f36
3f38
3f3b
3f3d
3f40
3f42
3f44
3f47
3f49
3f4c
3f4e
3f51
3f53
3f56
3f58
3f5b
3f5d
3f60
3f62
3f64
3f67
3f69
3f6c
3f6e
3f71
3f73
3f76
3f78
3f7b
3f7d
3f80
3f82
3f85
3f87
3f89
3f8c
3f8e
3f91
3f93
3f96
3f98
3f9b
3f9d
3fa0
3fa2
3fa5
3fa7
3faa
3fac
3fae
3fb1
3fb3
3fb6
3fb8
3fbb
3fbd
3fc0
3fc2
3fc5
3fc7
3fca
3fcc
3fcf
3fd1
3fd4
3fd6
3fd8
3fdb
3fdd
3fe0
3fe2
3fe5
3fe7
3fea
3fec
3fef
3ff1
3ff4
3ff6
3ff9
3ffb
3ffe
0000
0002
0005
0007
000a
000c
000f
0011
0014
0016
0019
001b
001e
0020
0023
0025
0028
002a
002c
002f
0031
0034
0036
0039
003b
003e
0040
0043
0045
0048
004a
004d
004f
0052
0054
0056
0059
005b
005e
0060
0063
0065
0068
006a
006d
006f
0072
0074
0077
0079
007b
007e
0080
0083
0085
0088
008a
008d
008f
0092
0094
0097
0099
009c
009e
00a0
00a3
00a5
00a8
00aa
00ad
00af
00b2
00b4
00b7
00b9
00bc
00be
00c0
00c3
00c5
00c8
00ca
00cd
00cf
00d2
00d4
00d7
00d9
00dc
00de
00e0
00e3
00e5
00e8
00ea
00ed
00ef
00f2
00f4
00f7
00f9
00fc
00fe
0100
0103
0105
0108
010a
010d
010f
0112
0114
0117
0119
011b
011e
0120
0123
0125
0128
012a
012d
012f
0132
0134
0136
0139
013b
013e
0140
0143
0145
0148
014a
014c
014f
0151
0154
0156
0159
015b
015e
0160
0162
0165
0167
016a
016c
016f
0171
0174
0176
0178
017b
017d
0180
0182
0185
0187
018a
018c
018e
0191
0193
0196
0198
019b
019d
019f
01a2
01a4
01a7
01a9
01ac
01ae
01b1
01b3
01b5
01b8
01ba
01bd
01bf
01c2
01c4
01c6
01c9
01cb
01ce
01d0
01d3
01d5
01d7
01da
01dc
01df
01e1
01e3
01e6
01e8
01eb
01ed
01f0
01f2
01f4
01f7
01f9
01fc
01fe
0201
0203
0205
0208
020a
020d
020f
0211
0214
0216
0219
021b
021d
0220
0222
0225
0227
022a
022c
022e
0231
0233
0236
0238
023a
023d
023f
0242
0244
0246
0249
024b
024e
0250
0252
0255
0257
025a
025c
025e
0261
0263
0265
0268
026a
026d
026f
0271
0274
0276
0279
027b
027d
0280
0282
0285
0287
0289
028c
028e
0290
0293
0295
0298
029a
029c
029f
02a1
02a3
02a6
02a8
02ab
02ad
02af
02b2
02b4
02b6
02b9
02bb
02be
02c0
02c2
02c5
02c7
02c9
02cc
02ce
02d0
02d3
02d5
02d8
02da
02dc
02df
02e1
02e3
02e6
02e8
02ea
02ed
02ef
02f1
02f4
02f6
02f9
02fb
02fd
0300
0302
0304
0307
0309
030b
030e
0310
0312
0315
0317
0319
031c
031e
0320
0323
0325
0327
032a
032c
032e
0331
0333
0335
0338
033a
033c
033f
0341
0343
0346
0348
034a
034d
034f
0351
0354
0356
0358
035a
035d
035f
0361
0364
0366
0368
036b
036d
036f
0372
0374
0376
0378
037b
037d
037f
0382
0384
0386
0389
038b
038d
038f
0392
0394
0396
0399
039b
039d
03a0
03a2
03a4
03a6
03a9
03ab
03ad
03b0
03b2
03b4
03b6
03b9
03bb
03bd
03bf
03c2
03c4
03c6
03c9
03cb
03cd
03cf
03d2
03d4
03d6
03d8
03db
03dd
03df
03e1
03e4
03e6
03e8
03ea
03ed
03ef
03f1
03f3
03f6
03f8
03fa
03fc
03ff
0401
0403
0405
0408
040a
040c
040e
0411
0413
0415
0417
041a
041c
041e
0420
0423
0425
0427
0429
042b
042e
0430
0432
0434
0437
0439
043b
043d
043f
0442
0444
0446
0448
044a
044d
044f
0451
0453
0456
0458
045a
045c
045e
0461
0463
0465
0467
0469
046c
046e
0470
0472
0474
0476
0479
047b
047d
047f
0481
0484
0486
0488
048a
048c
048e
0491
0493
0495
0497
0499
049b
049e
04a0
04a2
04a4
04a6
04a8
04ab
04ad
04af
04b1
04b3
04b5
04b8
04ba
04bc
04be
04c0
04c2
04c4
04c7
04c9
04cb
04cd
04cf
04d1
04d3
04d6
04d8
04da
04dc
04de
04e0
04e2
04e4
04e7
04e9
04eb
04ed
04ef
04f1
04f3
04f5
04f8
04fa
04fc
04fe
0500
0502
0504
0506
0508
050b
050d
050f
0511
0513
0515
0517
0519
051b
051d
051f
0522
0524
0526
0528
052a
052c
052e
0530
0532
0534
0536
0538
053b
053d
053f
0541
0543
0545
0547
0549
054b
054d
054f
0551
0553
0555
0557
0559
055b
055e
0560
0562
0564
0566
0568
056a
056c
056e
0570
0572
0574
0576
0578
057a
057c
057e
0580
0582
0584
0586
0588
058a
058c
058e
0590
0592
0594
0596
0598
059a
059c
059e
05a0
05a2
05a4
05a6
05a8
05aa
05ac
05ae
05b0
05b2
05b4
05b6
05b8
05ba
05bc
05be
05c0
05c2
05c4
05c6
05c8
05ca
05cc
05ce
05d0
05d2
05d4
05d6
05d8
05da
05dc
05de
05e0
05e2
05e4
05e6
05e7
05e9
05eb
05ed
05ef
05f1
05f3
05f5
05f7
05f9
05fb
05fd
05ff
0601
0603
0605
0606
0608
060a
060c
060e
0610
0612
0614
0616
0618
061a
061b
061d
061f
0621
0623
0625
0627
0629
062b
062d
062e
0630
0632
0634
0636
0638
063a
063c
063e
063f
0641
0643
0645
0647
0649
064b
064c
064e
0650
0652
0654
0656
0658
065a
065b
065d
065f
0661
0663
0665
0666
0668
066a
066c
066e
0670
0671
0673
0675
0677
0679
067b
067c
067e
0680
0682
0684
0685
0687
0689
068b
068d
068f
0690
0692
0694
0696
0698
0699
069b
069d
069f
06a0
06a2
06a4
06a6
06a8
06a9
06ab
06ad
06af
06b1
06b2
06b4
06b6
06b8
06b9
06bb
06bd
06bf
06c0
06c2
06c4
06c6
06c7
06c9
06cb
06cd
06ce
06d0
06d2
06d4
06d5
06d7
06d9
06db
06dc
06de
06e0
06e1
06e3
06e5
06e7
06e8
06ea
06ec
06ed
06ef
06f1
06f3
06f4
06f6
06f8
06f9
06fb
06fd
06fe
0700
0702
0704
0705
0707
0709
070a
070c
070e
070f
0711
0713
0714
0716
0718
0719
071b
071d
071e
0720
0722
0723
0725
0727
0728
072a
072b
072d
072f
0730
0732
0734
0735
0737
0739
073a
073c
073d
073f
0741
0742
0744
0746
0747
0749
074a
074c
074e
074f
0751
0752
0754
0756
0757
0759
075a
075c
075d
075f
0761
0762
0764
0765
0767
0769
076a
076c
076d
076f
0770
0772
0773
0775
0777
0778
077a
077b
077d
077e
0780
0781
0783
0784
0786
0788
0789
078b
078c
078e
078f
0791
0792
0794
0795
0797
0798
079a
079b
079d
079e
07a0
07a1
07a3
07a4
07a6
07a7
07a9
07aa
07ac
07ad
07af
07b0
07b2
07b3
07b5
07b6
07b8
07b9
07bb
07bc
07bd
07bf
07c0
07c2
07c3
07c5
07c6
07c8
07c9
07cb
07cc
07cd
07cf
07d0
07d2
07d3
07d5
07d6
07d7
07d9
07da
07dc
07dd
07df
07e0
07e1
07e3
07e4
07e6
07e7
07e8
07ea
07eb
07ed
07ee
07ef
07f1
07f2
07f4
07f5
07f6
07f8
07f9
07fa
07fc
07fd
07ff
0800
0801
0803
0804
0805
0807
0808
0809
080b
080c
080d
080f
0810
0811
0813
0814
0815
0817
0818
0819
081b
081c
081d
081f
0820
0821
0823
0824
0825
0827
0828
0829
082a
082c
082d
082e
0830
0831
0832
0834
0835
0836
0837
0839
083a
083b
083c
083e
083f
0840
0842
0843
0844
0845
0847
0848
0849
084a
084c
084d
084e
084f
0850
0852
0853
0854
0855
0857
0858
0859
085a
085c
085d
085e
085f
0860
0862
0863
0864
0865
0866
0868
0869
086a
086b
086c
086e
086f
0870
0871
0872
0873
0875
0876
0877
0878
0879
087a
087c
087d
087e
087f
0880
0881
0882
0884
0885
0886
0887
0888
0889
088a
088c
088d
088e
088f
0890
0891
0892
0893
0894
0896
0897
0898
0899
089a
089b
089c
089d
089e
089f
08a0
08a2
08a3
08a4
08a5
08a6
08a7
08a8
08a9
08aa
08ab
08ac
08ad
08ae
08af
08b0
08b2
08b3
08b4
08b5
08b6
08b7
08b8
08b9
08ba
08bb
08bc
08bd
08be
08bf
08c0
08c1
08c2
08c3
08c4
08c5
08c6
08c7
08c8
08c9
08ca
08cb
08cc
08cd
08ce
08cf
08d0
08d1
08d2
08d3
08d4
08d5
08d6
08d7
08d8
08d9
08da
08db
08dc
08dc
08dd
08de
08df
08e0
08e1
08e2
08e3
08e4
08e5
08e6
08e7
08e8
08e9
08ea
08ea
08eb
08ec
08ed
08ee
08ef
08f0
08f1
08f2
08f3
08f3
08f4
08f5
08f6
08f7
08f8
08f9
08fa
08fb
08fb
08fc
08fd
08fe
08ff
0900
0901
0901
0902
0903
0904
0905
0906
0907
0907
0908
0909
090a
090b
090c
090c
090d
090e
090f
0910
0910
0911
0912
0913
0914
0915
0915
0916
0917
0918
0918
0919
091a
091b
091c
091c
091d
091e
091f
091f
0920
0921
0922
0923
0923
0924
0925
0926
0926
0927
0928
0929
0929
092a
092b
092b
092c
092d
092e
092e
092f
0930
0931
0931
0932
0933
0933
0934
0935
0935
0936
0937
0938
0938
0939
093a
093a
093b
093c
093c
093d
093e
093e
093f
0940
0940
0941
0942
0942
0943
0944
0944
0945
0946
0946
0947
0947
0948
0949
0949
094a
094b
094b
094c
094c
094d
094e
094e
094f
094f
0950
0951
0951
0952
0952
0953
0954
0954
0955
0955
0956
0956
0957
0958
0958
0959
0959
095a
095a
095b
095c
095c
095d
095d
095e
095e
095f
095f
0960
0960
0961
0961
0962
0962
0963
0964
0964
0965
0965
0966
0966
0967
0967
0968
0968
0969
0969
096a
096a
096a
096b
096b
096c
096c
096d
096d
096e
096e
096f
096f
0970
0970
0971
0971
0971
0972
0972
0973
0973
0974
0974
0974
0975
0975
0976
0976
0977
0977
0977
0978
0978
0979
0979
0979
097a
097a
097b
097b
097b
097c
097c
097c
097d
097d
097e
097e
097e
097f
097f
097f
0980
0980
0980
0981
0981
0982
0982
0982
0983
0983
0983
0984
0984
0984
0985
0985
0985
0985
0986
0986
0986
0987
0987
0987
0988
0988
0988
0988
0989
0989
0989
098a
098a
098a
098a
098b
098b
098b
098b
098c
098c
098c
098d
098d
098d
098d
098e
098e
098e
098e
098e
098f
098f
098f
098f
0990
0990
0990
0990
0990
0991
0991
0991
0991
0991
0992
0992
0992
0992
0992
0993
0993
0993
0993
0993
0993
0994
0994
0994
0994
0994
0994
0995
0995
0995
0995
0995
0995
0995
0996
0996
0996
0996
0996
0996
0996
0996
0997
0997
0997
0997
0997
0997
0997
0997
0997
0998
0998
0998
0998
0998
0998
0998
0998
0998
0998
0998
0998
0998
0999
0999
0999
0999
0999
0999
0999
0999
0999
0999
0999
0999
0999
0999
0999
0999
0999
0999
0999
0999
0999
0999
0999
0999
0999
0999
0999
0999
0999
0999
0999
0999
0999
0999
0999
0999
0999
0999
0999
0999
0999
0999
0999
0999
0999
0999
0999
0999
0999
0999
0998
0998
0998
0998
0998
0998
0998
0998
0998
0998
0998
0998
0998
0997
0997
0997
0997
0997
0997
0997
0997
0997
0996
0996
0996
0996
0996
0996
0996
0996
0995
0995
0995
0995
0995
0995
0995
0994
0994
0994
0994
0994
0994
0993
0993
0993
0993
0993
0993
0992
0992
0992
0992
0992
0991
0991
0991
0991
0991
0990
0990
0990
0990
0990
098f
098f
098f
098f
098e
098e
098e
098e
098e
098d
098d
098d
098d
098c
098c
098c
098b
098b
098b
098b
098a
098a
098a
098a
0989
0989
0989
0988
0988
0988
0988
0987
0987
0987
0986
0986
0986
0985
0985
0985
0985
0984
0984
0984
0983
0983
0983
0982
0982
0982
0981
0981
0980
0980
0980
097f
097f
097f
097e
097e
097e
097d
097d
097c
097c
097c
097b
097b
097b
097a
097a
0979
0979
0979
0978
0978
0977
0977
0977
0976
0976
0975
0975
0974
0974
0974
0973
0973
0972
0972
0971
0971
0971
0970
0970
096f
096f
096e
096e
096d
096d
096c
096c
096b
096b
096a
096a
096a
0969
0969
0968
0968
0967
0967
0966
0966
0965
0965
0964
0964
0963
0962
0962
0961
0961
0960
0960
095f
095f
095e
095e
095d
095d
095c
095c
095b
095a
095a
0959
0959
0958
0958
0957
0956
0956
0955
0955
0954
0954
0953
0952
0952
0951
0951
0950
094f
094f
094e
094e
094d
094c
094c
094b
094b
094a
0949
0949
0948
0947
0947
0946
0946
0945
0944
0944
0943
0942
0942
0941
0940
0940
093f
093e
093e
093d
093c
093c
093b
093a
093a
0939
0938
0938
0937
0936
0935
0935
0934
0933
0933
0932
0931
0931
0930
092f
092e
092e
092d
092c
092b
092b
092a
0929
0929
0928
0927
0926
0926
0925
0924
0923
0923
0922
0921
0920
091f
091f
091e
091d
091c
091c
091b
091a
0919
0918
0918
0917
0916
0915
0915
0914
0913
0912
0911
0910
0910
090f
090e
090d
090c
090c
090b
090a
0909
0908
0907
0907
0906
0905
0904
0903
0902
0901
0901
0900
08ff
08fe
08fd
08fc
08fb
08fb
08fa
08f9
08f8
08f7
08f6
08f5
08f4
08f3
08f3
08f2
08f1
08f0
08ef
08ee
08ed
08ec
08eb
08ea
08ea
08e9
08e8
08e7
08e6
08e5
08e4
08e3
08e2
08e1
08e0
08df
08de
08dd
08dc
08dc
08db
08da
08d9
08d8
08d7
08d6
08d5
08d4
08d3
08d2
08d1
08d0
08cf
08ce
08cd
08cc
08cb
08ca
08c9
08c8
08c7
08c6
08c5
08c4
08c3
08c2
08c1
08c0
08bf
08be
08bd
08bc
08bb
08ba
08b9
08b8
08b7
08b6
08b5
08b4
08b3
08b2
08b0
08af
08ae
08ad
08ac
08ab
08aa
08a9
08a8
08a7
08a6
08a5
08a4
08a3
08a2
08a0
089f
089e
089d
089c
089b
089a
0899
0898
0897
0896
0894
0893
0892
0891
0890
088f
088e
088d
088c
088a
0889
0888
0887
0886
0885
0884
0882
0881
0880
087f
087e
087d
087c
087a
0879
0878
0877
0876
0875
0873
0872
0871
0870
086f
086e
086c
086b
086a
0869
0868
0866
0865
0864
0863
0862
0860
085f
085e
085d
085c
085a
0859
0858
0857
0855
0854
0853
0852
0850
084f
084e
084d
084c
084a
0849
0848
0847
0845
0844
0843
0842
0840
083f
083e
083c
083b
083a
0839
0837
0836
0835
0834
0832
0831
0830
082e
082d
082c
082a
0829
0828
0827
0825
0824
0823
0821
0820
081f
081d
081c
081b
0819
0818
0817
0815
0814
0813
0811
0810
080f
080d
080c
080b
0809
0808
0807
0805
0804
0803
0801
0800
07ff
07fd
07fc
07fa
07f9
07f8
07f6
07f5
07f4
07f2
07f1
07ef
07ee
07ed
07eb
07ea
07e8
07e7
07e6
07e4
07e3
07e1
07e0
07df
07dd
07dc
07da
07d9
07d7
07d6
07d5
07d3
07d2
07d0
07cf
07cd
07cc
07cb
07c9
07c8
07c6
07c5
07c3
07c2
07c0
07bf
07bd
07bc
07bb
07b9
07b8
07b6
07b5
07b3
07b2
07b0
07af
07ad
07ac
07aa
07a9
07a7
07a6
07a4
07a3
07a1
07a0
079e
079d
079b
079a
0798
0797
0795
0794
0792
0791
078f
078e
078c
078b
0789
0788
0786
0784
0783
0781
0780
077e
077d
077b
077a
0778
0777
0775
0773
0772
0770
076f
076d
076c
076a
0769
0767
0765
0764
0762
0761
075f
075d
075c
075a
0759
0757
0756
0754
0752
0751
074f
074e
074c
074a
0749
0747
0746
0744
0742
0741
073f
073d
073c
073a
0739
0737
0735
0734
0732
0730
072f
072d
072b
072a
0728
0727
0725
0723
0722
0720
071e
071d
071b
0719
0718
0716
0714
0713
0711
070f
070e
070c
070a
0709
0707
0705
0704
0702
0700
06fe
06fd
06fb
06f9
06f8
06f6
06f4
06f3
06f1
06ef
06ed
06ec
06ea
06e8
06e7
06e5
06e3
06e1
06e0
06de
06dc
06db
06d9
06d7
06d5
06d4
06d2
06d0
06ce
06cd
06cb
06c9
06c7
06c6
06c4
06c2
06c0
06bf
06bd
06bb
06b9
06b8
06b6
06b4
06b2
06b1
06af
06ad
06ab
06a9
06a8
06a6
06a4
06a2
06a0
069f
069d
069b
0699
0698
0696
0694
0692
0690
068f
068d
068b
0689
0687
0685
0684
0682
0680
067e
067c
067b
0679
0677
0675
0673
0671
0670
066e
066c
066a
0668
0666
0665
0663
0661
065f
065d
065b
065a
0658
0656
0654
0652
0650
064e
064c
064b
0649
0647
0645
0643
0641
063f
063e
063c
063a
0638
0636
0634
0632
0630
062e
062d
062b
0629
0627
0625
0623
0621
061f
061d
061b
061a
0618
0616
0614
0612
0610
060e
060c
060a
0608
0606
0605
0603
0601
05ff
05fd
05fb
05f9
05f7
05f5
05f3
05f1
05ef
05ed
05eb
05e9
05e7
05e6
05e4
05e2
05e0
05de
05dc
05da
05d8
05d6
05d4
05d2
05d0
05ce
05cc
05ca
05c8
05c6
05c4
05c2
05c0
05be
05bc
05ba
05b8
05b6
05b4
05b2
05b0
05ae
05ac
05aa
05a8
05a6
05a4
05a2
05a0
059e
059c
059a
0598
0596
0594
0592
0590
058e
058c
058a
0588
0586
0584
0582
0580
057e
057c
057a
0578
0576
0574
0572
0570
056e
056c
056a
0568
0566
0564
0562
0560
055e
055b
0559
0557
0555
0553
0551
054f
054d
054b
0549
0547
0545
0543
0541
053f
053d
053b
0538
0536
0534
0532
0530
052e
052c
052a
0528
0526
0524
0522
051f
051d
051b
0519
0517
0515
0513
0511
050f
050d
050b
0508
0506
0504
0502
0500
04fe
04fc
04fa
04f8
04f5
04f3
04f1
04ef
04ed
04eb
04e9
04e7
04e4
04e2
04e0
04de
04dc
04da
04d8
04d6
04d3
04d1
04cf
04cd
04cb
04c9
04c7
04c4
04c2
04c0
04be
04bc
04ba
04b8
04b5
04b3
04b1
04af
04ad
04ab
04a8
04a6
04a4
04a2
04a0
049e
049b
0499
0497
0495
0493
0491
048e
048c
048a
0488
0486
0484
0481
047f
047d
047b
0479
0476
0474
0472
0470
046e
046c
0469
0467
0465
0463
0461
045e
045c
045a
0458
0456
0453
0451
044f
044d
044a
0448
0446
0444
0442
043f
043d
043b
0439
0437
0434
0432
0430
042e
042b
0429
0427
0425
0423
0420
041e
041c
041a
0417
0415
0413
0411
040e
040c
040a
0408
0405
0403
0401
03ff
03fc
03fa
03f8
03f6
03f3
03f1
03ef
03ed
03ea
03e8
03e6
03e4
03e1
03df
03dd
03db
03d8
03d6
03d4
03d2
03cf
03cd
03cb
03c9
03c6
03c4
03c2
03bf
03bd
03bb
03b9
03b6
03b4
03b2
03b0
03ad
03ab
03a9
03a6
03a4
03a2
03a0
039d
039b
0399
0396
0394
0392
038f
038d
038b
0389
0386
0384
0382
037f
037d
037b
0378
0376
0374
0372
036f
036d
036b
0368
0366
0364
0361
035f
035d
035a
0358
0356
0354
0351
034f
034d
034a
0348
0346
0343
0341
033f
033c
033a
0338
0335
0333
0331
032e
032c
032a
0327
0325
0323
0320
031e
031c
0319
0317
0315
0312
0310
030e
030b
0309
0307
0304
0302
0300
02fd
02fb
02f9
02f6
02f4
02f1
02ef
02ed
02ea
02e8
02e6
02e3
02e1
02df
02dc
02da
02d8
02d5
02d3
02d0
02ce
02cc
02c9
02c7
02c5
02c2
02c0
02be
02bb
02b9
02b6
02b4
02b2
02af
02ad
02ab
02a8
02a6
02a3
02a1
029f
029c
029a
0298
0295
0293
0290
028e
028c
0289
0287
0285
0282
0280
027d
027b
0279
0276
0274
0271
026f
026d
026a
0268
0265
0263
0261
025e
025c
025a
0257
0255
0252
0250
024e
024b
0249
0246
0244
0242
023f
023d
023a
0238
0236
0233
0231
022e
022c
022a
0227
0225
0222
0220
021d
021b
0219
0216
0214
0211
020f
020d
020a
0208
0205
0203
0201
01fe
01fc
01f9
01f7
01f4
01f2
01f0
01ed
01eb
01e8
01e6
01e3
01e1
01df
01dc
01da
01d7
01d5
01d3
01d0
01ce
01cb
01c9
01c6
01c4
01c2
01bf
01bd
01ba
01b8
01b5
01b3
01b1
01ae
01ac
01a9
01a7
01a4
01a2
019f
019d
019b
0198
0196
0193
0191
018e
018c
018a
0187
0185
0182
0180
017d
017b
0178
0176
0174
0171
016f
016c
016a
0167
0165
0162
0160
015e
015b
0159
0156
0154
0151
014f
014c
014a
0148
0145
0143
0140
013e
013b
0139
0136
0134
0132
012f
012d
012a
0128
0125
0123
0120
011e
011b
0119
0117
0114
0112
010f
010d
010a
0108
0105
0103
0100
00fe
00fc
00f9
00f7
00f4
00f2
00ef
00ed
00ea
00e8
00e5
00e3
00e0
00de
00dc
00d9
00d7
00d4
00d2
00cf
00cd
00ca
00c8
00c5
00c3
00c0
00be
00bc
00b9
00b7
00b4
00b2
00af
00ad
00aa
00a8
00a5
00a3
00a0
009e
009c
0099
0097
0094
0092
008f
008d
008a
0088
0085
0083
0080
007e
007b
0079
0077
0074
0072
006f
006d
006a
0068
0065
0063
0060
005e
005b
0059
0056
0054
0052
004f
004d
004a
0048
0045
0043
0040
003e
003b
0039
0036
0034
0031
002f
002c
002a
0028
0025
0023
0020
001e
001b
0019
0016
0014
0011
000f
000c
000a
0007
0005
0002
0000
3ffe
3ffb
3ff9
3ff6
3ff4
3ff1
3fef
3fec
3fea
3fe7
3fe5
3fe2
3fe0
3fdd
3fdb
3fd8
3fd6
3fd4
3fd1
3fcf
3fcc
3fca
3fc7
3fc5
3fc2
3fc0
3fbd
3fbb
3fb8
3fb6
3fb3
3fb1
3fae
3fac
3faa
3fa7
3fa5
3fa2
3fa0
3f9d
3f9b
3f98
3f96
3f93
3f91
3f8e
3f8c
3f89
3f87
3f85
3f82
3f80
3f7d
3f7b
3f78
3f76
3f73
3f71
3f6e
3f6c
3f69
3f67
3f64
3f62
3f60
3f5d
3f5b
3f58
3f56
3f53
3f51
3f4e
3f4c
3f49
3f47
3f44
3f42
3f40
3f3d
3f3b
3f38
3f36
3f33
3f31
3f2e
3f2c
3f29
3f27
3f24
3f22
3f20
3f1d
3f1b
3f18
3f16
3f13
3f11
3f0e
3f0c
3f09
3f07
3f04
3f02
3f00
3efd
3efb
3ef8
3ef6
3ef3
3ef1
3eee
3eec
3ee9
3ee7
3ee5
3ee2
3ee0
3edd
3edb
3ed8
3ed6
3ed3
3ed1
3ece
3ecc
3eca
3ec7
3ec5
3ec2
3ec0
3ebd
3ebb
3eb8
3eb6
3eb4
3eb1
3eaf
3eac
3eaa
3ea7
3ea5
3ea2
3ea0
3e9e
3e9b
3e99
3e96
3e94
3e91
3e8f
3e8c
3e8a
3e88
3e85
3e83
3e80
3e7e
3e7b
3e79
3e76
3e74
3e72
3e6f
3e6d
3e6a
3e68
3e65
3e63
3e61
3e5e
3e5c
3e59
3e57
3e54
3e52
3e4f
3e4d
3e4b
3e48
3e46
3e43
3e41
3e3e
3e3c
3e3a
3e37
3e35
3e32
3e30
3e2d
3e2b
3e29
3e26
3e24
3e21
3e1f
3e1d
3e1a
3e18
3e15
3e13
3e10
3e0e
3e0c
3e09
3e07
3e04
3e02
3dff
3dfd
3dfb
3df8
3df6
3df3
3df1
3def
3dec
3dea
3de7
3de5
3de3
3de0
3dde
3ddb
3dd9
3dd6
3dd4
3dd2
3dcf
3dcd
3dca
3dc8
3dc6
3dc3
3dc1
3dbe
3dbc
3dba
3db7
3db5
3db2
3db0
3dae
3dab
3da9
3da6
3da4
3da2
3d9f
3d9d
3d9b
3d98
3d96
3d93
3d91
3d8f
3d8c
3d8a
3d87
3d85
3d83
3d80
3d7e
3d7b
3d79
3d77
3d74
3d72
3d70
3d6d
3d6b
3d68
3d66
3d64
3d61
3d5f
3d5d
3d5a
3d58
3d55
3d53
3d51
3d4e
3d4c
3d4a
3d47
3d45
3d42
3d40
3d3e
3d3b
3d39
3d37
3d34
3d32
3d30
3d2d
3d2b
3d28
3d26
3d24
3d21
3d1f
3d1d
3d1a
3d18
3d16
3d13
3d11
3d0f
3d0c
3d0a
3d07
3d05
3d03
3d00
3cfe
3cfc
3cf9
3cf7
3cf5
3cf2
3cf0
3cee
3ceb
3ce9
3ce7
3ce4
3ce2
3ce0
3cdd
3cdb
3cd9
3cd6
3cd4
3cd2
3ccf
3ccd
3ccb
3cc8
3cc6
3cc4
3cc1
3cbf
3cbd
3cba
3cb8
3cb6
3cb3
3cb1
3caf
3cac
3caa
3ca8
3ca6
3ca3
3ca1
3c9f
3c9c
3c9a
3c98
3c95
3c93
3c91
3c8e
3c8c
3c8a
3c88
3c85
3c83
3c81
3c7e
3c7c
3c7a
3c77
3c75
3c73
3c71
3c6e
3c6c
3c6a
3c67
3c65
3c63
3c60
3c5e
3c5c
3c5a
3c57
3c55
3c53
3c50
3c4e
3c4c
3c4a
3c47
3c45
3c43
3c41
3c3e
3c3c
3c3a
3c37
3c35
3c33
3c31
3c2e
3c2c
3c2a
3c28
3c25
3c23
3c21
3c1f
3c1c
3c1a
3c18
3c16
3c13
3c11
3c0f
3c0d
3c0a
3c08
3c06
3c04
3c01
3bff
3bfd
3bfb
3bf8
3bf6
3bf4
3bf2
3bef
3bed
3beb
3be9
3be6
3be4
3be2
3be0
3bdd
3bdb
3bd9
3bd7
3bd5
3bd2
3bd0
3bce
3bcc
3bc9
3bc7
3bc5
3bc3
3bc1
3bbe
3bbc
3bba
3bb8
3bb6
3bb3
3bb1
3baf
3bad
3baa
3ba8
3ba6
3ba4
3ba2
3b9f
3b9d
3b9b
3b99
3b97
3b94
3b92
3b90
3b8e
3b8c
3b8a
3b87
3b85
3b83
3b81
3b7f
3b7c
3b7a
3b78
3b76
3b74
3b72
3b6f
3b6d
3b6b
3b69
3b67
3b65
3b62
3b60
3b5e
3b5c
3b5a
3b58
3b55
3b53
3b51
3b4f
3b4d
3b4b
3b48
3b46
3b44
3b42
3b40
3b3e
3b3c
3b39
3b37
3b35
3b33
3b31
3b2f
3b2d
3b2a
3b28
3b26
3b24
3b22
3b20
3b1e
3b1c
3b19
3b17
3b15
3b13
3b11
3b0f
3b0d
3b0b
3b08
3b06
3b04
3b02
3b00
3afe
3afc
3afa
3af8
3af5
3af3
3af1
3aef
3aed
3aeb
3ae9
3ae7
3ae5
3ae3
3ae1
3ade
3adc
3ada
3ad8
3ad6
3ad4
3ad2
3ad0
3ace
3acc
3aca
3ac8
3ac5
3ac3
3ac1
3abf
3abd
3abb
3ab9
3ab7
3ab5
3ab3
3ab1
3aaf
3aad
3aab
3aa9
3aa7
3aa5
3aa2
3aa0
3a9e
3a9c
3a9a
3a98
3a96
3a94
3a92
3a90
3a8e
3a8c
3a8a
3a88
3a86
3a84
3a82
3a80
3a7e
3a7c
3a7a
3a78
3a76
3a74
3a72
3a70
3a6e
3a6c
3a6a
3a68
3a66
3a64
3a62
3a60
3a5e
3a5c
3a5a
3a58
3a56
3a54
3a52
3a50
3a4e
3a4c
3a4a
3a48
3a46
3a44
3a42
3a40
3a3e
3a3c
3a3a
3a38
3a36
3a34
3a32
3a30
3a2e
3a2c
3a2a
3a28
3a26
3a24
3a22
3a20
3a1e
3a1c
3a1a
3a19
3a17
3a15
3a13
3a11
3a0f
3a0d
3a0b
3a09
3a07
3a05
3a03
3a01
39ff
39fd
39fb
39fa
39f8
39f6
39f4
39f2
39f0
39ee
39ec
39ea
39e8
39e6
39e5
39e3
39e1
39df
39dd
39db
39d9
39d7
39d5
39d3
39d2
39d0
39ce
39cc
39ca
39c8
39c6
39c4
39c2
39c1
39bf
39bd
39bb
39b9
39b7
39b5
39b4
39b2
39b0
39ae
39ac
39aa
39a8
39a6
39a5
39a3
39a1
399f
399d
399b
399a
3998
3996
3994
3992
3990
398f
398d
398b
3989
3987
3985
3984
3982
3980
397e
397c
397b
3979
3977
3975
3973
3971
3970
396e
396c
396a
3968
3967
3965
3963
3961
3960
395e
395c
395a
3958
3957
3955
3953
3951
394f
394e
394c
394a
3948
3947
3945
3943
3941
3940
393e
393c
393a
3939
3937
3935
3933
3932
3930
392e
392c
392b
3929
3927
3925
3924
3922
3920
391f
391d
391b
3919
3918
3916
3914
3913
3911
390f
390d
390c
390a
3908
3907
3905
3903
3902
3900
38fe
38fc
38fb
38f9
38f7
38f6
38f4
38f2
38f1
38ef
38ed
38ec
38ea
38e8
38e7
38e5
38e3
38e2
38e0
38de
38dd
38db
38d9
38d8
38d6
38d5
38d3
38d1
38d0
38ce
38cc
38cb
38c9
38c7
38c6
38c4
38c3
38c1
38bf
38be
38bc
38ba
38b9
38b7
38b6
38b4
38b2
38b1
38af
38ae
38ac
38aa
38a9
38a7
38a6
38a4
38a3
38a1
389f
389e
389c
389b
3899
3897
3896
3894
3893
3891
3890
388e
388d
388b
3889
3888
3886
3885
3883
3882
3880
387f
387d
387c
387a
3878
3877
3875
3874
3872
3871
386f
386e
386c
386b
3869
3868
3866
3865
3863
3862
3860
385f
385d
385c
385a
3859
3857
3856
3854
3853
3851
3850
384e
384d
384b
384a
3848
3847
3845
3844
3843
3841
3840
383e
383d
383b
383a
3838
3837
3835
3834
3833
3831
3830
382e
382d
382b
382a
3829
3827
3826
3824
3823
3821
3820
381f
381d
381c
381a
3819
3818
3816
3815
3813
3812
3811
380f
380e
380c
380b
380a
3808
3807
3806
3804
3803
3801
3800
37ff
37fd
37fc
37fb
37f9
37f8
37f7
37f5
37f4
37f3
37f1
37f0
37ef
37ed
37ec
37eb
37e9
37e8
37e7
37e5
37e4
37e3
37e1
37e0
37df
37dd
37dc
37db
37d9
37d8
37d7
37d6
37d4
37d3
37d2
37d0
37cf
37ce
37cc
37cb
37ca
37c9
37c7
37c6
37c5
37c4
37c2
37c1
37c0
37be
37bd
37bc
37bb
37b9
37b8
37b7
37b6
37b4
37b3
37b2
37b1
37b0
37ae
37ad
37ac
37ab
37a9
37a8
37a7
37a6
37a4
37a3
37a2
37a1
37a0
379e
379d
379c
379b
379a
3798
3797
3796
3795
3794
3792
3791
3790
378f
378e
378d
378b
378a
3789
3788
3787
3786
3784
3783
3782
3781
3780
377f
377e
377c
377b
377a
3779
3778
3777
3776
3774
3773
3772
3771
3770
376f
376e
376d
376c
376a
3769
3768
3767
3766
3765
3764
3763
3762
3761
3760
375e
375d
375c
375b
375a
3759
3758
3757
3756
3755
3754
3753
3752
3751
3750
374e
374d
374c
374b
374a
3749
3748
3747
3746
3745
3744
3743
3742
3741
3740
373f
373e
373d
373c
373b
373a
3739
3738
3737
3736
3735
3734
3733
3732
3731
3730
372f
372e
372d
372c
372b
372a
3729
3728
3727
3726
3725
3724
3724
3723
3722
3721
3720
371f
371e
371d
371c
371b
371a
3719
3718
3717
3716
3716
3715
3714
3713
3712
3711
3710
370f
370e
370d
370d
370c
370b
370a
3709
3708
3707
3706
3705
3705
3704
3703
3702
3701
3700
36ff
36ff
36fe
36fd
36fc
36fb
36fa
36f9
36f9
36f8
36f7
36f6
36f5
36f4
36f4
36f3
36f2
36f1
36f0
36f0
36ef
36ee
36ed
36ec
36eb
36eb
36ea
36e9
36e8
36e8
36e7
36e6
36e5
36e4
36e4
36e3
36e2
36e1
36e1
36e0
36df
36de
36dd
36dd
36dc
36db
36da
36da
36d9
36d8
36d7
36d7
36d6
36d5
36d5
36d4
36d3
36d2
36d2
36d1
36d0
36cf
36cf
36ce
36cd
36cd
36cc
36cb
36cb
36ca
36c9
36c8
36c8
36c7
36c6
36c6
36c5
36c4
36c4
36c3
36c2
36c2
36c1
36c0
36c0
36bf
36be
36be
36bd
36bc
36bc
36bb
36ba
36ba
36b9
36b9
36b8
36b7
36b7
36b6
36b5
36b5
36b4
36b4
36b3
36b2
36b2
36b1
36b1
36b0
36af
36af
36ae
36ae
36ad
36ac
36ac
36ab
36ab
36aa
36aa
36a9
36a8
36a8
36a7
36a7
36a6
36a6
36a5
36a4
36a4
36a3
36a3
36a2
36a2
36a1
36a1
36a0
36a0
369f
369f
369e
369e
369d
369c
369c
369b
369b
369a
369a
3699
3699
3698
3698
3697
3697
3696
3696
3696
3695
3695
3694
3694
3693
3693
3692
3692
3691
3691
3690
3690
368f
368f
368f
368e
368e
368d
368d
368c
368c
368c
368b
368b
368a
368a
3689
3689
3689
3688
3688
3687
3687
3687
3686
3686
3685
3685
3685
3684
3684
3684
3683
3683
3682
3682
3682
3681
3681
3681
3680
3680
3680
367f
367f
367e
367e
367e
367d
367d
367d
367c
367c
367c
367b
367b
367b
367b
367a
367a
367a
3679
3679
3679
3678
3678
3678
3678
3677
3677
3677
3676
3676
3676
3676
3675
3675
3675
3675
3674
3674
3674
3673
3673
3673
3673
3672
3672
3672
3672
3672
3671
3671
3671
3671
3670
3670
3670
3670
3670
366f
366f
366f
366f
366f
366e
366e
366e
366e
366e
366d
366d
366d
366d
366d
366d
366c
366c
366c
366c
366c
366c
366b
366b
366b
366b
366b
366b
366b
366a
366a
366a
366a
366a
366a
366a
366a
3669
3669
3669
3669
3669
3669
3669
3669
3669
3668
3668
3668
3668
3668
3668
3668
3668
3668
3668
3668
3668
3668
3667
3667
3667
3667
3667
3667
3667
3667
3667
3667
3667
3667
3667
3667
3667
3667
3667
3667
3667
3667
3667
3667
3667
3667
3667
3667
3667
3667
3667
3667
3667
3667
3667
3667
3667
3667
3667
3667
3667
3667
3667
3667
3667
3667
3667
3667
3667
3667
3667
3667
3668
3668
3668
3668
3668
3668
3668
3668
3668
3668
3668
3668
3668
3669
3669
3669
3669
3669
3669
3669
3669
3669
366a
366a
366a
366a
366a
366a
366a
366a
366b
366b
366b
366b
366b
366b
366b
366c
366c
366c
366c
366c
366c
366d
366d
366d
366d
366d
366d
366e
366e
366e
366e
366e
366f
366f
366f
366f
366f
3670
3670
3670
3670
3670
3671
3671
3671
3671
3672
3672
3672
3672
3672
3673
3673
3673
3673
3674
3674
3674
3675
3675
3675
3675
3676
3676
3676
3676
3677
3677
3677
3678
3678
3678
3678
3679
3679
3679
367a
367a
367a
367b
367b
367b
367b
367c
367c
367c
367d
367d
367d
367e
367e
367e
367f
367f
3680
3680
3680
3681
3681
3681
3682
3682
3682
3683
3683
3684
3684
3684
3685
3685
3685
3686
3686
3687
3687
3687
3688
3688
3689
3689
3689
368a
368a
368b
368b
368c
368c
368c
368d
368d
368e
368e
368f
368f
368f
3690
3690
3691
3691
3692
3692
3693
3693
3694
3694
3695
3695
3696
3696
3696
3697
3697
3698
3698
3699
3699
369a
369a
369b
369b
369c
369c
369d
369e
369e
369f
369f
36a0
36a0
36a1
36a1
36a2
36a2
36a3
36a3
36a4
36a4
36a5
36a6
36a6
36a7
36a7
36a8
36a8
36a9
36aa
36aa
36ab
36ab
36ac
36ac
36ad
36ae
36ae
36af
36af
36b0
36b1
36b1
36b2
36b2
36b3
36b4
36b4
36b5
36b5
36b6
36b7
36b7
36b8
36b9
36b9
36ba
36ba
36bb
36bc
36bc
36bd
36be
36be
36bf
36c0
36c0
36c1
36c2
36c2
36c3
36c4
36c4
36c5
36c6
36c6
36c7
36c8
36c8
36c9
36ca
36cb
36cb
36cc
36cd
36cd
36ce
36cf
36cf
36d0
36d1
36d2
36d2
36d3
36d4
36d5
36d5
36d6
36d7
36d7
36d8
36d9
36da
36da
36db
36dc
36dd
36dd
36de
36df
36e0
36e1
36e1
36e2
36e3
36e4
36e4
36e5
36e6
36e7
36e8
36e8
36e9
36ea
36eb
36eb
36ec
36ed
36ee
36ef
36f0
36f0
36f1
36f2
36f3
36f4
36f4
36f5
36f6
36f7
36f8
36f9
36f9
36fa
36fb
36fc
36fd
36fe
36ff
36ff
3700
3701
3702
3703
3704
3705
3705
3706
3707
3708
3709
370a
370b
370c
370d
370d
370e
370f
3710
3711
3712
3713
3714
3715
3716
3716
3717
3718
3719
371a
371b
371c
371d
371e
371f
3720
3721
3722
3723
3724
3724
3725
3726
3727
3728
3729
372a
372b
372c
372d
372e
372f
3730
3731
3732
3733
3734
3735
3736
3737
3738
3739
373a
373b
373c
373d
373e
373f
3740
3741
3742
3743
3744
3745
3746
3747
3748
3749
374a
374b
374c
374d
374e
3750
3751
3752
3753
3754
3755
3756
3757
3758
3759
375a
375b
375c
375d
375e
3760
3761
3762
3763
3764
3765
3766
3767
3768
3769
376a
376c
376d
376e
376f
3770
3771
3772
3773
3774
3776
3777
3778
3779
377a
377b
377c
377e
377f
3780
3781
3782
3783
3784
3786
3787
3788
3789
378a
378b
378d
378e
378f
3790
3791
3792
3794
3795
3796
3797
3798
379a
379b
379c
379d
379e
37a0
37a1
37a2
37a3
37a4
37a6
37a7
37a8
37a9
37ab
37ac
37ad
37ae
37b0
37b1
37b2
37b3
37b4
37b6
37b7
37b8
37b9
37bb
37bc
37bd
37be
37c0
37c1
37c2
37c4
37c5
37c6
37c7
37c9
37ca
37cb
37cc
37ce
37cf
37d0
37d2
37d3
37d4
37d6
37d7
37d8
37d9
37db
37dc
37dd
37df
37e0
37e1
37e3
37e4
37e5
37e7
37e8
37e9
37eb
37ec
37ed
37ef
37f0
37f1
37f3
37f4
37f5
37f7
37f8
37f9
37fb
37fc
37fd
37ff
3800
3801
3803
3804
3806
3807
3808
380a
380b
380c
380e
380f
3811
3812
3813
3815
3816
3818
3819
381a
381c
381d
381f
3820
3821
3823
3824
3826
3827
3829
382a
382b
382d
382e
3830
3831
3833
3834
3835
3837
3838
383a
383b
383d
383e
3840
3841
3843
3844
3845
3847
3848
384a
384b
384d
384e
3850
3851
3853
3854
3856
3857
3859
385a
385c
385d
385f
3860
3862
3863
3865
3866
3868
3869
386b
386c
386e
386f
3871
3872
3874
3875
3877
3878
387a
387c
387d
387f
3880
3882
3883
3885
3886
3888
3889
388b
388d
388e
3890
3891
3893
3894
3896
3897
3899
389b
389c
389e
389f
38a1
38a3
38a4
38a6
38a7
38a9
38aa
38ac
38ae
38af
38b1
38b2
38b4
38b6
38b7
38b9
38ba
38bc
38be
38bf
38c1
38c3
38c4
38c6
38c7
38c9
38cb
38cc
38ce
38d0
38d1
38d3
38d5
38d6
38d8
38d9
38db
38dd
38de
38e0
38e2
38e3
38e5
38e7
38e8
38ea
38ec
38ed
38ef
38f1
38f2
38f4
38f6
38f7
38f9
38fb
38fc
38fe
3900
3902
3903
3905
3907
3908
390a
390c
390d
390f
3911
3913
3914
3916
3918
3919
391b
391d
391f
3920
3922
3924
3925
3927
3929
392b
392c
392e
3930
3932
3933
3935
3937
3939
393a
393c
393e
3940
3941
3943
3945
3947
3948
394a
394c
394e
394f
3951
3953
3955
3957
3958
395a
395c
395e
3960
3961
3963
3965
3967
3968
396a
396c
396e
3970
3971
3973
3975
3977
3979
397b
397c
397e
3980
3982
3984
3985
3987
3989
398b
398d
398f
3990
3992
3994
3996
3998
399a
399b
399d
399f
39a1
39a3
39a5
39a6
39a8
39aa
39ac
39ae
39b0
39b2
39b4
39b5
39b7
39b9
39bb
39bd
39bf
39c1
39c2
39c4
39c6
39c8
39ca
39cc
39ce
39d0
39d2
39d3
39d5
39d7
39d9
39db
39dd
39df
39e1
39e3
39e5
39e6
39e8
39ea
39ec
39ee
39f0
39f2
39f4
39f6
39f8
39fa
39fb
39fd
39ff
3a01
3a03
3a05
3a07
3a09
3a0b
3a0d
3a0f
3a11
3a13
3a15
3a17
3a19
3a1a
3a1c
3a1e
3a20
3a22
3a24
3a26
3a28
3a2a
3a2c
3a2e
3a30
3a32
3a34
3a36
3a38
3a3a
3a3c
3a3e
3a40
3a42
3a44
3a46
3a48
3a4a
3a4c
3a4e
3a50
3a52
3a54
3a56
3a58
3a5a
3a5c
3a5e
3a60
3a62
3a64
3a66
3a68
3a6a
3a6c
3a6e
3a70
3a72
3a74
3a76
3a78
3a7a
3a7c
3a7e
3a80
3a82
3a84
3a86
3a88
3a8a
3a8c
3a8e
3a90
3a92
3a94
3a96
3a98
3a9a
3a9c
3a9e
3aa0
3aa2
3aa5
3aa7
3aa9
3aab
3aad
3aaf
3ab1
3ab3
3ab5
3ab7
3ab9
3abb
3abd
3abf
3ac1
3ac3
3ac5
3ac8
3aca
3acc
3ace
3ad0
3ad2
3ad4
3ad6
3ad8
3ada
3adc
3ade
3ae1
3ae3
3ae5
3ae7
3ae9
3aeb
3aed
3aef
3af1
3af3
3af5
3af8
3afa
3afc
3afe
3b00
3b02
3b04
3b06
3b08
3b0b
3b0d
3b0f
3b11
3b13
3b15
3b17
3b19
3b1c
3b1e
3b20
3b22
3b24
3b26
3b28
3b2a
3b2d
3b2f
3b31
3b33
3b35
3b37
3b39
3b3c
3b3e
3b40
3b42
3b44
3b46
3b48
3b4b
3b4d
3b4f
3b51
3b53
3b55
3b58
3b5a
3b5c
3b5e
3b60
3b62
3b65
3b67
3b69
3b6b
3b6d
3b6f
3b72
3b74
3b76
3b78
3b7a
3b7c
3b7f
3b81
3b83
3b85
3b87
3b8a
3b8c
3b8e
3b90
3b92
3b94
3b97
3b99
3b9b
3b9d
3b9f
3ba2
3ba4
3ba6
3ba8
3baa
3bad
3baf
3bb1
3bb3
3bb6
3bb8
3bba
3bbc
3bbe
3bc1
3bc3
3bc5
3bc7
3bc9
3bcc
3bce
3bd0
3bd2
3bd5
3bd7
3bd9
3bdb
3bdd
3be0
3be2
3be4
3be6
3be9
3beb
3bed
3bef
3bf2
3bf4
3bf6
3bf8
3bfb
3bfd
3bff
3c01
3c04
3c06
3c08
3c0a
3c0d
3c0f
3c11
3c13
3c16
3c18
3c1a
3c1c
3c1f
3c21
3c23
3c25
3c28
3c2a
3c2c
3c2e
3c31
3c33
3c35
3c37
3c3a
3c3c
3c3e
3c41
3c43
3c45
3c47
3c4a
3c4c
3c4e
3c50
3c53
3c55
3c57
3c5a
3c5c
3c5e
3c60
3c63
3c65
3c67
3c6a
3c6c
3c6e
3c71
3c73
3c75
3c77
3c7a
3c7c
3c7e
3c81
3c83
3c85
3c88
3c8a
3c8c
3c8e
3c91
3c93
3c95
3c98
3c9a
3c9c
3c9f
3ca1
3ca3
3ca6
3ca8
3caa
3cac
3caf
3cb1
3cb3
3cb6
3cb8
3cba
3cbd
3cbf
3cc1
3cc4
3cc6
3cc8
3ccb
3ccd
3ccf
3cd2
3cd4
3cd6
3cd9
3cdb
3cdd
3ce0
3ce2
3ce4
3ce7
3ce9
3ceb
3cee
3cf0
3cf2
3cf5
3cf7
3cf9
3cfc
3cfe
3d00
3d03
3d05
3d07
3d0a
3d0c
3d0f
3d11
3d13
3d16
3d18
3d1a
3d1d
3d1f
3d21
3d24
3d26
3d28
3d2b
3d2d
3d30
3d32
3d34
3d37
3d39
3d3b
3d3e
3d40
3d42
3d45
3d47
3d4a
3d4c
3d4e
3d51
3d53
3d55
3d58
3d5a
3d5d
3d5f
3d61
3d64
3d66
3d68
3d6b
3d6d
3d70
3d72
3d74
3d77
3d79
3d7b
3d7e
3d80
3d83
3d85
3d87
3d8a
3d8c
3d8f
3d91
3d93
3d96
3d98
3d9b
3d9d
3d9f
3da2
3da4
3da6
3da9
3dab
3dae
3db0
3db2
3db5
3db7
3dba
3dbc
3dbe
3dc1
3dc3
3dc6
3dc8
3dca
3dcd
3dcf
3dd2
3dd4
3dd6
3dd9
3ddb
3dde
3de0
3de3
3de5
3de7
3dea
3dec
3def
3df1
3df3
3df6
3df8
3dfb
3dfd
3dff
3e02
3e04
3e07
3e09
3e0c
3e0e
3e10
3e13
3e15
3e18
3e1a
3e1d
3e1f
3e21
3e24
3e26
3e29
3e2b
3e2d
3e30
3e32
3e35
3e37
3e3a
3e3c
3e3e
3e41
3e43
3e46
3e48
3e4b
3e4d
3e4f
3e52
3e54
3e57
3e59
3e5c
3e5e
3e61
3e63
3e65
3e68
3e6a
3e6d
3e6f
3e72
3e74
3e76
3e79
3e7b
3e7e
3e80
3e83
3e85
3e88
3e8a
3e8c
3e8f
3e91
3e94
3e96
3e99
3e9b
3e9e
3ea0
3ea2
3ea5
3ea7
3eaa
3eac
3eaf
3eb1
3eb4
3eb6
3eb8
3ebb
3ebd
3ec0
3ec2
3ec5
3ec7
3eca
3ecc
3ece
3ed1
3ed3
3ed6
3ed8
3edb
3edd
3ee0
3ee2
3ee5
3ee7
3ee9
3eec
3eee
3ef1
3ef3
3ef6
3ef8
3efb
3efd
3f00
3f02
3f04
3f07
3f09
3f0c
3f0e
3f11
3f13
3f16
3f18
3f1b
3f1d
3f20
3f22
3f24
3f27
3f29
3f2c
3f2e
3f31
3f33
3f36
3f38
3f3b
3f3d
3f40
3f42
3f44
3f47
3f49
3f4c
3f4e
3f51
3f53
3f56
3f58
3f5b
3f5d
3f60
3f62
3f64
3f67
3f69
3f6c
3f6e
3f71
3f73
3f76
3f78
3f7b
3f7d
3f80
3f82
3f85
3f87
3f89
3f8c
3f8e
3f91
3f93
3f96
3f98
3f9b
3f9d
3fa0
3fa2
3fa5
3fa7
3faa
3fac
3fae
3fb1
3fb3
3fb6
3fb8
3fbb
3fbd
3fc0
3fc2
3fc5
3fc7
3fca
3fcc
3fcf
3fd1
3fd4
3fd6
3fd8
3fdb
3fdd
3fe0
3fe2
3fe5
3fe7
3fea
3fec
3fef
3ff1
3ff4
3ff6
3ff9
3ffb
3ffe
0000
0002
0005
0007
000a
000c
000f
0011
0014
0016
0019
001b
001e
0020
0023
0025
0028
002a
002c
002f
0031
0034
0036
0039
003b
003e
0040
0043
0045
0048
004a
004d
004f
0052
0054
0056
0059
005b
005e
0060
0063
0065
0068
006a
006d
006f
0072
0074
0077
0079
007b
007e
0080
0083
0085
0088
008a
008d
008f
0092
0094
0097
0099
009c
009e
00a0
00a3
00a5
00a8
00aa
00ad
00af
00b2
00b4
00b7
00b9
00bc
00be
00c0
00c3
00c5
00c8
00ca
00cd
00cf
00d2
00d4
00d7
00d9
00dc
00de
00e0
00e3
00e5
00e8
00ea
00ed
00ef
00f2
00f4
00f7
00f9
00fc
00fe
0100
0103
0105
0108
010a
010d
010f
0112
0114
0117
0119
011b
011e
0120
0123
0125
0128
012a
012d
012f
0132
0134
0136
0139
013b
013e
0140
0143
0145
0148
014a
014c
014f
0151
0154
0156
0159
015b
015e
0160
0162
0165
0167
016a
016c
016f
0171
0174
0176
0178
017b
017d
0180
0182
0185
0187
018a
018c
018e
0191
0193
0196
0198
019b
019d
019f
01a2
01a4
01a7
01a9
01ac
01ae
01b1
01b3
01b5
01b8
01ba
01bd
01bf
01c2
01c4
01c6
01c9
01cb
01ce
01d0
01d3
01d5
01d7
01da
01dc
01df
01e1
01e3
01e6
01e8
01eb
01ed
01f0
01f2
01f4
01f7
01f9
01fc
01fe
0201
0203
0205
0208
020a
020d
020f
0211
0214
0216
0219
021b
021d
0220
0222
0225
0227
022a
022c
022e
0231
0233
0236
0238
023a
023d
023f
0242
0244
0246
0249
024b
024e
0250
0252
0255
0257
025a
025c
025e
0261
0263
0265
0268
026a
026d
026f
0271
0274
0276
0279
027b
027d
0280
0282
0285
0287
0289
028c
028e
0290
0293
0295
0298
029a
029c
029f
02a1
02a3
02a6
02a8
02ab
02ad
02af
02b2
02b4
02b6
02b9
02bb
02be
02c0
02c2
02c5
02c7
02c9
02cc
02ce
02d0
02d3
02d5
02d8
02da
02dc
02df
02e1
02e3
02e6
02e8
02ea
02ed
02ef
02f1
02f4
02f6
02f9
02fb
02fd
0300
0302
0304
0307
0309
030b
030e
0310
0312
0315
0317
0319
031c
031e
0320
0323
0325
0327
032a
032c
032e
0331
0333
0335
0338
033a
033c
033f
0341
0343
0346
0348
034a
034d
034f
0351
0354
0356
0358
035a
035d
035f
0361
0364
0366
0368
036b
036d
036f
0372
0374
0376
0378
037b
037d
037f
0382
0384
0386
0389
038b
038d
038f
0392
0394
0396
0399
039b
039d
03a0
03a2
03a4
03a6
03a9
03ab
03ad
03b0
03b2
03b4
03b6
03b9
03bb
03bd
03bf
03c2
03c4
03c6
03c9
03cb
03cd
03cf
03d2
03d4
03d6
03d8
03db
03dd
03df
03e1
03e4
03e6
03e8
03ea
03ed
03ef
03f1
03f3
03f6
03f8
03fa
03fc
03ff
0401
0403
0405
0408
040a
040c
040e
0411
0413
0415
0417
041a
041c
041e
0420
0423
0425
0427
0429
042b
042e
0430
0432
0434
0437
0439
043b
043d
043f
0442
0444
0446
0448
044a
044d
044f
0451
0453
0456
0458
045a
045c
045e
0461
0463
0465
0467
0469
046c
046e
0470
0472
0474
0476
0479
047b
047d
047f
0481
0484
0486
0488
048a
048c
048e
0491
0493
0495
0497
0499
049b
049e
04a0
04a2
04a4
04a6
04a8
04ab
04ad
04af
04b1
04b3
04b5
04b8
04ba
04bc
04be
04c0
04c2
04c4
04c7
04c9
04cb
04cd
04cf
04d1
04d3
04d6
04d8
04da
04dc
04de
04e0
04e2
04e4
04e7
04e9
04eb
04ed
04ef
04f1
04f3
04f5
04f8
04fa
04fc
04fe
0500
0502
0504
0506
0508
050b
050d
050f
0511
0513
0515
0517
0519
051b
051d
051f
0522
0524
0526
0528
052a
052c
052e
0530
0532
0534
0536
0538
053b
053d
053f
0541
0543
0545
0547
0549
054b
054d
054f
0551
0553
0555
0557
0559
055b
055e
0560
0562
0564
0566
0568
056a
056c
056e
0570
0572
0574
0576
0578
057a
057c
057e
0580
0582
0584
0586
0588
058a
058c
058e
0590
0592
0594
0596
0598
059a
059c
059e
05a0
05a2
05a4
05a6
05a8
05aa
05ac
05ae
05b0
05b2
05b4
05b6
05b8
05ba
05bc
05be
05c0
05c2
05c4
05c6
05c8
05ca
05cc
05ce
05d0
05d2
05d4
05d6
05d8
05da
05dc
05de
05e0
05e2
05e4
05e6
05e7
05e9
05eb
05ed
05ef
05f1
05f3
05f5
05f7
05f9
05fb
05fd
05ff
0601
0603
0605
0606
0608
060a
060c
060e
0610
0612
0614
0616
0618
061a
061b
061d
061f
0621
0623
0625
0627
0629
062b
062d
062e
0630
0632
0634
0636
0638
063a
063c
063e
063f
0641
0643
0645
0647
0649
064b
064c
064e
0650
0652
0654
0656
0658
065a
065b
065d
065f
0661
0663
0665
0666
0668
066a
066c
066e
0670
0671
0673
0675
0677
0679
067b
067c
067e
0680
0682
0684
0685
0687
0689
068b
068d
068f
0690
0692
0694
0696
0698
0699
069b
069d
069f
06a0
06a2
06a4
06a6
06a8
06a9
06ab
06ad
06af
06b1
06b2
06b4
06b6
06b8
06b9
06bb
06bd
06bf
06c0
06c2
06c4
06c6
06c7
06c9
06cb
06cd
06ce
06d0
06d2
06d4
06d5
06d7
06d9
06db
06dc
06de
06e0
06e1
06e3
06e5
06e7
06e8
06ea
06ec
06ed
06ef
06f1
06f3
06f4
06f6
06f8
06f9
06fb
06fd
06fe
0700
0702
0704
0705
0707
0709
070a
070c
070e
070f
0711
0713
0714
0716
0718
0719
071b
071d
071e
0720
0722
0723
0725
0727
0728
072a
072b
072d
072f
0730
0732
0734
0735
0737
0739
073a
073c
073d
073f
0741
0742
0744
0746
0747
0749
074a
074c
074e
074f
0751
0752
0754
0756
0757
0759
075a
075c
075d
075f
0761
0762
0764
0765
0767
0769
076a
076c
076d
076f
0770
0772
0773
0775
0777
0778
077a
077b
077d
077e
0780
0781
0783
0784
0786
0788
0789
078b
078c
078e
078f
0791
0792
0794
0795
0797
0798
079a
079b
079d
079e
07a0
07a1
07a3
07a4
07a6
07a7
07a9
07aa
07ac
07ad
07af
07b0
07b2
07b3
07b5
07b6
07b8
07b9
07bb
07bc
07bd
07bf
07c0
07c2
07c3
07c5
07c6
07c8
07c9
07cb
07cc
07cd
07cf
07d0
07d2
07d3
07d5
07d6
07d7
07d9
07da
07dc
07dd
07df
07e0
07e1
07e3
07e4
07e6
07e7
07e8
07ea
07eb
07ed
07ee
07ef
07f1
07f2
07f4
07f5
07f6
07f8
07f9
07fa
07fc
07fd
07ff
0800
0801
0803
0804
0805
0807
0808
0809
080b
080c
080d
080f
0810
0811
0813
0814
0815
0817
0818
0819
081b
081c
081d
081f
0820
0821
0823
0824
0825
0827
0828
0829
082a
082c
082d
082e
0830
0831
0832
0834
0835
0836
0837
0839
083a
083b
083c
083e
083f
0840
0842
0843
0844
0845
0847
0848
0849
084a
084c
084d
084e
084f
0850
0852
0853
0854
0855
0857
0858
0859
085a
085c
085d
085e
085f
0860
0862
0863
0864
0865
0866
0868
0869
086a
086b
086c
086e
086f
0870
0871
0872
0873
0875
0876
0877
0878
0879
087a
087c
087d
087e
087f
0880
0881
0882
0884
0885
0886
0887
0888
0889
088a
088c
088d
088e
088f
0890
0891
0892
0893
0894
0896
0897
0898
0899
089a
089b
089c
089d
089e
089f
08a0
08a2
08a3
08a4
08a5
08a6
08a7
08a8
08a9
08aa
08ab
08ac
08ad
08ae
08af
08b0
08b2
08b3
08b4
08b5
08b6
08b7
08b8
08b9
08ba
08bb
08bc
08bd
08be
08bf
08c0
08c1
08c2
08c3
08c4
08c5
08c6
08c7
08c8
08c9
08ca
08cb
08cc
08cd
08ce
08cf
08d0
08d1
08d2
08d3
08d4
08d5
08d6
08d7
08d8
08d9
08da
08db
08dc
08dc
08dd
08de
08df
08e0
08e1
08e2
08e3
08e4
08e5
08e6
08e7
08e8
08e9
08ea
08ea
08eb
08ec
08ed
08ee
08ef
08f0
08f1
08f2
08f3
08f3
08f4
08f5
08f6
08f7
08f8
08f9
08fa
08fb
08fb
08fc
08fd
08fe
08ff
0900
0901
0901
0902
0903
0904
0905
0906
0907
0907
0908
0909
090a
090b
090c
090c
090d
090e
090f
0910
0910
0911
0912
0913
0914
0915
0915
0916
0917
0918
0918
0919
091a
091b
091c
091c
091d
091e
091f
091f
0920
0921
0922
0923
0923
0924
0925
0926
0926
0927
0928
0929
0929
092a
092b
092b
092c
092d
092e
092e
092f
0930
0931
0931
0932
0933
0933
0934
0935
0935
0936
0937
0938
0938
0939
093a
093a
093b
093c
093c
093d
093e
093e
093f
0940
0940
0941
0942
0942
0943
0944
0944
0945
0946
0946
0947
0947
0948
0949
0949
094a
094b
094b
094c
094c
094d
094e
094e
094f
094f
0950
0951
0951
0952
0952
0953
0954
0954
0955
0955
0956
0956
0957
0958
0958
0959
0959
095a
095a
095b
095c
095c
095d
095d
095e
095e
095f
095f
0960
0960
0961
0961
0962
0962
0963
0964
0964
0965
0965
0966
0966
0967
0967
0968
0968
0969
0969
096a
096a
096a
096b
096b
096c
096c
096d
096d
096e
096e
096f
096f
0970
0970
0971
0971
0971
0972
0972
0973
0973
0974
0974
0974
0975
0975
0976
0976
0977
0977
0977
0978
0978
0979
0979
0979
097a
097a
097b
097b
097b
097c
097c
097c
097d
097d
097e
097e
097e
097f
097f
097f
0980
0980
0980
0981
0981
0982
0982
0982
0983
0983
0983
0984
0984
0984
0985
0985
0985
0985
0986
0986
0986
0987
0987
0987
0988
0988
0988
0988
0989
0989
0989
098a
098a
098a
098a
098b
098b
098b
098b
098c
098c
098c
098d
098d
098d
098d
098e
098e
098e
098e
098e
098f
098f
098f
098f
0990
0990
0990
0990
0990
0991
0991
0991
0991
0991
0992
0992
0992
0992
0992
0993
0993
0993
0993
0993
0993
0994
0994
0994
0994
0994
0994
0995
0995
0995
0995
0995
0995
0995
0996
0996
0996
0996
0996
0996
0996
0996
0997
0997
0997
0997
0997
0997
0997
0997
0997
0998
0998
0998
0998
0998
0998
0998
0998
0998
0998
0998
0998
0998
0999
0999
0999
0999
0999
0999
0999
0999
0999
0999
0999
0999
0999
0999
0999
0999
0999
0999
0999
0999
0999
0999
0999
0999
0999
0999
0999
0999
0999
0999
0999
0999
0999
0999
0999
0999
0999
0999
0999
0999
0999
0999
0999
0999
0999
0999
0999
0999
0999
0999
0998
0998
0998
0998
0998
0998
0998
0998
0998
0998
0998
0998
0998
0997
0997
0997
0997
0997
0997
0997
0997
0997
0996
0996
0996
0996
0996
0996
0996
0996
0995
0995
0995
0995
0995
0995
0995
0994
0994
0994
0994
0994
0994
0993
0993
0993
0993
0993
0993
0992
0992
0992
0992
0992
0991
0991
0991
0991
0991
0990
0990
0990
0990
0990
098f
098f
098f
098f
098e
098e
098e
098e
098e
098d
098d
098d
098d
098c
098c
098c
098b
098b
098b
098b
098a
098a
098a
098a
0989
0989
0989
0988
0988
0988
0988
0987
0987
0987
0986
0986
0986
0985
0985
0985
0985
0984
0984
0984
0983
0983
0983
0982
0982
0982
0981
0981
0980
0980
0980
097f
097f
097f
097e
097e
097e
097d
097d
097c
097c
097c
097b
097b
097b
097a
097a
0979
0979
0979
0978
0978
0977
0977
0977
0976
0976
0975
0975
0974
0974
0974
0973
0973
0972
0972
0971
0971
0971
0970
0970
096f
096f
096e
096e
096d
096d
096c
096c
096b
096b
096a
096a
096a
0969
0969
0968
0968
0967
0967
0966
0966
0965
0965
0964
0964
0963
0962
0962
0961
0961
0960
0960
095f
095f
095e
095e
095d
095d
095c
095c
095b
095a
095a
0959
0959
0958
0958
0957
0956
0956
0955
0955
0954
0954
0953
0952
0952
0951
0951
0950
094f
094f
094e
094e
094d
094c
094c
094b
094b
094a
0949
0949
0948
0947
0947
0946
0946
0945
0944
0944
0943
0942
0942
0941
0940
0940
093f
093e
093e
093d
093c
093c
093b
093a
093a
0939
0938
0938
0937
0936
0935
0935
0934
0933
0933
0932
0931
0931
0930
092f
092e
092e
092d
092c
092b
092b
092a
0929
0929
0928
0927
0926
0926
0925
0924
0923
0923
0922
0921
0920
091f
091f
091e
091d
091c
091c
091b
091a
0919
0918
0918
0917
0916
0915
0915
0914
0913
0912
0911
0910
0910
090f
090e
090d
090c
090c
090b
090a
0909
0908
0907
0907
0906
0905
0904
0903
0902
0901
0901
0900
08ff
08fe
08fd
08fc
08fb
08fb
08fa
08f9
08f8
08f7
08f6
08f5
08f4
08f3
08f3
08f2
08f1
08f0
08ef
08ee
08ed
08ec
08eb
08ea
08ea
08e9
08e8
08e7
08e6
08e5
08e4
08e3
08e2
08e1
08e0
08df
08de
08dd
08dc
08dc
08db
08da
08d9
08d8
08d7
08d6
08d5
08d4
08d3
08d2
08d1
08d0
08cf
08ce
08cd
08cc
08cb
08ca
08c9
08c8
08c7
08c6
08c5
08c4
08c3
08c2
08c1
08c0
08bf
08be
08bd
08bc
08bb
08ba
08b9
08b8
08b7
08b6
08b5
08b4
08b3
08b2
08b0
08af
08ae
08ad
08ac
08ab
08aa
08a9
08a8
08a7
08a6
08a5
08a4
08a3
08a2
08a0
089f
089e
089d
089c
089b
089a
0899
0898
0897
0896
0894
0893
0892
0891
0890
088f
088e
088d
088c
088a
0889
0888
0887
0886
0885
0884
0882
0881
0880
087f
087e
087d
087c
087a
0879
0878
0877
0876
0875
0873
0872
0871
0870
086f
086e
086c
086b
086a
0869
0868
0866
0865
0864
0863
0862
0860
085f
085e
085d
085c
085a
0859
0858
0857
0855
0854
0853
0852
0850
084f
084e
084d
084c
084a
0849
0848
0847
0845
0844
0843
0842
0840
083f
083e
083c
083b
083a
0839
0837
0836
0835
0834
0832
0831
0830
082e
082d
082c
082a
0829
0828
0827
0825
0824
0823
0821
0820
081f
081d
081c
081b
0819
0818
0817
0815
0814
0813
0811
0810
080f
080d
080c
080b
0809
0808
0807
0805
0804
0803
0801
0800
07ff
07fd
07fc
07fa
07f9
07f8
07f6
07f5
07f4
07f2
07f1
07ef
07ee
07ed
07eb
07ea
07e8
07e7
07e6
07e4
07e3
07e1
07e0
07df
07dd
07dc
07da
07d9
07d7
07d6
07d5
07d3
07d2
07d0
07cf
07cd
07cc
07cb
07c9
07c8
07c6
07c5
07c3
07c2
07c0
07bf
07bd
07bc
07bb
07b9
07b8
07b6
07b5
07b3
07b2
07b0
07af
07ad
07ac
07aa
07a9
07a7
07a6
07a4
07a3
07a1
07a0
079e
079d
079b
079a
0798
0797
0795
0794
0792
0791
078f
078e
078c
078b
0789
0788
0786
0784
0783
0781
0780
077e
077d
077b
077a
0778
0777
0775
0773
0772
0770
076f
076d
076c
076a
0769
0767
0765
0764
0762
0761
075f
075d
075c
075a
0759
0757
0756
0754
0752
0751
074f
074e
074c
074a
0749
0747
0746
0744
0742
0741
073f
073d
073c
073a
0739
0737
0735
0734
0732
0730
072f
072d
072b
072a
0728
0727
0725
0723
0722
0720
071e
071d
071b
0719
0718
0716
0714
0713
0711
070f
070e
070c
070a
0709
0707
0705
0704
0702
0700
06fe
06fd
06fb
06f9
06f8
06f6
06f4
06f3
06f1
06ef
06ed
06ec
06ea
06e8
06e7
06e5
06e3
06e1
06e0
06de
06dc
06db
06d9
06d7
06d5
06d4
06d2
06d0
06ce
06cd
06cb
06c9
06c7
06c6
06c4
06c2
06c0
06bf
06bd
06bb
06b9
06b8
06b6
06b4
06b2
06b1
06af
06ad
06ab
06a9
06a8
06a6
06a4
06a2
06a0
069f
069d
069b
0699
0698
0696
0694
0692
0690
068f
068d
068b
0689
0687
0685
0684
0682
0680
067e
067c
067b
0679
0677
0675
0673
0671
0670
066e
066c
066a
0668
0666
0665
0663
0661
065f
065d
065b
065a
0658
0656
0654
0652
0650
064e
064c
064b
0649
0647
0645
0643
0641
063f
063e
063c
063a
0638
0636
0634
0632
0630
062e
062d
062b
0629
0627
0625
0623
0621
061f
061d
061b
061a
0618
0616
0614
0612
0610
060e
060c
060a
0608
0606
0605
0603
0601
05ff
05fd
05fb
05f9
05f7
05f5
05f3
05f1
05ef
05ed
05eb
05e9
05e7
05e6
05e4
05e2
05e0
05de
05dc
05da
05d8
05d6
05d4
05d2
05d0
05ce
05cc
05ca
05c8
05c6
05c4
05c2
05c0
05be
05bc
05ba
05b8
05b6
05b4
05b2
05b0
05ae
05ac
05aa
05a8
05a6
05a4
05a2
05a0
059e
059c
059a
0598
0596
0594
0592
0590
058e
058c
058a
0588
0586
0584
0582
0580
057e
057c
057a
0578
0576
0574
0572
0570
056e
056c
056a
0568
0566
0564
0562
0560
055e
055b
0559
0557
0555
0553
0551
054f
054d
054b
0549
0547
0545
0543
0541
053f
053d
053b
0538
0536
0534
0532
0530
052e
052c
052a
0528
0526
0524
0522
051f
051d
051b
0519
0517
0515
0513
0511
050f
050d
050b
0508
0506
0504
0502
0500
04fe
04fc
04fa
04f8
04f5
04f3
04f1
04ef
04ed
04eb
04e9
04e7
04e4
04e2
04e0
04de
04dc
04da
04d8
04d6
04d3
04d1
04cf
04cd
04cb
04c9
04c7
04c4
04c2
04c0
04be
04bc
04ba
04b8
04b5
04b3
04b1
04af
04ad
04ab
04a8
04a6
04a4
04a2
04a0
049e
049b
0499
0497
0495
0493
0491
048e
048c
048a
0488
0486
0484
0481
047f
047d
047b
0479
0476
0474
0472
0470
046e
046c
0469
0467
0465
0463
0461
045e
045c
045a
0458
0456
0453
0451
044f
044d
044a
0448
0446
0444
0442
043f
043d
043b
0439
0437
0434
0432
0430
042e
042b
0429
0427
0425
0423
0420
041e
041c
041a
0417
0415
0413
0411
040e
040c
040a
0408
0405
0403
0401
03ff
03fc
03fa
03f8
03f6
03f3
03f1
03ef
03ed
03ea
03e8
03e6
03e4
03e1
03df
03dd
03db
03d8
03d6
03d4
03d2
03cf
03cd
03cb
03c9
03c6
03c4
03c2
03bf
03bd
03bb
03b9
03b6
03b4
03b2
03b0
03ad
03ab
03a9
03a6
03a4
03a2
03a0
039d
039b
0399
0396
0394
0392
038f
038d
038b
0389
0386
0384
0382
037f
037d
037b
0378
0376
0374
0372
036f
036d
036b
0368
0366
0364
0361
035f
035d
035a
0358
0356
0354
0351
034f
034d
034a
0348
0346
0343
0341
033f
033c
033a
0338
0335
0333
0331
032e
032c
032a
0327
0325
0323
0320
031e
031c
0319
0317
0315
0312
0310
030e
030b
0309
0307
0304
0302
0300
02fd
02fb
02f9
02f6
02f4
02f1
02ef
02ed
02ea
02e8
02e6
02e3
02e1
02df
02dc
02da
02d8
02d5
02d3
02d0
02ce
02cc
02c9
02c7
02c5
02c2
02c0
02be
02bb
02b9
02b6
02b4
02b2
02af
02ad
02ab
02a8
02a6
02a3
02a1
029f
029c
029a
0298
0295
0293
0290
028e
028c
0289
0287
0285
0282
0280
027d
027b
0279
0276
0274
0271
026f
026d
026a
0268
0265
0263
0261
025e
025c
025a
0257
0255
0252
0250
024e
024b
0249
0246
0244
0242
023f
023d
023a
0238
0236
0233
0231
022e
022c
022a
0227
0225
0222
0220
021d
021b
0219
0216
0214
0211
020f
020d
020a
0208
0205
0203
0201
01fe
01fc
01f9
01f7
01f4
01f2
01f0
01ed
01eb
01e8
01e6
01e3
01e1
01df
01dc
01da
01d7
01d5
01d3
01d0
01ce
01cb
01c9
01c6
01c4
01c2
01bf
01bd
01ba
01b8
01b5
01b3
01b1
01ae
01ac
01a9
01a7
01a4
01a2
019f
019d
019b
0198
0196
0193
0191
018e
018c
018a
0187
0185
0182
0180
017d
017b
0178
0176
0174
0171
016f
016c
016a
0167
0165
0162
0160
015e
015b
0159
0156
0154
0151
014f
014c
014a
0148
0145
0143
0140
013e
013b
0139
0136
0134
0132
012f
012d
012a
0128
0125
0123
0120
011e
011b
0119
0117
0114
0112
010f
010d
010a
0108
0105
0103
0100
00fe
00fc
00f9
00f7
00f4
00f2
00ef
00ed
00ea
00e8
00e5
00e3
00e0
00de
00dc
00d9
00d7
00d4
00d2
00cf
00cd
00ca
00c8
00c5
00c3
00c0
00be
00bc
00b9
00b7
00b4
00b2
00af
00ad
00aa
00a8
00a5
00a3
00a0
009e
009c
0099
0097
0094
0092
008f
008d
008a
0088
0085
0083
0080
007e
007b
0079
0077
0074
0072
006f
006d
006a
0068
0065
0063
0060
005e
005b
0059
0056
0054
0052
004f
004d
004a
0048
0045
0043
0040
003e
003b
0039
0036
0034
0031
002f
002c
002a
0028
0025
0023
0020
001e
001b
0019
0016
0014
0011
000f
000c
000a
0007
0005
0002
0000
3ffe
3ffb
3ff9
3ff6
3ff4
3ff1
3fef
3fec
3fea
3fe7
3fe5
3fe2
3fe0
3fdd
3fdb
3fd8
3fd6
3fd4
3fd1
3fcf
3fcc
3fca
3fc7
3fc5
3fc2
3fc0
3fbd
3fbb
3fb8
3fb6
3fb3
3fb1
3fae
3fac
3faa
3fa7
3fa5
3fa2
3fa0
3f9d
3f9b
3f98
3f96
3f93
3f91
3f8e
3f8c
3f89
3f87
3f85
3f82
3f80
3f7d
3f7b
3f78
3f76
3f73
3f71
3f6e
3f6c
3f69
3f67
3f64
3f62
3f60
3f5d
3f5b
3f58
3f56
3f53
3f51
3f4e
3f4c
3f49
3f47
3f44
3f42
3f40
3f3d
3f3b
3f38
3f36
3f33
3f31
3f2e
3f2c
3f29
3f27
3f24
3f22
3f20
3f1d
3f1b
3f18
3f16
3f13
3f11
3f0e
3f0c
3f09
3f07
3f04
3f02
3f00
3efd
3efb
3ef8
3ef6
3ef3
3ef1
3eee
3eec
3ee9
3ee7
3ee5
3ee2
3ee0
3edd
3edb
3ed8
3ed6
3ed3
3ed1
3ece
3ecc
3eca
3ec7
3ec5
3ec2
3ec0
3ebd
3ebb
3eb8
3eb6
3eb4
3eb1
3eaf
3eac
3eaa
3ea7
3ea5
3ea2
3ea0
3e9e
3e9b
3e99
3e96
3e94
3e91
3e8f
3e8c
3e8a
3e88
3e85
3e83
3e80
3e7e
3e7b
3e79
3e76
3e74
3e72
3e6f
3e6d
3e6a
3e68
3e65
3e63
3e61
3e5e
3e5c
3e59
3e57
3e54
3e52
3e4f
3e4d
3e4b
3e48
3e46
3e43
3e41
3e3e
3e3c
3e3a
3e37
3e35
3e32
3e30
3e2d
3e2b
3e29
3e26
3e24
3e21
3e1f
3e1d
3e1a
3e18
3e15
3e13
3e10
3e0e
3e0c
3e09
3e07
3e04
3e02
3dff
3dfd
3dfb
3df8
3df6
3df3
3df1
3def
3dec
3dea
3de7
3de5
3de3
3de0
3dde
3ddb
3dd9
3dd6
3dd4
3dd2
3dcf
3dcd
3dca
3dc8
3dc6
3dc3
3dc1
3dbe
3dbc
3dba
3db7
3db5
3db2
3db0
3dae
3dab
3da9
3da6
3da4
3da2
3d9f
3d9d
3d9b
3d98
3d96
3d93
3d91
3d8f
3d8c
3d8a
3d87
3d85
3d83
3d80
3d7e
3d7b
3d79
3d77
3d74
3d72
3d70
3d6d
3d6b
3d68
3d66
3d64
3d61
3d5f
3d5d
3d5a
3d58
3d55
3d53
3d51
3d4e
3d4c
3d4a
3d47
3d45
3d42
3d40
3d3e
3d3b
3d39
3d37
3d34
3d32
3d30
3d2d
3d2b
3d28
3d26
3d24
3d21
3d1f
3d1d
3d1a
3d18
3d16
3d13
3d11
3d0f
3d0c
3d0a
3d07
3d05
3d03
3d00
3cfe
3cfc
3cf9
3cf7
3cf5
3cf2
3cf0
3cee
3ceb
3ce9
3ce7
3ce4
3ce2
3ce0
3cdd
3cdb
3cd9
3cd6
3cd4
3cd2
3ccf
3ccd
3ccb
3cc8
3cc6
3cc4
3cc1
3cbf
3cbd
3cba
3cb8
3cb6
3cb3
3cb1
3caf
3cac
3caa
3ca8
3ca6
3ca3
3ca1
3c9f
3c9c
3c9a
3c98
3c95
3c93
3c91
3c8e
3c8c
3c8a
3c88
3c85
3c83
3c81
3c7e
3c7c
3c7a
3c77
3c75
3c73
3c71
3c6e
3c6c
3c6a
3c67
3c65
3c63
3c60
3c5e
3c5c
3c5a
3c57
3c55
3c53
3c50
3c4e
3c4c
3c4a
3c47
3c45
3c43
3c41
3c3e
3c3c
3c3a
3c37
3c35
3c33
3c31
3c2e
3c2c
3c2a
3c28
3c25
3c23
3c21
3c1f
3c1c
3c1a
3c18
3c16
3c13
3c11
3c0f
3c0d
3c0a
3c08
3c06
3c04
3c01
3bff
3bfd
3bfb
3bf8
3bf6
3bf4
3bf2
3bef
3bed
3beb
3be9
3be6
3be4
3be2
3be0
3bdd
3bdb
3bd9
3bd7
3bd5
3bd2
3bd0
3bce
3bcc
3bc9
3bc7
3bc5
3bc3
3bc1
3bbe
3bbc
3bba
3bb8
3bb6
3bb3
3bb1
3baf
3bad
3baa
3ba8
3ba6
3ba4
3ba2
3b9f
3b9d
3b9b
3b99
3b97
3b94
3b92
3b90
3b8e
3b8c
3b8a
3b87
3b85
3b83
3b81
3b7f
3b7c
3b7a
3b78
3b76
3b74
3b72
3b6f
3b6d
3b6b
3b69
3b67
3b65
3b62
3b60
3b5e
3b5c
3b5a
3b58
3b55
3b53
3b51
3b4f
3b4d
3b4b
3b48
3b46
3b44
3b42
3b40
3b3e
3b3c
3b39
3b37
3b35
3b33
3b31
3b2f
3b2d
3b2a
3b28
3b26
3b24
3b22
3b20
3b1e
3b1c
3b19
3b17
3b15
3b13
3b11
3b0f
3b0d
3b0b
3b08
3b06
3b04
3b02
3b00
3afe
3afc
3afa
3af8
3af5
3af3
3af1
3aef
3aed
3aeb
3ae9
3ae7
3ae5
3ae3
3ae1
3ade
3adc
3ada
3ad8
3ad6
3ad4
3ad2
3ad0
3ace
3acc
3aca
3ac8
3ac5
3ac3
3ac1
3abf
3abd
3abb
3ab9
3ab7
3ab5
3ab3
3ab1
3aaf
3aad
3aab
3aa9
3aa7
3aa5
3aa2
3aa0
3a9e
3a9c
3a9a
3a98
3a96
3a94
3a92
3a90
3a8e
3a8c
3a8a
3a88
3a86
3a84
3a82
3a80
3a7e
3a7c
3a7a
3a78
3a76
3a74
3a72
3a70
3a6e
3a6c
3a6a
3a68
3a66
3a64
3a62
3a60
3a5e
3a5c
3a5a
3a58
3a56
3a54
3a52
3a50
3a4e
3a4c
3a4a
3a48
3a46
3a44
3a42
3a40
3a3e
3a3c
3a3a
3a38
3a36
3a34
3a32
3a30
3a2e
3a2c
3a2a
3a28
3a26
3a24
3a22
3a20
3a1e
3a1c
3a1a
3a19
3a17
3a15
3a13
3a11
3a0f
3a0d
3a0b
3a09
3a07
3a05
3a03
3a01
39ff
39fd
39fb
39fa
39f8
39f6
39f4
39f2
39f0
39ee
39ec
39ea
39e8
39e6
39e5
39e3
39e1
39df
39dd
39db
39d9
39d7
39d5
39d3
39d2
39d0
39ce
39cc
39ca
39c8
39c6
39c4
39c2
39c1
39bf
39bd
39bb
39b9
39b7
39b5
39b4
39b2
39b0
39ae
39ac
39aa
39a8
39a6
39a5
39a3
39a1
399f
399d
399b
399a
3998
3996
3994
3992
3990
398f
398d
398b
3989
3987
3985
3984
3982
3980
397e
397c
397b
3979
3977
3975
3973
3971
3970
396e
396c
396a
3968
3967
3965
3963
3961
3960
395e
395c
395a
3958
3957
3955
3953
3951
394f
394e
394c
394a
3948
3947
3945
3943
3941
3940
393e
393c
393a
3939
3937
3935
3933
3932
3930
392e
392c
392b
3929
3927
3925
3924
3922
3920
391f
391d
391b
3919
3918
3916
3914
3913
3911
390f
390d
390c
390a
3908
3907
3905
3903
3902
3900
38fe
38fc
38fb
38f9
38f7
38f6
38f4
38f2
38f1
38ef
38ed
38ec
38ea
38e8
38e7
38e5
38e3
38e2
38e0
38de
38dd
38db
38d9
38d8
38d6
38d5
38d3
38d1
38d0
38ce
38cc
38cb
38c9
38c7
38c6
38c4
38c3
38c1
38bf
38be
38bc
38ba
38b9
38b7
38b6
38b4
38b2
38b1
38af
38ae
38ac
38aa
38a9
38a7
38a6
38a4
38a3
38a1
389f
389e
389c
389b
3899
3897
3896
3894
3893
3891
3890
388e
388d
388b
3889
3888
3886
3885
3883
3882
3880
387f
387d
387c
387a
3878
3877
3875
3874
3872
3871
386f
386e
386c
386b
3869
3868
3866
3865
3863
3862
3860
385f
385d
385c
385a
3859
3857
3856
3854
3853
3851
3850
384e
384d
384b
384a
3848
3847
3845
3844
3843
3841
3840
383e
383d
383b
383a
3838
3837
3835
3834
3833
3831
3830
382e
382d
382b
382a
3829
3827
3826
3824
3823
3821
3820
381f
381d
381c
381a
3819
3818
3816
3815
3813
3812
3811
380f
380e
380c
380b
380a
3808
3807
3806
3804
3803
3801
3800
37ff
37fd
37fc
37fb
37f9
37f8
37f7
37f5
37f4
37f3
37f1
37f0
37ef
37ed
37ec
37eb
37e9
37e8
37e7
37e5
37e4
37e3
37e1
37e0
37df
37dd
37dc
37db
37d9
37d8
37d7
37d6
37d4
37d3
37d2
37d0
37cf
37ce
37cc
37cb
37ca
37c9
37c7
37c6
37c5
37c4
37c2
37c1
37c0
37be
37bd
37bc
37bb
37b9
37b8
37b7
37b6
37b4
37b3
37b2
37b1
37b0
37ae
37ad
37ac
37ab
37a9
37a8
37a7
37a6
37a4
37a3
37a2
37a1
37a0
379e
379d
379c
379b
379a
3798
3797
3796
3795
3794
3792
3791
3790
378f
378e
378d
378b
378a
3789
3788
3787
3786
3784
3783
3782
3781
3780
377f
377e
377c
377b
377a
3779
3778
3777
3776
3774
3773
3772
3771
3770
376f
376e
376d
376c
376a
3769
3768
3767
3766
3765
3764
3763
3762
3761
3760
375e
375d
375c
375b
375a
3759
3758
3757
3756
3755
3754
3753
3752
3751
3750
374e
374d
374c
374b
374a
3749
3748
3747
3746
3745
3744
3743
3742
3741
3740
373f
373e
373d
373c
373b
373a
3739
3738
3737
3736
3735
3734
3733
3732
3731
3730
372f
372e
372d
372c
372b
372a
3729
3728
3727
3726
3725
3724
3724
3723
3722
3721
3720
371f
371e
371d
371c
371b
371a
3719
3718
3717
3716
3716
3715
3714
3713
3712
3711
3710
370f
370e
370d
370d
370c
370b
370a
3709
3708
3707
3706
3705
3705
3704
3703
3702
3701
3700
36ff
36ff
36fe
36fd
36fc
36fb
36fa
36f9
36f9
36f8
36f7
36f6
36f5
36f4
36f4
36f3
36f2
36f1
36f0
36f0
36ef
36ee
36ed
36ec
36eb
36eb
36ea
36e9
36e8
36e8
36e7
36e6
36e5
36e4
36e4
36e3
36e2
36e1
36e1
36e0
36df
36de
36dd
36dd
36dc
36db
36da
36da
36d9
36d8
36d7
36d7
36d6
36d5
36d5
36d4
36d3
36d2
36d2
36d1
36d0
36cf
36cf
36ce
36cd
36cd
36cc
36cb
36cb
36ca
36c9
36c8
36c8
36c7
36c6
36c6
36c5
36c4
36c4
36c3
36c2
36c2
36c1
36c0
36c0
36bf
36be
36be
36bd
36bc
36bc
36bb
36ba
36ba
36b9
36b9
36b8
36b7
36b7
36b6
36b5
36b5
36b4
36b4
36b3
36b2
36b2
36b1
36b1
36b0
36af
36af
36ae
36ae
36ad
36ac
36ac
36ab
36ab
36aa
36aa
36a9
36a8
36a8
36a7
36a7
36a6
36a6
36a5
36a4
36a4
36a3
36a3
36a2
36a2
36a1
36a1
36a0
36a0
369f
369f
369e
369e
369d
369c
369c
369b
369b
369a
369a
3699
3699
3698
3698
3697
3697
3696
3696
3696
3695
3695
3694
3694
3693
3693
3692
3692
3691
3691
3690
3690
368f
368f
368f
368e
368e
368d
368d
368c
368c
368c
368b
368b
368a
368a
3689
3689
3689
3688
3688
3687
3687
3687
3686
3686
3685
3685
3685
3684
3684
3684
3683
3683
3682
3682
3682
3681
3681
3681
3680
3680
3680
367f
367f
367e
367e
367e
367d
367d
367d
367c
367c
367c
367b
367b
367b
367b
367a
367a
367a
3679
3679
3679
3678
3678
3678
3678
3677
3677
3677
3676
3676
3676
3676
3675
3675
3675
3675
3674
3674
3674
3673
3673
3673
3673
3672
3672
3672
3672
3672
3671
3671
3671
3671
3670
3670
3670
3670
3670
366f
366f
366f
366f
366f
366e
366e
366e
366e
366e
366d
366d
366d
366d
366d
366d
366c
366c
366c
366c
366c
366c
366b
366b
366b
366b
366b
366b
366b
366a
366a
366a
366a
366a
366a
366a
366a
3669
3669
3669
3669
3669
3669
3669
3669
3669
3668
3668
3668
3668
3668
3668
3668
3668
3668
3668
3668
3668
3668
3667
3667
3667
3667
3667
3667
3667
3667
3667
3667
3667
3667
3667
3667
3667
3667
3667
3667
3667
3667
3667
3667
3667
3667
3667
3667
3667
3667
3667
3667
3667
3667
3667
3667
3667
3667
3667
3667
3667
3667
3667
3667
3667
3667
3667
3667
3667
3667
3667
3667
3668
3668
3668
3668
3668
3668
3668
3668
3668
3668
3668
3668
3668
3669
3669
3669
3669
3669
3669
3669
3669
3669
366a
366a
366a
366a
366a
366a
366a
366a
366b
366b
366b
366b
366b
366b
366b
366c
366c
366c
366c
366c
366c
366d
366d
366d
366d
366d
366d
366e
366e
366e
366e
366e
366f
366f
366f
366f
366f
3670
3670
3670
3670
3670
3671
3671
3671
3671
3672
3672
3672
3672
3672
3673
3673
3673
3673
3674
3674
3674
3675
3675
3675
3675
3676
3676
3676
3676
3677
3677
3677
3678
3678
3678
3678
3679
3679
3679
367a
367a
367a
367b
367b
367b
367b
367c
367c
367c
367d
367d
367d
367e
367e
367e
367f
367f
3680
3680
3680
3681
3681
3681
3682
3682
3682
3683
3683
3684
3684
3684
3685
3685
3685
3686
3686
3687
3687
3687
3688
3688
3689
3689
3689
368a
368a
368b
368b
368c
368c
368c
368d
368d
368e
368e
368f
368f
368f
3690
3690
3691
3691
3692
3692
3693
3693
3694
3694
3695
3695
3696
3696
3696
3697
3697
3698
3698
3699
3699
369a
369a
369b
369b
369c
369c
369d
369e
369e
369f
369f
36a0
36a0
36a1
36a1
36a2
36a2
36a3
36a3
36a4
36a4
36a5
36a6
36a6
36a7
36a7
36a8
36a8
36a9
36aa
36aa
36ab
36ab
36ac
36ac
36ad
36ae
36ae
36af
36af
36b0
36b1
36b1
36b2
36b2
36b3
36b4
36b4
36b5
36b5
36b6
36b7
36b7
36b8
36b9
36b9
36ba
36ba
36bb
36bc
36bc
36bd
36be
36be
36bf
36c0
36c0
36c1
36c2
36c2
36c3
36c4
36c4
36c5
36c6
36c6
36c7
36c8
36c8
36c9
36ca
36cb
36cb
36cc
36cd
36cd
36ce
36cf
36cf
36d0
36d1
36d2
36d2
36d3
36d4
36d5
36d5
36d6
36d7
36d7
36d8
36d9
36da
36da
36db
36dc
36dd
36dd
36de
36df
36e0
36e1
36e1
36e2
36e3
36e4
36e4
36e5
36e6
36e7
36e8
36e8
36e9
36ea
36eb
36eb
36ec
36ed
36ee
36ef
36f0
36f0
36f1
36f2
36f3
36f4
36f4
36f5
36f6
36f7
36f8
36f9
36f9
36fa
36fb
36fc
36fd
36fe
36ff
36ff
3700
3701
3702
3703
3704
3705
3705
3706
3707
3708
3709
370a
370b
370c
370d
370d
370e
370f
3710
3711
3712
3713
3714
3715
3716
3716
3717
3718
3719
371a
371b
371c
371d
371e
371f
3720
3721
3722
3723
3724
3724
3725
3726
3727
3728
3729
372a
372b
372c
372d
372e
372f
3730
3731
3732
3733
3734
3735
3736
3737
3738
3739
373a
373b
373c
373d
373e
373f
3740
3741
3742
3743
3744
3745
3746
3747
3748
3749
374a
374b
374c
374d
374e
3750
3751
3752
3753
3754
3755
3756
3757
3758
3759
375a
375b
375c
375d
375e
3760
3761
3762
3763
3764
3765
3766
3767
3768
3769
376a
376c
376d
376e
376f
3770
3771
3772
3773
3774
3776
3777
3778
3779
377a
377b
377c
377e
377f
3780
3781
3782
3783
3784
3786
3787
3788
3789
378a
378b
378d
378e
378f
3790
3791
3792
3794
3795
3796
3797
3798
379a
379b
379c
379d
379e
37a0
37a1
37a2
37a3
37a4
37a6
37a7
37a8
37a9
37ab
37ac
37ad
37ae
37b0
37b1
37b2
37b3
37b4
37b6
37b7
37b8
37b9
37bb
37bc
37bd
37be
37c0
37c1
37c2
37c4
37c5
37c6
37c7
37c9
37ca
37cb
37cc
37ce
37cf
37d0
37d2
37d3
37d4
37d6
37d7
37d8
37d9
37db
37dc
37dd
37df
37e0
37e1
37e3
37e4
37e5
37e7
37e8
37e9
37eb
37ec
37ed
37ef
37f0
37f1
37f3
37f4
37f5
37f7
37f8
37f9
37fb
37fc
37fd
37ff
3800
3801
3803
3804
3806
3807
3808
380a
380b
380c
380e
380f
3811
3812
3813
3815
3816
3818
3819
381a
381c
381d
381f
3820
3821
3823
3824
3826
3827
3829
382a
382b
382d
382e
3830
3831
3833
3834
3835
3837
3838
383a
383b
383d
383e
3840
3841
3843
3844
3845
3847
3848
384a
384b
384d
384e
3850
3851
3853
3854
3856
3857
3859
385a
385c
385d
385f
3860
3862
3863
3865
3866
3868
3869
386b
386c
386e
386f
3871
3872
3874
3875
3877
3878
387a
387c
387d
387f
3880
3882
3883
3885
3886
3888
3889
388b
388d
388e
3890
3891
3893
3894
3896
3897
3899
389b
389c
389e
389f
38a1
38a3
38a4
38a6
38a7
38a9
38aa
38ac
38ae
38af
38b1
38b2
38b4
38b6
38b7
38b9
38ba
38bc
38be
38bf
38c1
38c3
38c4
38c6
38c7
38c9
38cb
38cc
38ce
38d0
38d1
38d3
38d5
38d6
38d8
38d9
38db
38dd
38de
38e0
38e2
38e3
38e5
38e7
38e8
38ea
38ec
38ed
38ef
38f1
38f2
38f4
38f6
38f7
38f9
38fb
38fc
38fe
3900
3902
3903
3905
3907
3908
390a
390c
390d
390f
3911
3913
3914
3916
3918
3919
391b
391d
391f
3920
3922
3924
3925
3927
3929
392b
392c
392e
3930
3932
3933
3935
3937
3939
393a
393c
393e
3940
3941
3943
3945
3947
3948
394a
394c
394e
394f
3951
3953
3955
3957
3958
395a
395c
395e
3960
3961
3963
3965
3967
3968
396a
396c
396e
3970
3971
3973
3975
3977
3979
397b
397c
397e
3980
3982
3984
3985
3987
3989
398b
398d
398f
3990
3992
3994
3996
3998
399a
399b
399d
399f
39a1
39a3
39a5
39a6
39a8
39aa
39ac
39ae
39b0
39b2
39b4
39b5
39b7
39b9
39bb
39bd
39bf
39c1
39c2
39c4
39c6
39c8
39ca
39cc
39ce
39d0
39d2
39d3
39d5
39d7
39d9
39db
39dd
39df
39e1
39e3
39e5
39e6
39e8
39ea
39ec
39ee
39f0
39f2
39f4
39f6
39f8
39fa
39fb
39fd
39ff
3a01
3a03
3a05
3a07
3a09
3a0b
3a0d
3a0f
3a11
3a13
3a15
3a17
3a19
3a1a
3a1c
3a1e
3a20
3a22
3a24
3a26
3a28
3a2a
3a2c
3a2e
3a30
3a32
3a34
3a36
3a38
3a3a
3a3c
3a3e
3a40
3a42
3a44
3a46
3a48
3a4a
3a4c
3a4e
3a50
3a52
3a54
3a56
3a58
3a5a
3a5c
3a5e
3a60
3a62
3a64
3a66
3a68
3a6a
3a6c
3a6e
3a70
3a72
3a74
3a76
3a78
3a7a
3a7c
3a7e
3a80
3a82
3a84
3a86
3a88
3a8a
3a8c
3a8e
3a90
3a92
3a94
3a96
3a98
3a9a
3a9c
3a9e
3aa0
3aa2
3aa5
3aa7
3aa9
3aab
3aad
3aaf
3ab1
3ab3
3ab5
3ab7
3ab9
3abb
3abd
3abf
3ac1
3ac3
3ac5
3ac8
3aca
3acc
3ace
3ad0
3ad2
3ad4
3ad6
3ad8
3ada
3adc
3ade
3ae1
3ae3
3ae5
3ae7
3ae9
3aeb
3aed
3aef
3af1
3af3
3af5
3af8
3afa
3afc
3afe
3b00
3b02
3b04
3b06
3b08
3b0b
3b0d
3b0f
3b11
3b13
3b15
3b17
3b19
3b1c
3b1e
3b20
3b22
3b24
3b26
3b28
3b2a
3b2d
3b2f
3b31
3b33
3b35
3b37
3b39
3b3c
3b3e
3b40
3b42
3b44
3b46
3b48
3b4b
3b4d
3b4f
3b51
3b53
3b55
3b58
3b5a
3b5c
3b5e
3b60
3b62
3b65
3b67
3b69
3b6b
3b6d
3b6f
3b72
3b74
3b76
3b78
3b7a
3b7c
3b7f
3b81
3b83
3b85
3b87
3b8a
3b8c
3b8e
3b90
3b92
3b94
3b97
3b99
3b9b
3b9d
3b9f
3ba2
3ba4
3ba6
3ba8
3baa
3bad
3baf
3bb1
3bb3
3bb6
3bb8
3bba
3bbc
3bbe
3bc1
3bc3
3bc5
3bc7
3bc9
3bcc
3bce
3bd0
3bd2
3bd5
3bd7
3bd9
3bdb
3bdd
3be0
3be2
3be4
3be6
3be9
3beb
3bed
3bef
3bf2
3bf4
3bf6
3bf8
3bfb
3bfd
3bff
3c01
3c04
3c06
3c08
3c0a
3c0d
3c0f
3c11
3c13
3c16
3c18
3c1a
3c1c
3c1f
3c21
3c23
3c25
3c28
3c2a
3c2c
3c2e
3c31
3c33
3c35
3c37
3c3a
3c3c
3c3e
3c41
3c43
3c45
3c47
3c4a
3c4c
3c4e
3c50
3c53
3c55
3c57
3c5a
3c5c
3c5e
3c60
3c63
3c65
3c67
3c6a
3c6c
3c6e
3c71
3c73
3c75
3c77
3c7a
3c7c
3c7e
3c81
3c83
3c85
3c88
3c8a
3c8c
3c8e
3c91
3c93
3c95
3c98
3c9a
3c9c
3c9f
3ca1
3ca3
3ca6
3ca8
3caa
3cac
3caf
3cb1
3cb3
3cb6
3cb8
3cba
3cbd
3cbf
3cc1
3cc4
3cc6
3cc8
3ccb
3ccd
3ccf
3cd2
3cd4
3cd6
3cd9
3cdb
3cdd
3ce0
3ce2
3ce4
3ce7
3ce9
3ceb
3cee
3cf0
3cf2
3cf5
3cf7
3cf9
3cfc
3cfe
3d00
3d03
3d05
3d07
3d0a
3d0c
3d0f
3d11
3d13
3d16
3d18
3d1a
3d1d
3d1f
3d21
3d24
3d26
3d28
3d2b
3d2d
3d30
3d32
3d34
3d37
3d39
3d3b
3d3e
3d40
3d42
3d45
3d47
3d4a
3d4c
3d4e
3d51
3d53
3d55
3d58
3d5a
3d5d
3d5f
3d61
3d64
3d66
3d68
3d6b
3d6d
3d70
3d72
3d74
3d77
3d79
3d7b
3d7e
3d80
3d83
3d85
3d87
3d8a
3d8c
3d8f
3d91
3d93
3d96
3d98
3d9b
3d9d
3d9f
3da2
3da4
3da6
3da9
3dab
3dae
3db0
3db2
3db5
3db7
3dba
3dbc
3dbe
3dc1
3dc3
3dc6
3dc8
3dca
3dcd
3dcf
3dd2
3dd4
3dd6
3dd9
3ddb
3dde
3de0
3de3
3de5
3de7
3dea
3dec
3def
3df1
3df3
3df6
3df8
3dfb
3dfd
3dff
3e02
3e04
3e07
3e09
3e0c
3e0e
3e10
3e13
3e15
3e18
3e1a
3e1d
3e1f
3e21
3e24
3e26
3e29
3e2b
3e2d
3e30
3e32
3e35
3e37
3e3a
3e3c
3e3e
3e41
3e43
3e46
3e48
3e4b
3e4d
3e4f
3e52
3e54
3e57
3e59
3e5c
3e5e
3e61
3e63
3e65
3e68
3e6a
3e6d
3e6f
3e72
3e74
3e76
3e79
3e7b
3e7e
3e80
3e83
3e85
3e88
3e8a
3e8c
3e8f
3e91
3e94
3e96
3e99
3e9b
3e9e
3ea0
3ea2
3ea5
3ea7
3eaa
3eac
3eaf
3eb1
3eb4
3eb6
3eb8
3ebb
3ebd
3ec0
3ec2
3ec5
3ec7
3eca
3ecc
3ece
3ed1
3ed3
3ed6
3ed8
3edb
3edd
3ee0
3ee2
3ee5
3ee7
3ee9
3eec
3eee
3ef1
3ef3
3ef6
3ef8
3efb
3efd
3f00
3f02
3f04
3f07
3f09
3f0c
3f0e
3f11
3f13
3f16
3f18
3f1b
3f1d
3f20
3f22
3f24
3f27
3f29
3f2c
3f2e
3f31
3f33
3f36
3f38
3f3b
3f3d
3f40
3f42
3f44
3f47
3f49
3f4c
3f4e
3f51
3f53
3f56
3f58
3f5b
3f5d
3f60
3f62
3f64
3f67
3f69
3f6c
3f6e
3f71
3f73
3f76
3f78
3f7b
3f7d
3f80
3f82
3f85
3f87
3f89
3f8c
3f8e
3f91
3f93
3f96
3f98
3f9b
3f9d
3fa0
3fa2
3fa5
3fa7
3faa
3fac
3fae
3fb1
3fb3
3fb6
3fb8
3fbb
3fbd
3fc0
3fc2
3fc5
3fc7
3fca
3fcc
3fcf
3fd1
3fd4
3fd6
3fd8
3fdb
3fdd
3fe0
3fe2
3fe5
3fe7
3fea
3fec
3fef
3ff1
3ff4
3ff6
3ff9
3ffb
3ffe
0000
0002
0005
0007
000a
000c
000f
0011
0014
0016
0019
001b
001e
0020
0023
0025
0028
002a
002c
002f
0031
0034
0036
0039
003b
003e
0040
0043
0045
0048
004a
004d
004f
0052
0054
0056
0059
005b
005e
0060
0063
0065
0068
006a
006d
006f
0072
0074
0077
0079
007b
007e
0080
0083
0085
0088
008a
008d
008f
0092
0094
0097
0099
009c
009e
00a0
00a3
00a5
00a8
00aa
00ad
00af
00b2
00b4
00b7
00b9
00bc
00be
00c0
00c3
00c5
00c8
00ca
00cd
00cf
00d2
00d4
00d7
00d9
00dc
00de
00e0
00e3
00e5
00e8
00ea
00ed
00ef
00f2
00f4
00f7
00f9
00fc
00fe
0100
0103
0105
0108
010a
010d
010f
0112
0114
0117
0119
011b
011e
0120
0123
0125
0128
012a
012d
012f
0132
0134
0136
0139
013b
013e
0140
0143
0145
0148
014a
014c
014f
0151
0154
0156
0159
015b
015e
0160
0162
0165
0167
016a
016c
016f
0171
0174
0176
0178
017b
017d
0180
0182
0185
0187
018a
018c
018e
0191
0193
0196
0198
019b
019d
019f
01a2
01a4
01a7
01a9
01ac
01ae
01b1
01b3
01b5
01b8
01ba
01bd
01bf
01c2
01c4
01c6
01c9
01cb
01ce
01d0
01d3
01d5
01d7
01da
01dc
01df
01e1
01e3
01e6
01e8
01eb
01ed
01f0
01f2
01f4
01f7
01f9
01fc
01fe
0201
0203
0205
0208
020a
020d
020f
0211
0214
0216
0219
021b
021d
0220
0222
0225
0227
022a
022c
022e
0231
0233
0236
0238
023a
023d
023f
0242
0244
0246
0249
024b
024e
0250
0252
0255
0257
025a
025c
025e
0261
0263
0265
0268
026a
026d
026f
0271
0274
0276
0279
027b
027d
0280
0282
0285
0287
0289
028c
028e
0290
0293
0295
0298
029a
029c
029f
02a1
02a3
02a6
02a8
02ab
02ad
02af
02b2
02b4
02b6
02b9
02bb
02be
02c0
02c2
02c5
02c7
02c9
02cc
02ce
02d0
02d3
02d5
02d8
02da
02dc
02df
02e1
02e3
02e6
02e8
02ea
02ed
02ef
02f1
02f4
02f6
02f9
02fb
02fd
0300
0302
0304
0307
0309
030b
030e
0310
0312
0315
0317
0319
031c
031e
0320
0323
0325
0327
032a
032c
032e
0331
0333
0335
0338
033a
033c
033f
0341
0343
0346
0348
034a
034d
034f
0351
0354
0356
0358
035a
035d
035f
0361
0364
0366
0368
036b
036d
036f
0372
0374
0376
0378
037b
037d
037f
0382
0384
0386
0389
038b
038d
038f
0392
0394
0396
0399
039b
039d
03a0
03a2
03a4
03a6
03a9
03ab
03ad
03b0
03b2
03b4
03b6
03b9
03bb
03bd
03bf
03c2
03c4
03c6
03c9
03cb
03cd
03cf
03d2
03d4
03d6
03d8
03db
03dd
03df
03e1
03e4
03e6
03e8
03ea
03ed
03ef
03f1
03f3
03f6
03f8
03fa
03fc
03ff
0401
0403
0405
0408
040a
040c
040e
0411
0413
0415
0417
041a
041c
041e
0420
0423
0425
0427
0429
042b
042e
0430
0432
0434
0437
0439
043b
043d
043f
0442
0444
0446
0448
044a
044d
044f
0451
0453
0456
0458
045a
045c
045e
0461
0463
0465
0467
0469
046c
046e
0470
0472
0474
0476
0479
047b
047d
047f
0481
0484
0486
0488
048a
048c
048e
0491
0493
0495
0497
0499
049b
049e
04a0
04a2
04a4
04a6
04a8
04ab
04ad
04af
04b1
04b3
04b5
04b8
04ba
04bc
04be
04c0
04c2
04c4
04c7
04c9
04cb
04cd
04cf
04d1
04d3
04d6
04d8
04da
04dc
04de
04e0
04e2
04e4
04e7
04e9
04eb
04ed
04ef
04f1
04f3
04f5
04f8
04fa
04fc
04fe
0500
0502
0504
0506
0508
050b
050d
050f
0511
0513
0515
0517
0519
051b
051d
051f
0522
0524
0526
0528
052a
052c
052e
0530
0532
0534
0536
0538
053b
053d
053f
0541
0543
0545
0547
0549
054b
054d
054f
0551
0553
0555
0557
0559
055b
055e
0560
0562
0564
0566
0568
056a
056c
056e
0570
0572
0574
0576
0578
057a
057c
057e
0580
0582
0584
0586
0588
058a
058c
058e
0590
0592
0594
0596
0598
059a
059c
059e
05a0
05a2
05a4
05a6
05a8
05aa
05ac
05ae
05b0
05b2
05b4
05b6
05b8
05ba
05bc
05be
05c0
05c2
05c4
05c6
05c8
05ca
05cc
05ce
05d0
05d2
05d4
05d6
05d8
05da
05dc
05de
05e0
05e2
05e4
05e6
05e7
05e9
05eb
05ed
05ef
05f1
05f3
05f5
05f7
05f9
05fb
05fd
05ff
0601
0603
0605
0606
0608
060a
060c
060e
0610
0612
0614
0616
0618
061a
061b
061d
061f
0621
0623
0625
0627
0629
062b
062d
062e
0630
0632
0634
0636
0638
063a
063c
063e
063f
0641
0643
0645
0647
0649
064b
064c
064e
0650
0652
0654
0656
0658
065a
065b
065d
065f
0661
0663
0665
0666
0668
066a
066c
066e
0670
0671
0673
0675
0677
0679
067b
067c
067e
0680
0682
0684
0685
0687
0689
068b
068d
068f
0690
0692
0694
0696
0698
0699
069b
069d
069f
06a0
06a2
06a4
06a6
06a8
06a9
06ab
06ad
06af
06b1
06b2
06b4
06b6
06b8
06b9
06bb
06bd
06bf
06c0
06c2
06c4
06c6
06c7
06c9
06cb
06cd
06ce
06d0
06d2
06d4
06d5
06d7
06d9
06db
06dc
06de
06e0
06e1
06e3
06e5
06e7
06e8
06ea
06ec
06ed
06ef
06f1
06f3
06f4
06f6
06f8
06f9
06fb
06fd
06fe
0700
0702
0704
0705
0707
0709
070a
070c
070e
070f
0711
0713
0714
0716
0718
0719
071b
071d
071e
0720
0722
0723
0725
0727
0728
072a
072b
072d
072f
0730
0732
0734
0735
0737
0739
073a
073c
073d
073f
0741
0742
0744
0746
0747
0749
074a
074c
074e
074f
0751
0752
0754
0756
0757
0759
075a
075c
075d
075f
0761
0762
0764
0765
0767
0769
076a
076c
076d
076f
0770
0772
0773
0775
0777
0778
077a
077b
077d
077e
0780
0781
0783
0784
0786
0788
0789
078b
078c
078e
078f
0791
0792
0794
0795
0797
0798
079a
079b
079d
079e
07a0
07a1
07a3
07a4
07a6
07a7
07a9
07aa
07ac
07ad
07af
07b0
07b2
07b3
07b5
07b6
07b8
07b9
07bb
07bc
07bd
07bf
07c0
07c2
07c3
07c5
07c6
07c8
07c9
07cb
07cc
07cd
07cf
07d0
07d2
07d3
07d5
07d6
07d7
07d9
07da
07dc
07dd
07df
07e0
07e1
07e3
07e4
07e6
07e7
07e8
07ea
07eb
07ed
07ee
07ef
07f1
07f2
07f4
07f5
07f6
07f8
07f9
07fa
07fc
07fd
07ff
0800
0801
0803
0804
0805
0807
0808
0809
080b
080c
080d
080f
0810
0811
0813
0814
0815
0817
0818
0819
081b
081c
081d
081f
0820
0821
0823
0824
0825
0827
0828
0829
082a
082c
082d
082e
0830
0831
0832
0834
0835
0836
0837
0839
083a
083b
083c
083e
083f
0840
0842
0843
0844
0845
0847
0848
0849
084a
084c
084d
084e
084f
0850
0852
0853
0854
0855
0857
0858
0859
085a
085c
085d
085e
085f
0860
0862
0863
0864
0865
0866
0868
0869
086a
086b
086c
086e
086f
0870
0871
0872
0873
0875
0876
0877
0878
0879
087a
087c
087d
087e
087f
0880
0881
0882
0884
0885
0886
0887
0888
0889
088a
088c
088d
088e
088f
0890
0891
0892
0893
0894
0896
0897
0898
0899
089a
089b
089c
089d
089e
089f
08a0
08a2
08a3
08a4
08a5
08a6
08a7
08a8
08a9
08aa
08ab
08ac
08ad
08ae
08af
08b0
08b2
08b3
08b4
08b5
08b6
08b7
08b8
08b9
08ba
08bb
08bc
08bd
08be
08bf
08c0
08c1
08c2
08c3
08c4
08c5
08c6
08c7
08c8
08c9
08ca
08cb
08cc
08cd
08ce
08cf
08d0
08d1
08d2
08d3
08d4
08d5
08d6
08d7
08d8
08d9
08da
08db
08dc
08dc
08dd
08de
08df
08e0
08e1
08e2
08e3
08e4
08e5
08e6
08e7
08e8
08e9
08ea
08ea
08eb
08ec
08ed
08ee
08ef
08f0
08f1
08f2
08f3
08f3
08f4
08f5
08f6
08f7
08f8
08f9
08fa
08fb
08fb
08fc
08fd
08fe
08ff
0900
0901
0901
0902
0903
0904
0905
0906
0907
0907
0908
0909
090a
090b
090c
090c
090d
090e
090f
0910
0910
0911
0912
0913
0914
0915
0915
0916
0917
0918
0918
0919
091a
091b
091c
091c
091d
091e
091f
091f
0920
0921
0922
0923
0923
0924
0925
0926
0926
0927
0928
0929
0929
092a
092b
092b
092c
092d
092e
092e
092f
0930
0931
0931
0932
0933
0933
0934
0935
0935
0936
0937
0938
0938
0939
093a
093a
093b
093c
093c
093d
093e
093e
093f
0940
0940
0941
0942
0942
0943
0944
0944
0945
0946
0946
0947
0947
0948
0949
0949
094a
094b
094b
094c
094c
094d
094e
094e
094f
094f
0950
0951
0951
0952
0952
0953
0954
0954
0955
0955
0956
0956
0957
0958
0958
0959
0959
095a
095a
095b
095c
095c
095d
095d
095e
095e
095f
095f
0960
0960
0961
0961
0962
0962
0963
0964
0964
0965
0965
0966
0966
0967
0967
0968
0968
0969
0969
096a
096a
096a
096b
096b
096c
096c
096d
096d
096e
096e
096f
096f
0970
0970
0971
0971
0971
0972
0972
0973
0973
0974
0974
0974
0975
0975
0976
0976
0977
0977
0977
0978
0978
0979
0979
0979
097a
097a
097b
097b
097b
097c
097c
097c
097d
097d
097e
097e
097e
097f
097f
097f
0980
0980
0980
0981
0981
0982
0982
0982
0983
0983
0983
0984
0984
0984
0985
0985
0985
0985
0986
0986
0986
0987
0987
0987
0988
0988
0988
0988
0989
0989
0989
098a
098a
098a
098a
098b
098b
098b
098b
098c
098c
098c
098d
098d
098d
098d
098e
098e
098e
098e
098e
098f
098f
098f
098f
0990
0990
0990
0990
0990
0991
0991
0991
0991
0991
0992
0992
0992
0992
0992
0993
0993
0993
0993
0993
0993
0994
0994
0994
0994
0994
0994
0995
0995
0995
0995
0995
0995
0995
0996
0996
0996
0996
0996
0996
0996
0996
0997
0997
0997
0997
0997
0997
0997
0997
0997
0998
0998
0998
0998
0998
0998
0998
0998
0998
0998
0998
0998
0998
0999
0999
0999
0999
0999
0999
0999
0999
0999
0999
0999
0999
0999
0999
0999
0999
0999
0999
0999
0999
0999
0999
0999
0999
0999
0999
0999
0999
0999
0999
0999
0999
0999
0999
0999
0999
0999
0999
0999
0999
0999
0999
0999
0999
0999
0999
0999
0999
0999
0999
0998
0998
0998
0998
0998
0998
0998
0998
0998
0998
0998
0998
0998
0997
0997
0997
0997
0997
0997
0997
0997
0997
0996
0996
0996
0996
0996
0996
0996
0996
0995
0995
0995
0995
0995
0995
0995
0994
0994
0994
0994
0994
0994
0993
0993
0993
0993
0993
0993
0992
0992
0992
0992
0992
0991
0991
0991
0991
0991
0990
0990
0990
0990
0990
098f
098f
098f
098f
098e
098e
098e
098e
098e
098d
098d
098d
098d
098c
098c
098c
098b
098b
098b
098b
098a
098a
098a
098a
0989
0989
0989
0988
0988
0988
0988
0987
0987
0987
0986
0986
0986
0985
0985
0985
0985
0984
0984
0984
0983
0983
0983
0982
0982
0982
0981
0981
0980
0980
0980
097f
097f
097f
097e
097e
097e
097d
097d
097c
097c
097c
097b
097b
097b
097a
097a
0979
0979
0979
0978
0978
0977
0977
0977
0976
0976
0975
0975
0974
0974
0974
0973
0973
0972
0972
0971
0971
0971
0970
0970
096f
096f
096e
096e
096d
096d
096c
096c
096b
096b
096a
096a
096a
0969
0969
0968
0968
0967
0967
0966
0966
0965
0965
0964
0964
0963
0962
0962
0961
0961
0960
0960
095f
095f
095e
095e
095d
095d
095c
095c
095b
095a
095a
0959
0959
0958
0958
0957
0956
0956
0955
0955
0954
0954
0953
0952
0952
0951
0951
0950
094f
094f
094e
094e
094d
094c
094c
094b
094b
094a
0949
0949
0948
0947
0947
0946
0946
0945
0944
0944
0943
0942
0942
0941
0940
0940
093f
093e
093e
093d
093c
093c
093b
093a
093a
0939
0938
0938
0937
0936
0935
0935
0934
0933
0933
0932
0931
0931
0930
092f
092e
092e
092d
092c
092b
092b
092a
0929
0929
0928
0927
0926
0926
0925
0924
0923
0923
0922
0921
0920
091f
091f
091e
091d
091c
091c
091b
091a
0919
0918
0918
0917
0916
0915
0915
0914
0913
0912
0911
0910
0910
090f
090e
090d
090c
090c
090b
090a
0909
0908
0907
0907
0906
0905
0904
0903
0902
0901
0901
0900
08ff
08fe
08fd
08fc
08fb
08fb
08fa
08f9
08f8
08f7
08f6
08f5
08f4
08f3
08f3
08f2
08f1
08f0
08ef
08ee
08ed
08ec
08eb
08ea
08ea
08e9
08e8
08e7
08e6
08e5
08e4
08e3
08e2
08e1
08e0
08df
08de
08dd
08dc
08dc
08db
08da
08d9
08d8
08d7
08d6
08d5
08d4
08d3
08d2
08d1
08d0
08cf
08ce
08cd
08cc
08cb
08ca
08c9
08c8
08c7
08c6
08c5
08c4
08c3
08c2
08c1
08c0
08bf
08be
08bd
08bc
08bb
08ba
08b9
08b8
08b7
08b6
08b5
08b4
08b3
08b2
08b0
08af
08ae
08ad
08ac
08ab
08aa
08a9
08a8
08a7
08a6
08a5
08a4
08a3
08a2
08a0
089f
089e
089d
089c
089b
089a
0899
0898
0897
0896
0894
0893
0892
0891
0890
088f
088e
088d
088c
088a
0889
0888
0887
0886
0885
0884
0882
0881
0880
087f
087e
087d
087c
087a
0879
0878
0877
0876
0875
0873
0872
0871
0870
086f
086e
086c
086b
086a
0869
0868
0866
0865
0864
0863
0862
0860
085f
085e
085d
085c
085a
0859
0858
0857
0855
0854
0853
0852
0850
084f
084e
084d
084c
084a
0849
0848
0847
0845
0844
0843
0842
0840
083f
083e
083c
083b
083a
0839
0837
0836
0835
0834
0832
0831
0830
082e
082d
082c
082a
0829
0828
0827
0825
0824
0823
0821
0820
081f
081d
081c
081b
0819
0818
0817
0815
0814
0813
0811
0810
080f
080d
080c
080b
0809
0808
0807
0805
0804
0803
0801
0800
07ff
07fd
07fc
07fa
07f9
07f8
07f6
07f5
07f4
07f2
07f1
07ef
07ee
07ed
07eb
07ea
07e8
07e7
07e6
07e4
07e3
07e1
07e0
07df
07dd
07dc
07da
07d9
07d7
07d6
07d5
07d3
07d2
07d0
07cf
07cd
07cc
07cb
07c9
07c8
07c6
07c5
07c3
07c2
07c0
07bf
07bd
07bc
07bb
07b9
07b8
07b6
07b5
07b3
07b2
07b0
07af
07ad
07ac
07aa
07a9
07a7
07a6
07a4
07a3
07a1
07a0
079e
079d
079b
079a
0798
0797
0795
0794
0792
0791
078f
078e
078c
078b
0789
0788
0786
0784
0783
0781
0780
077e
077d
077b
077a
0778
0777
0775
0773
0772
0770
076f
076d
076c
076a
0769
0767
0765
0764
0762
0761
075f
075d
075c
075a
0759
0757
0756
0754
0752
0751
074f
074e
074c
074a
0749
0747
0746
0744
0742
0741
073f
073d
073c
073a
0739
0737
0735
0734
0732
0730
072f
072d
072b
072a
0728
0727
0725
0723
0722
0720
071e
071d
071b
0719
0718
0716
0714
0713
0711
070f
070e
070c
070a
0709
0707
0705
0704
0702
0700
06fe
06fd
06fb
06f9
06f8
06f6
06f4
06f3
06f1
06ef
06ed
06ec
06ea
06e8
06e7
06e5
06e3
06e1
06e0
06de
06dc
06db
06d9
06d7
06d5
06d4
06d2
06d0
06ce
06cd
06cb
06c9
06c7
06c6
06c4
06c2
06c0
06bf
06bd
06bb
06b9
06b8
06b6
06b4
06b2
06b1
06af
06ad
06ab
06a9
06a8
06a6
06a4
06a2
06a0
069f
069d
069b
0699
0698
0696
0694
0692
0690
068f
068d
068b
0689
0687
0685
0684
0682
0680
067e
067c
067b
0679
0677
0675
0673
0671
0670
066e
066c
066a
0668
0666
0665
0663
0661
065f
065d
065b
065a
0658
0656
0654
0652
0650
064e
064c
064b
0649
0647
0645
0643
0641
063f
063e
063c
063a
0638
0636
0634
0632
0630
062e
062d
062b
0629
0627
0625
0623
0621
061f
061d
061b
061a
0618
0616
0614
0612
0610
060e
060c
060a
0608
0606
0605
0603
0601
05ff
05fd
05fb
05f9
05f7
05f5
05f3
05f1
05ef
05ed
05eb
05e9
05e7
05e6
05e4
05e2
05e0
05de
05dc
05da
05d8
05d6
05d4
05d2
05d0
05ce
05cc
05ca
05c8
05c6
05c4
05c2
05c0
05be
05bc
05ba
05b8
05b6
05b4
05b2
05b0
05ae
05ac
05aa
05a8
05a6
05a4
05a2
05a0
059e
059c
059a
0598
0596
0594
0592
0590
058e
058c
058a
0588
0586
0584
0582
0580
057e
057c
057a
0578
0576
0574
0572
0570
056e
056c
056a
0568
0566
0564
0562
0560
055e
055b
0559
0557
0555
0553
0551
054f
054d
054b
0549
0547
0545
0543
0541
053f
053d
053b
0538
0536
0534
0532
0530
052e
052c
052a
0528
0526
0524
0522
051f
051d
051b
0519
0517
0515
0513
0511
050f
050d
050b
0508
0506
0504
0502
0500
04fe
04fc
04fa
04f8
04f5
04f3
04f1
04ef
04ed
04eb
04e9
04e7
04e4
04e2
04e0
04de
04dc
04da
04d8
04d6
04d3
04d1
04cf
04cd
04cb
04c9
04c7
04c4
04c2
04c0
04be
04bc
04ba
04b8
04b5
04b3
04b1
04af
04ad
04ab
04a8
04a6
04a4
04a2
04a0
049e
049b
0499
0497
0495
0493
0491
048e
048c
048a
0488
0486
0484
0481
047f
047d
047b
0479
0476
0474
0472
0470
046e
046c
0469
0467
0465
0463
0461
045e
045c
045a
0458
0456
0453
0451
044f
044d
044a
0448
0446
0444
0442
043f
043d
043b
0439
0437
0434
0432
0430
042e
042b
0429
0427
0425
0423
0420
041e
041c
041a
0417
0415
0413
0411
040e
040c
040a
0408
0405
0403
0401
03ff
03fc
03fa
03f8
03f6
03f3
03f1
03ef
03ed
03ea
03e8
03e6
03e4
03e1
03df
03dd
03db
03d8
03d6
03d4
03d2
03cf
03cd
03cb
03c9
03c6
03c4
03c2
03bf
03bd
03bb
03b9
03b6
03b4
03b2
03b0
03ad
03ab
03a9
03a6
03a4
03a2
03a0
039d
039b
0399
0396
0394
0392
038f
038d
038b
0389
0386
0384
0382
037f
037d
037b
0378
0376
0374
0372
036f
036d
036b
0368
0366
0364
0361
035f
035d
035a
0358
0356
0354
0351
034f
034d
034a
0348
0346
0343
0341
033f
033c
033a
0338
0335
0333
0331
032e
032c
032a
0327
0325
0323
0320
031e
031c
0319
0317
0315
0312
0310
030e
030b
0309
0307
0304
0302
0300
02fd
02fb
02f9
02f6
02f4
02f1
02ef
02ed
02ea
02e8
02e6
02e3
02e1
02df
02dc
02da
02d8
02d5
02d3
02d0
02ce
02cc
02c9
02c7
02c5
02c2
02c0
02be
02bb
02b9
02b6
02b4
02b2
02af
02ad
02ab
02a8
02a6
02a3
02a1
029f
029c
029a
0298
0295
0293
0290
028e
028c
0289
0287
0285
0282
0280
027d
027b
0279
0276
0274
0271
026f
026d
026a
0268
0265
0263
0261
025e
025c
025a
0257
0255
0252
0250
024e
024b
0249
0246
0244
0242
023f
023d
023a
0238
0236
0233
0231
022e
022c
022a
0227
0225
0222
0220
021d
021b
0219
0216
0214
0211
020f
020d
020a
0208
0205
0203
0201
01fe
01fc
01f9
01f7
01f4
01f2
01f0
01ed
01eb
01e8
01e6
01e3
01e1
01df
01dc
01da
01d7
01d5
01d3
01d0
01ce
01cb
01c9
01c6
01c4
01c2
01bf
01bd
01ba
01b8
01b5
01b3
01b1
01ae
01ac
01a9
01a7
01a4
01a2
019f
019d
019b
0198
0196
0193
0191
018e
018c
018a
0187
0185
0182
0180
017d
017b
0178
0176
0174
0171
016f
016c
016a
0167
0165
0162
0160
015e
015b
0159
0156
0154
0151
014f
014c
014a
0148
0145
0143
0140
013e
013b
0139
0136
0134
0132
012f
012d
012a
0128
0125
0123
0120
011e
011b
0119
0117
0114
0112
010f
010d
010a
0108
0105
0103
0100
00fe
00fc
00f9
00f7
00f4
00f2
00ef
00ed
00ea
00e8
00e5
00e3
00e0
00de
00dc
00d9
00d7
00d4
00d2
00cf
00cd
00ca
00c8
00c5
00c3
00c0
00be
00bc
00b9
00b7
00b4
00b2
00af
00ad
00aa
00a8
00a5
00a3
00a0
009e
009c
0099
0097
0094
0092
008f
008d
008a
0088
0085
0083
0080
007e
007b
0079
0077
0074
0072
006f
006d
006a
0068
0065
0063
0060
005e
005b
0059
0056
0054
0052
004f
004d
004a
0048
0045
0043
0040
003e
003b
0039
0036
0034
0031
002f
002c
002a
0028
0025
0023
0020
001e
001b
0019
0016
0014
0011
000f
000c
000a
0007
0005
0002
0000
3ffe
3ffb
3ff9
3ff6
3ff4
3ff1
3fef
3fec
3fea
3fe7
3fe5
3fe2
3fe0
3fdd
3fdb
3fd8
3fd6
3fd4
3fd1
3fcf
3fcc
3fca
3fc7
3fc5
3fc2
3fc0
3fbd
3fbb
3fb8
3fb6
3fb3
3fb1
3fae
3fac
3faa
3fa7
3fa5
3fa2
3fa0
3f9d
3f9b
3f98
3f96
3f93
3f91
3f8e
3f8c
3f89
3f87
3f85
3f82
3f80
3f7d
3f7b
3f78
3f76
3f73
3f71
3f6e
3f6c
3f69
3f67
3f64
3f62
3f60
3f5d
3f5b
3f58
3f56
3f53
3f51
3f4e
3f4c
3f49
3f47
3f44
3f42
3f40
3f3d
3f3b
3f38
3f36
3f33
3f31
3f2e
3f2c
3f29
3f27
3f24
3f22
3f20
3f1d
3f1b
3f18
3f16
3f13
3f11
3f0e
3f0c
3f09
3f07
3f04
3f02
3f00
3efd
3efb
3ef8
3ef6
3ef3
3ef1
3eee
3eec
3ee9
3ee7
3ee5
3ee2
3ee0
3edd
3edb
3ed8
3ed6
3ed3
3ed1
3ece
3ecc
3eca
3ec7
3ec5
3ec2
3ec0
3ebd
3ebb
3eb8
3eb6
3eb4
3eb1
3eaf
3eac
3eaa
3ea7
3ea5
3ea2
3ea0
3e9e
3e9b
3e99
3e96
3e94
3e91
3e8f
3e8c
3e8a
3e88
3e85
3e83
3e80
3e7e
3e7b
3e79
3e76
3e74
3e72
3e6f
3e6d
3e6a
3e68
3e65
3e63
3e61
3e5e
3e5c
3e59
3e57
3e54
3e52
3e4f
3e4d
3e4b
3e48
3e46
3e43
3e41
3e3e
3e3c
3e3a
3e37
3e35
3e32
3e30
3e2d
3e2b
3e29
3e26
3e24
3e21
3e1f
3e1d
3e1a
3e18
3e15
3e13
3e10
3e0e
3e0c
3e09
3e07
3e04
3e02
3dff
3dfd
3dfb
3df8
3df6
3df3
3df1
3def
3dec
3dea
3de7
3de5
3de3
3de0
3dde
3ddb
3dd9
3dd6
3dd4
3dd2
3dcf
3dcd
3dca
3dc8
3dc6
3dc3
3dc1
3dbe
3dbc
3dba
3db7
3db5
3db2
3db0
3dae
3dab
3da9
3da6
3da4
3da2
3d9f
3d9d
3d9b
3d98
3d96
3d93
3d91
3d8f
3d8c
3d8a
3d87
3d85
3d83
3d80
3d7e
3d7b
3d79
3d77
3d74
3d72
3d70
3d6d
3d6b
3d68
3d66
3d64
3d61
3d5f
3d5d
3d5a
3d58
3d55
3d53
3d51
3d4e
3d4c
3d4a
3d47
3d45
3d42
3d40
3d3e
3d3b
3d39
3d37
3d34
3d32
3d30
3d2d
3d2b
3d28
3d26
3d24
3d21
3d1f
3d1d
3d1a
3d18
3d16
3d13
3d11
3d0f
3d0c
3d0a
3d07
3d05
3d03
3d00
3cfe
3cfc
3cf9
3cf7
3cf5
3cf2
3cf0
3cee
3ceb
3ce9
3ce7
3ce4
3ce2
3ce0
3cdd
3cdb
3cd9
3cd6
3cd4
3cd2
3ccf
3ccd
3ccb
3cc8
3cc6
3cc4
3cc1
3cbf
3cbd
3cba
3cb8
3cb6
3cb3
3cb1
3caf
3cac
3caa
3ca8
3ca6
3ca3
3ca1
3c9f
3c9c
3c9a
3c98
3c95
3c93
3c91
3c8e
3c8c
3c8a
3c88
3c85
3c83
3c81
3c7e
3c7c
3c7a
3c77
3c75
3c73
3c71
3c6e
3c6c
3c6a
3c67
3c65
3c63
3c60
3c5e
3c5c
3c5a
3c57
3c55
3c53
3c50
3c4e
3c4c
3c4a
3c47
3c45
3c43
3c41
3c3e
3c3c
3c3a
3c37
3c35
3c33
3c31
3c2e
3c2c
3c2a
3c28
3c25
3c23
3c21
3c1f
3c1c
3c1a
3c18
3c16
3c13
3c11
3c0f
3c0d
3c0a
3c08
3c06
3c04
3c01
3bff
3bfd
3bfb
3bf8
3bf6
3bf4
3bf2
3bef
3bed
3beb
3be9
3be6
3be4
3be2
3be0
3bdd
3bdb
3bd9
3bd7
3bd5
3bd2
3bd0
3bce
3bcc
3bc9
3bc7
3bc5
3bc3
3bc1
3bbe
3bbc
3bba
3bb8
3bb6
3bb3
3bb1
3baf
3bad
3baa
3ba8
3ba6
3ba4
3ba2
3b9f
3b9d
3b9b
3b99
3b97
3b94
3b92
3b90
3b8e
3b8c
3b8a
3b87
3b85
3b83
3b81
3b7f
3b7c
3b7a
3b78
3b76
3b74
3b72
3b6f
3b6d
3b6b
3b69
3b67
3b65
3b62
3b60
3b5e
3b5c
3b5a
3b58
3b55
3b53
3b51
3b4f
3b4d
3b4b
3b48
3b46
3b44
3b42
3b40
3b3e
3b3c
3b39
3b37
3b35
3b33
3b31
3b2f
3b2d
3b2a
3b28
3b26
3b24
3b22
3b20
3b1e
3b1c
3b19
3b17
3b15
3b13
3b11
3b0f
3b0d
3b0b
3b08
3b06
3b04
3b02
3b00
3afe
3afc
3afa
3af8
3af5
3af3
3af1
3aef
3aed
3aeb
3ae9
3ae7
3ae5
3ae3
3ae1
3ade
3adc
3ada
3ad8
3ad6
3ad4
3ad2
3ad0
3ace
3acc
3aca
3ac8
3ac5
3ac3
3ac1
3abf
3abd
3abb
3ab9
3ab7
3ab5
3ab3
3ab1
3aaf
3aad
3aab
3aa9
3aa7
3aa5
3aa2
3aa0
3a9e
3a9c
3a9a
3a98
3a96
3a94
3a92
3a90
3a8e
3a8c
3a8a
3a88
3a86
3a84
3a82
3a80
3a7e
3a7c
3a7a
3a78
3a76
3a74
3a72
3a70
3a6e
3a6c
3a6a
3a68
3a66
3a64
3a62
3a60
3a5e
3a5c
3a5a
3a58
3a56
3a54
3a52
3a50
3a4e
3a4c
3a4a
3a48
3a46
3a44
3a42
3a40
3a3e
3a3c
3a3a
3a38
3a36
3a34
3a32
3a30
3a2e
3a2c
3a2a
3a28
3a26
3a24
3a22
3a20
3a1e
3a1c
3a1a
3a19
3a17
3a15
3a13
3a11
3a0f
3a0d
3a0b
3a09
3a07
3a05
3a03
3a01
39ff
39fd
39fb
39fa
39f8
39f6
39f4
39f2
39f0
39ee
39ec
39ea
39e8
39e6
39e5
39e3
39e1
39df
39dd
39db
39d9
39d7
39d5
39d3
39d2
39d0
39ce
39cc
39ca
39c8
39c6
39c4
39c2
39c1
39bf
39bd
39bb
39b9
39b7
39b5
39b4
39b2
39b0
39ae
39ac
39aa
39a8
39a6
39a5
39a3
39a1
399f
399d
399b
399a
3998
3996
3994
3992
3990
398f
398d
398b
3989
3987
3985
3984
3982
3980
397e
397c
397b
3979
3977
3975
3973
3971
3970
396e
396c
396a
3968
3967
3965
3963
3961
3960
395e
395c
395a
3958
3957
3955
3953
3951
394f
394e
394c
394a
3948
3947
3945
3943
3941
3940
393e
393c
393a
3939
3937
3935
3933
3932
3930
392e
392c
392b
3929
3927
3925
3924
3922
3920
391f
391d
391b
3919
3918
3916
3914
3913
3911
390f
390d
390c
390a
3908
3907
3905
3903
3902
3900
38fe
38fc
38fb
38f9
38f7
38f6
38f4
38f2
38f1
38ef
38ed
38ec
38ea
38e8
38e7
38e5
38e3
38e2
38e0
38de
38dd
38db
38d9
38d8
38d6
38d5
38d3
38d1
38d0
38ce
38cc
38cb
38c9
38c7
38c6
38c4
38c3
38c1
38bf
38be
38bc
38ba
38b9
38b7
38b6
38b4
38b2
38b1
38af
38ae
38ac
38aa
38a9
38a7
38a6
38a4
38a3
38a1
389f
389e
389c
389b
3899
3897
3896
3894
3893
3891
3890
388e
388d
388b
3889
3888
3886
3885
3883
3882
3880
387f
387d
387c
387a
3878
3877
3875
3874
3872
3871
386f
386e
386c
386b
3869
3868
3866
3865
3863
3862
3860
385f
385d
385c
385a
3859
3857
3856
3854
3853
3851
3850
384e
384d
384b
384a
3848
3847
3845
3844
3843
3841
3840
383e
383d
383b
383a
3838
3837
3835
3834
3833
3831
3830
382e
382d
382b
382a
3829
3827
3826
3824
3823
3821
3820
381f
381d
381c
381a
3819
3818
3816
3815
3813
3812
3811
380f
380e
380c
380b
380a
3808
3807
3806
3804
3803
3801
3800
37ff
37fd
37fc
37fb
37f9
37f8
37f7
37f5
37f4
37f3
37f1
37f0
37ef
37ed
37ec
37eb
37e9
37e8
37e7
37e5
37e4
37e3
37e1
37e0
37df
37dd
37dc
37db
37d9
37d8
37d7
37d6
37d4
37d3
37d2
37d0
37cf
37ce
37cc
37cb
37ca
37c9
37c7
37c6
37c5
37c4
37c2
37c1
37c0
37be
37bd
37bc
37bb
37b9
37b8
37b7
37b6
37b4
37b3
37b2
37b1
37b0
37ae
37ad
37ac
37ab
37a9
37a8
37a7
37a6
37a4
37a3
37a2
37a1
37a0
379e
379d
379c
379b
379a
3798
3797
3796
3795
3794
3792
3791
3790
378f
378e
378d
378b
378a
3789
3788
3787
3786
3784
3783
3782
3781
3780
377f
377e
377c
377b
377a
3779
3778
3777
3776
3774
3773
3772
3771
3770
376f
376e
376d
376c
376a
3769
3768
3767
3766
3765
3764
3763
3762
3761
3760
375e
375d
375c
375b
375a
3759
3758
3757
3756
3755
3754
3753
3752
3751
3750
374e
374d
374c
374b
374a
3749
3748
3747
3746
3745
3744
3743
3742
3741
3740
373f
373e
373d
373c
373b
373a
3739
3738
3737
3736
3735
3734
3733
3732
3731
3730
372f
372e
372d
372c
372b
372a
3729
3728
3727
3726
3725
3724
3724
3723
3722
3721
3720
371f
371e
371d
371c
371b
371a
3719
3718
3717
3716
3716
3715
3714
3713
3712
3711
3710
370f
370e
370d
370d
370c
370b
370a
3709
3708
3707
3706
3705
3705
3704
3703
3702
3701
3700
36ff
36ff
36fe
36fd
36fc
36fb
36fa
36f9
36f9
36f8
36f7
36f6
36f5
36f4
36f4
36f3
36f2
36f1
36f0
36f0
36ef
36ee
36ed
36ec
36eb
36eb
36ea
36e9
36e8
36e8
36e7
36e6
36e5
36e4
36e4
36e3
36e2
36e1
36e1
36e0
36df
36de
36dd
36dd
36dc
36db
36da
36da
36d9
36d8
36d7
36d7
36d6
36d5
36d5
36d4
36d3
36d2
36d2
36d1
36d0
36cf
36cf
36ce
36cd
36cd
36cc
36cb
36cb
36ca
36c9
36c8
36c8
36c7
36c6
36c6
36c5
36c4
36c4
36c3
36c2
36c2
36c1
36c0
36c0
36bf
36be
36be
36bd
36bc
36bc
36bb
36ba
36ba
36b9
36b9
36b8
36b7
36b7
36b6
36b5
36b5
36b4
36b4
36b3
36b2
36b2
36b1
36b1
36b0
36af
36af
36ae
36ae
36ad
36ac
36ac
36ab
36ab
36aa
36aa
36a9
36a8
36a8
36a7
36a7
36a6
36a6
36a5
36a4
36a4
36a3
36a3
36a2
36a2
36a1
36a1
36a0
36a0
369f
369f
369e
369e
369d
369c
369c
369b
369b
369a
369a
3699
3699
3698
3698
3697
3697
3696
3696
3696
3695
3695
3694
3694
3693
3693
3692
3692
3691
3691
3690
3690
368f
368f
368f
368e
368e
368d
368d
368c
368c
368c
368b
368b
368a
368a
3689
3689
3689
3688
3688
3687
3687
3687
3686
3686
3685
3685
3685
3684
3684
3684
3683
3683
3682
3682
3682
3681
3681
3681
3680
3680
3680
367f
367f
367e
367e
367e
367d
367d
367d
367c
367c
367c
367b
367b
367b
367b
367a
367a
367a
3679
3679
3679
3678
3678
3678
3678
3677
3677
3677
3676
3676
3676
3676
3675
3675
3675
3675
3674
3674
3674
3673
3673
3673
3673
3672
3672
3672
3672
3672
3671
3671
3671
3671
3670
3670
3670
3670
3670
366f
366f
366f
366f
366f
366e
366e
366e
366e
366e
366d
366d
366d
366d
366d
366d
366c
366c
366c
366c
366c
366c
366b
366b
366b
366b
366b
366b
366b
366a
366a
366a
366a
366a
366a
366a
366a
3669
3669
3669
3669
3669
3669
3669
3669
3669
3668
3668
3668
3668
3668
3668
3668
3668
3668
3668
3668
3668
3668
3667
3667
3667
3667
3667
3667
3667
3667
3667
3667
3667
3667
3667
3667
3667
3667
3667
3667
3667
3667
3667
3667
3667
3667
3667
3667
3667
3667
3667
3667
3667
3667
3667
3667
3667
3667
3667
3667
3667
3667
3667
3667
3667
3667
3667
3667
3667
3667
3667
3667
3668
3668
3668
3668
3668
3668
3668
3668
3668
3668
3668
3668
3668
3669
3669
3669
3669
3669
3669
3669
3669
3669
366a
366a
366a
366a
366a
366a
366a
366a
366b
366b
366b
366b
366b
366b
366b
366c
366c
366c
366c
366c
366c
366d
366d
366d
366d
366d
366d
366e
366e
366e
366e
366e
366f
366f
366f
366f
366f
3670
3670
3670
3670
3670
3671
3671
3671
3671
3672
3672
3672
3672
3672
3673
3673
3673
3673
3674
3674
3674
3675
3675
3675
3675
3676
3676
3676
3676
3677
3677
3677
3678
3678
3678
3678
3679
3679
3679
367a
367a
367a
367b
367b
367b
367b
367c
367c
367c
367d
367d
367d
367e
367e
367e
367f
367f
3680
3680
3680
3681
3681
3681
3682
3682
3682
3683
3683
3684
3684
3684
3685
3685
3685
3686
3686
3687
3687
3687
3688
3688
3689
3689
3689
368a
368a
368b
368b
368c
368c
368c
368d
368d
368e
368e
368f
368f
368f
3690
3690
3691
3691
3692
3692
3693
3693
3694
3694
3695
3695
3696
3696
3696
3697
3697
3698
3698
3699
3699
369a
369a
369b
369b
369c
369c
369d
369e
369e
369f
369f
36a0
36a0
36a1
36a1
36a2
36a2
36a3
36a3
36a4
36a4
36a5
36a6
36a6
36a7
36a7
36a8
36a8
36a9
36aa
36aa
36ab
36ab
36ac
36ac
36ad
36ae
36ae
36af
36af
36b0
36b1
36b1
36b2
36b2
36b3
36b4
36b4
36b5
36b5
36b6
36b7
36b7
36b8
36b9
36b9
36ba
36ba
36bb
36bc
36bc
36bd
36be
36be
36bf
36c0
36c0
36c1
36c2
36c2
36c3
36c4
36c4
36c5
36c6
36c6
36c7
36c8
36c8
36c9
36ca
36cb
36cb
36cc
36cd
36cd
36ce
36cf
36cf
36d0
36d1
36d2
36d2
36d3
36d4
36d5
36d5
36d6
36d7
36d7
36d8
36d9
36da
36da
36db
36dc
36dd
36dd
36de
36df
36e0
36e1
36e1
36e2
36e3
36e4
36e4
36e5
36e6
36e7
36e8
36e8
36e9
36ea
36eb
36eb
36ec
36ed
36ee
36ef
36f0
36f0
36f1
36f2
36f3
36f4
36f4
36f5
36f6
36f7
36f8
36f9
36f9
36fa
36fb
36fc
36fd
36fe
36ff
36ff
3700
3701
3702
3703
3704
3705
3705
3706
3707
3708
3709
370a
370b
370c
370d
370d
370e
370f
3710
3711
3712
3713
3714
3715
3716
3716
3717
3718
3719
371a
371b
371c
371d
371e
371f
3720
3721
3722
3723
3724
3724
3725
3726
3727
3728
3729
372a
372b
372c
372d
372e
372f
3730
3731
3732
3733
3734
3735
3736
3737
3738
3739
373a
373b
373c
373d
373e
373f
3740
3741
3742
3743
3744
3745
3746
3747
3748
3749
374a
374b
374c
374d
374e
3750
3751
3752
3753
3754
3755
3756
3757
3758
3759
375a
375b
375c
375d
375e
3760
3761
3762
3763
3764
3765
3766
3767
3768
3769
376a
376c
376d
376e
376f
3770
3771
3772
3773
3774
3776
3777
3778
3779
377a
377b
377c
377e
377f
3780
3781
3782
3783
3784
3786
3787
3788
3789
378a
378b
378d
378e
378f
3790
3791
3792
3794
3795
3796
3797
3798
379a
379b
379c
379d
379e
37a0
37a1
37a2
37a3
37a4
37a6
37a7
37a8
37a9
37ab
37ac
37ad
37ae
37b0
37b1
37b2
37b3
37b4
37b6
37b7
37b8
37b9
37bb
37bc
37bd
37be
37c0
37c1
37c2
37c4
37c5
37c6
37c7
37c9
37ca
37cb
37cc
37ce
37cf
37d0
37d2
37d3
37d4
37d6
37d7
37d8
37d9
37db
37dc
37dd
37df
37e0
37e1
37e3
37e4
37e5
37e7
37e8
37e9
37eb
37ec
37ed
37ef
37f0
37f1
37f3
37f4
37f5
37f7
37f8
37f9
37fb
37fc
37fd
37ff
3800
3801
3803
3804
3806
3807
3808
380a
380b
380c
380e
380f
3811
3812
3813
3815
3816
3818
3819
381a
381c
381d
381f
3820
3821
3823
3824
3826
3827
3829
382a
382b
382d
382e
3830
3831
3833
3834
3835
3837
3838
383a
383b
383d
383e
3840
3841
3843
3844
3845
3847
3848
384a
384b
384d
384e
3850
3851
3853
3854
3856
3857
3859
385a
385c
385d
385f
3860
3862
3863
3865
3866
3868
3869
386b
386c
386e
386f
3871
3872
3874
3875
3877
3878
387a
387c
387d
387f
3880
3882
3883
3885
3886
3888
3889
388b
388d
388e
3890
3891
3893
3894
3896
3897
3899
389b
389c
389e
389f
38a1
38a3
38a4
38a6
38a7
38a9
38aa
38ac
38ae
38af
38b1
38b2
38b4
38b6
38b7
38b9
38ba
38bc
38be
38bf
38c1
38c3
38c4
38c6
38c7
38c9
38cb
38cc
38ce
38d0
38d1
38d3
38d5
38d6
38d8
38d9
38db
38dd
38de
38e0
38e2
38e3
38e5
38e7
38e8
38ea
38ec
38ed
38ef
38f1
38f2
38f4
38f6
38f7
38f9
38fb
38fc
38fe
3900
3902
3903
3905
3907
3908
390a
390c
390d
390f
3911
3913
3914
3916
3918
3919
391b
391d
391f
3920
3922
3924
3925
3927
3929
392b
392c
392e
3930
3932
3933
3935
3937
3939
393a
393c
393e
3940
3941
3943
3945
3947
3948
394a
394c
394e
394f
3951
3953
3955
3957
3958
395a
395c
395e
3960
3961
3963
3965
3967
3968
396a
396c
396e
3970
3971
3973
3975
3977
3979
397b
397c
397e
3980
3982
3984
3985
3987
3989
398b
398d
398f
3990
3992
3994
3996
3998
399a
399b
399d
399f
39a1
39a3
39a5
39a6
39a8
39aa
39ac
39ae
39b0
39b2
39b4
39b5
39b7
39b9
39bb
39bd
39bf
39c1
39c2
39c4
39c6
39c8
39ca
39cc
39ce
39d0
39d2
39d3
39d5
39d7
39d9
39db
39dd
39df
39e1
39e3
39e5
39e6
39e8
39ea
39ec
39ee
39f0
39f2
39f4
39f6
39f8
39fa
39fb
39fd
39ff
3a01
3a03
3a05
3a07
3a09
3a0b
3a0d
3a0f
3a11
3a13
3a15
3a17
3a19
3a1a
3a1c
3a1e
3a20
3a22
3a24
3a26
3a28
3a2a
3a2c
3a2e
3a30
3a32
3a34
3a36
3a38
3a3a
3a3c
3a3e
3a40
3a42
3a44
3a46
3a48
3a4a
3a4c
3a4e
3a50
3a52
3a54
3a56
3a58
3a5a
3a5c
3a5e
3a60
3a62
3a64
3a66
3a68
3a6a
3a6c
3a6e
3a70
3a72
3a74
3a76
3a78
3a7a
3a7c
3a7e
3a80
3a82
3a84
3a86
3a88
3a8a
3a8c
3a8e
3a90
3a92
3a94
3a96
3a98
3a9a
3a9c
3a9e
3aa0
3aa2
3aa5
3aa7
3aa9
3aab
3aad
3aaf
3ab1
3ab3
3ab5
3ab7
3ab9
3abb
3abd
3abf
3ac1
3ac3
3ac5
3ac8
3aca
3acc
3ace
3ad0
3ad2
3ad4
3ad6
3ad8
3ada
3adc
3ade
3ae1
3ae3
3ae5
3ae7
3ae9
3aeb
3aed
3aef
3af1
3af3
3af5
3af8
3afa
3afc
3afe
3b00
3b02
3b04
3b06
3b08
3b0b
3b0d
3b0f
3b11
3b13
3b15
3b17
3b19
3b1c
3b1e
3b20
3b22
3b24
3b26
3b28
3b2a
3b2d
3b2f
3b31
3b33
3b35
3b37
3b39
3b3c
3b3e
3b40
3b42
3b44
3b46
3b48
3b4b
3b4d
3b4f
3b51
3b53
3b55
3b58
3b5a
3b5c
3b5e
3b60
3b62
3b65
3b67
3b69
3b6b
3b6d
3b6f
3b72
3b74
3b76
3b78
3b7a
3b7c
3b7f
3b81
3b83
3b85
3b87
3b8a
3b8c
3b8e
3b90
3b92
3b94
3b97
3b99
3b9b
3b9d
3b9f
3ba2
3ba4
3ba6
3ba8
3baa
3bad
3baf
3bb1
3bb3
3bb6
3bb8
3bba
3bbc
3bbe
3bc1
3bc3
3bc5
3bc7
3bc9
3bcc
3bce
3bd0
3bd2
3bd5
3bd7
3bd9
3bdb
3bdd
3be0
3be2
3be4
3be6
3be9
3beb
3bed
3bef
3bf2
3bf4
3bf6
3bf8
3bfb
3bfd
3bff
3c01
3c04
3c06
3c08
3c0a
3c0d
3c0f
3c11
3c13
3c16
3c18
3c1a
3c1c
3c1f
3c21
3c23
3c25
3c28
3c2a
3c2c
3c2e
3c31
3c33
3c35
3c37
3c3a
3c3c
3c3e
3c41
3c43
3c45
3c47
3c4a
3c4c
3c4e
3c50
3c53
3c55
3c57
3c5a
3c5c
3c5e
3c60
3c63
3c65
3c67
3c6a
3c6c
3c6e
3c71
3c73
3c75
3c77
3c7a
3c7c
3c7e
3c81
3c83
3c85
3c88
3c8a
3c8c
3c8e
3c91
3c93
3c95
3c98
3c9a
3c9c
3c9f
3ca1
3ca3
3ca6
3ca8
3caa
3cac
3caf
3cb1
3cb3
3cb6
3cb8
3cba
3cbd
3cbf
3cc1
3cc4
3cc6
3cc8
3ccb
3ccd
3ccf
3cd2
3cd4
3cd6
3cd9
3cdb
3cdd
3ce0
3ce2
3ce4
3ce7
3ce9
3ceb
3cee
3cf0
3cf2
3cf5
3cf7
3cf9
3cfc
3cfe
3d00
3d03
3d05
3d07
3d0a
3d0c
3d0f
3d11
3d13
3d16
3d18
3d1a
3d1d
3d1f
3d21
3d24
3d26
3d28
3d2b
3d2d
3d30
3d32
3d34
3d37
3d39
3d3b
3d3e
3d40
3d42
3d45
3d47
3d4a
3d4c
3d4e
3d51
3d53
3d55
3d58
3d5a
3d5d
3d5f
3d61
3d64
3d66
3d68
3d6b
3d6d
3d70
3d72
3d74
3d77
3d79
3d7b
3d7e
3d80
3d83
3d85
3d87
3d8a
3d8c
3d8f
3d91
3d93
3d96
3d98
3d9b
3d9d
3d9f
3da2
3da4
3da6
3da9
3dab
3dae
3db0
3db2
3db5
3db7
3dba
3dbc
3dbe
3dc1
3dc3
3dc6
3dc8
3dca
3dcd
3dcf
3dd2
3dd4
3dd6
3dd9
3ddb
3dde
3de0
3de3
3de5
3de7
3dea
3dec
3def
3df1
3df3
3df6
3df8
3dfb
3dfd
3dff
3e02
3e04
3e07
3e09
3e0c
3e0e
3e10
3e13
3e15
3e18
3e1a
3e1d
3e1f
3e21
3e24
3e26
3e29
3e2b
3e2d
3e30
3e32
3e35
3e37
3e3a
3e3c
3e3e
3e41
3e43
3e46
3e48
3e4b
3e4d
3e4f
3e52
3e54
3e57
3e59
3e5c
3e5e
3e61
3e63
3e65
3e68
3e6a
3e6d
3e6f
3e72
3e74
3e76
3e79
3e7b
3e7e
3e80
3e83
3e85
3e88
3e8a
3e8c
3e8f
3e91
3e94
3e96
3e99
3e9b
3e9e
3ea0
3ea2
3ea5
3ea7
3eaa
3eac
3eaf
3eb1
3eb4
3eb6
3eb8
3ebb
3ebd
3ec0
3ec2
3ec5
3ec7
3eca
3ecc
3ece
3ed1
3ed3
3ed6
3ed8
3edb
3edd
3ee0
3ee2
3ee5
3ee7
3ee9
3eec
3eee
3ef1
3ef3
3ef6
3ef8
3efb
3efd
3f00
3f02
3f04
3f07
3f09
3f0c
3f0e
3f11
3f13
3f16
3f18
3f1b
3f1d
3f20
3f22
3f24
3f27
3f29
3f2c
3f2e
3f31
3f33
3f36
3f38
3f3b
3f3d
3f40
3f42
3f44
3f47
3f49
3f4c
3f4e
3f51
3f53
3f56
3f58
3f5b
3f5d
3f60
3f62
3f64
3f67
3f69
3f6c
3f6e
3f71
3f73
3f76
3f78
3f7b
3f7d
3f80
3f82
3f85
3f87
3f89
3f8c
3f8e
3f91
3f93
3f96
3f98
3f9b
3f9d
3fa0
3fa2
3fa5
3fa7
3faa
3fac
3fae
3fb1
3fb3
3fb6
3fb8
3fbb
3fbd
3fc0
3fc2
3fc5
3fc7
3fca
3fcc
3fcf
3fd1
3fd4
3fd6
3fd8
3fdb
3fdd
3fe0
3fe2
3fe5
3fe7
3fea
3fec
3fef
3ff1
3ff4
3ff6
3ff9
3ffb
3ffe
